business_acctnum,dba_name,ownership_type,address,city,state,zip,naics,activity_desc,industry_group,definition,full_address,matched_address,geocode_score,longitude,latitude
2021003855,098 ENTERPRISES,CORP,3412 LITTLE FLOWER ST ,SAN DIEGO,CA,92104-5225,422,"WHOLESALE TRADE, NONDURABLE GOODS",Wholesale Trade,Core,"3412 LITTLE FLOWER ST , SAN DIEGO, CA 92104-5225","2038 Corte del Nogal, Suite 134, Carlsbad, California, 92011",100.0,-117.279002413749,33.118762156516
1998011168,1 SPIRIT,CORP,3830 VALLEY CENTRE DR 705-903 ,SAN DIEGO,CA,92130-3320,42282,WINE & DISTILLED ALCOHOLIC BEVERAGE WHSLE,Wholesale Trade,Core,"3830 VALLEY CENTRE DR 705-903 , SAN DIEGO, CA 92130-3320","10792 Roselle St, San Diego, California, 92121",100.0,-117.222966541174,32.899788288819
2003009618,1-800-GOTJUNK OF SAN DIEGO,LLC,2038 CORTE DEL NOGAL 134 ,CARLSBAD,CA,92011-1478,488999,ALL OTHER TRANSPORTATION SUPPORT ACTIVITIES,Transportation and Warehousing,Core,"2038 CORTE DEL NOGAL 134 , CARLSBAD, CA 92011-1478","3412 Little Flower St, San Diego, California, 92104",100.0,-117.119854212329,32.736866931774
2012005140,100% SPEEDLAB LLC,LLC,10792 ROSELLE ST ,SAN DIEGO,CA,92121-1508,42231,"PIECE GOODS, NOTIONS & OTHER DRY GOODS WHSLE",Wholesale Trade,Core,"10792 ROSELLE ST , SAN DIEGO, CA 92121-1508","3518 Barnett Ave, San Diego, California, 92110",100.0,-117.198322907648,32.745301934306
2018011496,102 SCONE CO.,SOLE,4130 LA JOLLA VILLAGE DR 102 ,LA JOLLA,CA,92037-1480,311811,RETAIL BAKERIES,Manufacturing,Core,"4130 LA JOLLA VILLAGE DR 102 , LA JOLLA, CA 92037-1480","3830 Valley Centre Dr, Suite 705, San Diego, California, 92130",100.0,-117.23064377775,32.937931941328
1993003503,1127 OPAL INC,CORP,3518 BARNETT AVE ,SAN DIEGO,CA,92110-3208,421,"WHOLESALE TRADE, DURABLE GOODS",Wholesale Trade,Core,"3518 BARNETT AVE , SAN DIEGO, CA 92110-3208","4019 Van Dyke Ave, San Diego, California, 92105",100.0,-117.103198700167,32.750117044314
2023009107,1ST COAST CARGO INC,SCORP,7715 PASEO DE LA FUENTE NORTH 100 ,SAN DIEGO,CA,92154-5733,4885,FREIGHT TRANSPORTATION ARRANGEMENT,Transportation and Warehousing,Core,"7715 PASEO DE LA FUENTE NORTH 100 , SAN DIEGO, CA 92154-5733","8898 Trailridge Ave, Santee, California, 92071",100.0,-117.011456674436,32.858254449842
2017006082,24 7 LOCKOUT ROADSIDE ASSISTANCE,SOLE,4019 VAN DYKE AVE ,SAN DIEGO,CA,92105-1514,4884,ROAD TRANSPORTATION SUPPORT ACTIVITIES,Transportation and Warehousing,Core,"4019 VAN DYKE AVE , SAN DIEGO, CA 92105-1514","4130 La Jolla Village Dr, La Jolla, California, 92037",99.27,-117.21765333657,32.871867205422
2012031177,24-7 MOVING & STORAGE INC,CORP,8898 TRAILRIDGE AVE ,SANTEE,CA,92071-2052,48421,USED HOUSEHOLD & OFFICE GOODS MOVING,Transportation and Warehousing,Core,"8898 TRAILRIDGE AVE , SANTEE, CA 92071-2052","7590 Britannia Ct, Suite B, San Diego, California, 92154",100.0,-116.977439139493,32.548779580998
2022000631,26 LOGISTICS,LLC,7590 BRITANNIA CT B ,SAN DIEGO,CA,92154-7400,315,APPAREL MANUFACTURING,Manufacturing,Core,"7590 BRITANNIA CT B , SAN DIEGO, CA 92154-7400","524 W Calle Primera, Suite 1007, San Ysidro, California, 92173",100.0,-117.054665552943,32.554807426666
2013065747,3B DISTRIBUTORS,CORP,524 W CALLE PRIMERA 1007 ,SAN YSIDRO,CA,92173-2836,42172,PLUMBING & HEATING EQUIPMENT & SUPPLIES WHSLE,Wholesale Trade,Core,"524 W CALLE PRIMERA 1007 , SAN YSIDRO, CA 92173-2836","4231 Balboa Ave, San Diego, California, 92117",100.0,-117.199933322705,32.811647086782
2022006860,3PL ENTERPRISES INC,SCORP,4231 BALBOA AVE ,SAN DIEGO,CA,92117-5504,4841,GENERAL FREIGHT TRUCKING,Transportation and Warehousing,Core,"4231 BALBOA AVE , SAN DIEGO, CA 92117-5504","7905 Silverton Ave, Suite 117, San Diego, California, 92126",100.0,-117.151839806303,32.890854898324
2019000233,3V TRANSPORT LLC,LLC,2455 OTAY CENTER DR 117 PMB 470 ,SAN DIEGO,CA,92154-7699,488,TRANSPORTATION SUPPORT ACTIVITIES,Transportation and Warehousing,Core,"2455 OTAY CENTER DR 117 PMB 470 , SAN DIEGO, CA 92154-7699","7715 Paseo de la Fuente, San Diego, California, 92154",96.29,-116.910853635944,32.563019847759
2023006766,4A BIOTECH INC,CORP,7905 SILVERTON AVE 117 ,SAN DIEGO,CA,92126-6346,4229,MISCELLANEOUS NONDURABLE GOODS WHSLE,Wholesale Trade,Core,"7905 SILVERTON AVE 117 , SAN DIEGO, CA 92126-6346","531 Encinitas Blvd, Suite 201, Encinitas, California, 92024",100.0,-117.279274406507,33.046017420965
2025008998,4A'S ALVARADO TORTILLAS DISTRIBUTION,SOLE,736 S 37TH ST ,SAN DIEGO,CA,92113-2804,422,"WHOLESALE TRADE, NONDURABLE GOODS",Wholesale Trade,Core,"736 S 37TH ST , SAN DIEGO, CA 92113-2804","736 S 37th St, San Diego, California, 92113",100.0,-117.114667071549,32.698295886022
2013053134,4SCREENPRINTING.COM LLC,LLC,531 ENCINITAS BLVD 201 ,ENCINITAS,CA,92024-3773,323113,COMMERCIAL SCREEN PRINTING,Manufacturing,Core,"531 ENCINITAS BLVD 201 , ENCINITAS, CA 92024-3773","1278 Alta Vista Dr, Vista, California, 92084",100.0,-117.223752009321,33.207321531702
2025008625,5 OF HEARTS,LLC,1278 ALTA VISTA DR ,VISTA,CA,92084-5647,311,FOOD MFG,Manufacturing,Core,"1278 ALTA VISTA DR , VISTA, CA 92084-5647","2455 Otay Center Dr, Suite 117, San Diego, California, 92154",98.0,-116.942697827212,32.555020327007
2019025940,664 TIRE  & SERVICE,SOLE,3601 STOCKMAN ST ,NATIONAL CITY,CA,91950-8142,48899,OTHER TRANSPORTATION SUPPORT ACTIVITIES,Transportation and Warehousing,Core,"3601 STOCKMAN ST , NATIONAL CITY, CA 91950-8142","4252 Mancilla Ct, San Diego, California, 92130",100.0,-117.222506542328,32.944530971788
2002001205,7 SUMMITS SPORTS INC,CORP,4252 MANCILLA CT ,SAN DIEGO,CA,92130-2203,421,"WHOLESALE TRADE, DURABLE GOODS",Wholesale Trade,Core,"4252 MANCILLA CT , SAN DIEGO, CA 92130-2203","3601 Stockman St, National City, California, 91950",100.0,-117.060637575137,32.662627954345
2025008635,84 LUMBER,LP,2660 CACTUS RD ,SAN DIEGO,CA,92154-8022,42131,"LUMBER, PLYWOOD, MILLWORK & WOOD PANEL WHSLE",Wholesale Trade,Core,"2660 CACTUS RD , SAN DIEGO, CA 92154-8022","2660 Cactus Rd, San Diego, California, 92154",100.0,-116.988444997458,32.549780296418
2023004229,858AERO INC,SCORP,7925 SILVERTON AVE 509 ,SAN DIEGO,CA,92126-6350,421,"WHOLESALE TRADE, DURABLE GOODS",Wholesale Trade,Core,"7925 SILVERTON AVE 509 , SAN DIEGO, CA 92126-6350","7925 Silverton Ave, Suite 509, San Diego, California, 92126",100.0,-117.150889717578,32.890839727079
2015017535,887 LLC,LLC,604 GRAVILLA ST ,LA JOLLA,CA,92037-6134,421,"WHOLESALE TRADE, DURABLE GOODS",Wholesale Trade,Core,"604 GRAVILLA ST , LA JOLLA, CA 92037-6134","604 Gravilla St, La Jolla, California, 92037",100.0,-117.27450166702,32.82952878756
2003015541,A & A ,SOLE,2314 GROVE VIEW RD ,SAN DIEGO,CA,92139-3940,81131,COMMERCIAL EQUIPMENT (EXC AUTO & ELEC) R&M,Industrial Machinery Repair,Core,"2314 GROVE VIEW RD , SAN DIEGO, CA 92139-3940","6029 Fairmount Ave, San Diego, California, 92120",100.0,-117.101504214621,32.784042881235
1998006699,A & B CORE SUPPLY CO,CORP,2866 COMMERCIAL ST ,SAN DIEGO,CA,92113-1327,4211,MOTOR VEHICLE/MOTOR VEHICLE PT & SUPPLY WHSLE,Wholesale Trade,Core,"2866 COMMERCIAL ST , SAN DIEGO, CA 92113-1327","2866 Commercial St, San Diego, California, 92113",100.0,-117.132535193643,32.705431777381
2023006210,A & D TOWING,SOLE,6029 FAIRMOUNT AVE ,SAN DIEGO,CA,92120-4013,488,TRANSPORTATION SUPPORT ACTIVITIES,Transportation and Warehousing,Core,"6029 FAIRMOUNT AVE , SAN DIEGO, CA 92120-4013","2365 Via Segundo, San Ysidro, California, 92173",100.0,-117.052987495927,32.552929628898
1981009485,A & E TEXTILE RECOVERY INC,CORP,2365 VIA SEGUNDO ,SAN YSIDRO,CA,92173-2815,313,TEXTILE MILLS,Manufacturing,Core,"2365 VIA SEGUNDO , SAN YSIDRO, CA 92173-2815","2314 Grove View Rd, San Diego, California, 92139",100.0,-117.033752285425,32.686567591823
2008019946,A 1 PLASTICS,CORP,618 W BRADLEY AVE ,EL CAJON,CA,92020-1214,339999,ALL OTHER MISCELLANEOUS MFG,Manufacturing,Core,"618 W BRADLEY AVE , EL CAJON, CA 92020-1214","618 W Bradley Ave, El Cajon, California, 92020",100.0,-116.969855864053,32.817262333267
2015040453,A B SAW & LAWNMOWER SHOP,SOLE,10830 HESS DR ,LA MESA,CA,91941,81131,COMMERCIAL EQUIPMENT (EXC AUTO & ELEC) R&M,Industrial Machinery Repair,Core,"10830 HESS DR , LA MESA, CA 91941","928 Fort Stockton Dr, Suite 209, San Diego, California, 92103",100.0,-117.171942208508,32.750907206326
2023007871,A BAR IS BORN,SOLE,6443 BELL BLUFF AVE 6443 ,SAN DIEGO,CA,92119-1032,325611,SOAP & OTHER DETERGENT MFG,Manufacturing,Core,"6443 BELL BLUFF AVE 6443 , SAN DIEGO, CA 92119-1032","10830 Hess Dr, La Mesa, California, 91941",100.0,-116.962952528597,32.767649387367
2022003273,A DESIGNED SPACE,SOLE,928 FORT STOCKTON DR 209 ,SAN DIEGO,CA,92103-1893,422,"WHOLESALE TRADE, NONDURABLE GOODS",Wholesale Trade,Core,"928 FORT STOCKTON DR 209 , SAN DIEGO, CA 92103-1893","7888 Silverton Ave, Suite H, San Diego, California, 92126",100.0,-117.151534369752,32.890904854467
2024001767,A E W TRANSPORTATION,SCORP,10325 CHANNEL RD ,LAKESIDE,CA,92040-1707,484,TRUCK TRANSPORTATION,Transportation and Warehousing,Core,"10325 CHANNEL RD , LAKESIDE, CA 92040-1707","6443 Bell Bluff Ave, San Diego, California, 92119",98.97,-117.057551106931,32.816568730779
2003016827,A P MACHINE TECHNOLOGY INC,CORP,7888 SILVERTON AVE H ,SAN DIEGO,CA,92126-6309,33271,MACHINE SHOPS,Manufacturing,Core,"7888 SILVERTON AVE H , SAN DIEGO, CA 92126-6309","10325 Channel Rd, Lakeside, California, 92040",100.0,-116.926877068787,32.864267417632
2023005836,A PENAS TRUCKING INC,CORP,2455 OTAY CENTER DR 116-P ,SAN DIEGO,CA,92154-7629,484,TRUCK TRANSPORTATION,Transportation and Warehousing,Core,"2455 OTAY CENTER DR 116-P , SAN DIEGO, CA 92154-7629","2455 Otay Center Dr, Suite 116, San Diego, California, 92154",100.0,-116.942697827212,32.555020327007
2023014546,A SMART MOVE LLC,LLC,3525 DEL MAR HEIGHTS RD 21 ,SAN DIEGO,CA,92130-2199,48421,USED HOUSEHOLD & OFFICE GOODS MOVING,Transportation and Warehousing,Core,"3525 DEL MAR HEIGHTS RD 21 , SAN DIEGO, CA 92130-2199","3995 Catamarca Dr, San Diego, California, 92124",100.0,-117.090612266721,32.817085726567
2005015246,A TO Z LIQUIDATORS INC,CORP,1590 CONTINENTAL ST 117 ,SAN DIEGO,CA,92154-5730,421,"WHOLESALE TRADE, DURABLE GOODS",Wholesale Trade,Core,"1590 CONTINENTAL ST 117 , SAN DIEGO, CA 92154-5730","1590 Continental St, San Diego, California, 92154",99.23,-116.987481832964,32.574882461957
2001005176,A WAY MOTOR,SOLE,6521 OAKRIDGE RD ,SAN DIEGO,CA,92120-2153,4211,MOTOR VEHICLE/MOTOR VEHICLE PT & SUPPLY WHSLE,Wholesale Trade,Core,"6521 OAKRIDGE RD , SAN DIEGO, CA 92120-2153","3525 Del Mar Heights Rd, Suite 21, San Diego, California, 92130",100.0,-117.230949884854,32.954947120954
2023003063,A&A CREATIVE PRODUCTS,SOLE,3995 CATAMARCA DR ,SAN DIEGO,CA,92124-3405,3231,PRINTING & RELATED SUPPORT ACTIVITIES,Manufacturing,Core,"3995 CATAMARCA DR , SAN DIEGO, CA 92124-3405","25178 Avenida Valencia, Homeland, California, 92548",100.0,-117.133665241829,33.755238118468
2020016932,A&F HAULING,SOLE,25178 AVENIDA VALENCIA ,HOMELAND,CA,92548-9745,48421,USED HOUSEHOLD & OFFICE GOODS MOVING,Transportation and Warehousing,Core,"25178 AVENIDA VALENCIA , HOMELAND, CA 92548-9745","6521 Oakridge Rd, San Diego, California, 92120",100.0,-117.054496238499,32.801170336456
2021000656,A&G TRUCKING GROUP INC,CORP,2344 AVENIDA COSTA DEL SOL ,SAN DIEGO,CA,92154-6268,4841,GENERAL FREIGHT TRUCKING,Transportation and Warehousing,Core,"2344 AVENIDA COSTA DEL SOL , SAN DIEGO, CA 92154-6268","2344 Avenida Costa del Sol, San Diego, California, 92154",100.0,-116.9604747542,32.555726753807
2003013170,A-1 ALLOYS INC,CORP,3330 BEYER BLVD F ,SAN YSIDRO,CA,92173-1351,421,"WHOLESALE TRADE, DURABLE GOODS",Wholesale Trade,Core,"3330 BEYER BLVD F , SAN YSIDRO, CA 92173-1351","3330 Beyer Blvd, Suite F, San Ysidro, California, 92173",100.0,-117.061584730196,32.566497834663
2003016995,A-1 AUTO MOTORS FOR YOU,CORP,1625 OTAY MESA CENTER RD A ,SAN DIEGO,CA,92154-8222,42111,AUTOMOBILE & OTHER MOTOR VEHICLE WHSLE,Wholesale Trade,Core,"1625 OTAY MESA CENTER RD A , SAN DIEGO, CA 92154-8222","3911 Pacific Hwy, San Diego, California, 92110",100.0,-117.187741593079,32.742130347873
1984015577,A-1 SELF STORAGE,SOLE,4680 ALVARADO CANYON RD ,SAN DIEGO,CA,92120-4304,4931,WAREHOUSING & STORAGE,Transportation and Warehousing,Core,"4680 ALVARADO CANYON RD , SAN DIEGO, CA 92120-4304","4680 Alvarado Canyon Rd, San Diego, California, 92120",100.0,-117.093277544292,32.780756839915
2007002533,A-1 SELF STORAGE,PARTNR,2245 HOTEL CIRCLE SOUTH ,SAN DIEGO,CA,92108-3315,4931,WAREHOUSING & STORAGE,Transportation and Warehousing,Core,"2245 HOTEL CIRCLE SOUTH , SAN DIEGO, CA 92108-3315","2245 Hotel Cir S, San Diego, California, 92108",100.0,-117.184064619795,32.759188568573
2007002531,A-1 STORAGE,PARTNR,3911 PACIFIC HWY ,SAN DIEGO,CA,92110-2023,4931,WAREHOUSING & STORAGE,Transportation and Warehousing,Core,"3911 PACIFIC HWY , SAN DIEGO, CA 92110-2023","1625 Otay Mesa Center Rd, San Diego, California, 92154",100.0,-116.966647690612,32.566420134421
2017012528,A-LOGISTICS & TRADING CORPORATION,CORP,9731 SIEMPRE VIVA RD 200 ,SAN DIEGO,CA,92154-7218,4841,GENERAL FREIGHT TRUCKING,Transportation and Warehousing,Core,"9731 SIEMPRE VIVA RD 200 , SAN DIEGO, CA 92154-7218","9731 Siempre Viva Rd, Suite 200, San Diego, California, 92154",100.0,-116.935426107112,32.556727385408
2025011339,A-PLUS PLASTICS,SOLE,892 SAINT GEORGE PL ,SPRING VALLEY,CA,91977-4851,326,PLASTICS & RUBBER PRODUCTS MFG,Manufacturing,Core,"892 SAINT GEORGE PL , SPRING VALLEY, CA 91977-4851","8491 Lower Scarborough Ct, San Diego, California, 92127",99.32,-117.143202506538,33.009442232088
2026000638,A-Z GALORE DISTRIBUTION,SOLE,8491 LOWER SCARBOROUGH CT 888 ,SAN DIEGO,CA,92127-6119,42248,FRESH FRUIT & VEGETABLE WHSLE,Wholesale Trade,Core,"8491 LOWER SCARBOROUGH CT 888 , SAN DIEGO, CA 92127-6119","892 Saint George Pl, Spring Valley, California, 91977",100.0,-117.008503646128,32.711967943568
2014037665,A1 DENTAL LAB ,CORP,6314 UNIVERSITY AVE ,SAN DIEGO,CA,92115-5813,339116,DENTAL LABORATORIES,Manufacturing,Core,"6314 UNIVERSITY AVE , SAN DIEGO, CA 92115-5813","6314 University Ave, San Diego, California, 92115",100.0,-117.059641302125,32.7543150367
2020017119,AA CONSULTING LLC,LLC,6530 REFLECTION DR 2463 ,SAN DIEGO,CA,92124-5132,4219,MISCELLANEOUS DURABLE GOODS WHSLE,Wholesale Trade,Core,"6530 REFLECTION DR 2463 , SAN DIEGO, CA 92124-5132","8383 Clairemont Mesa Blvd, San Diego, California, 92111",100.0,-117.144226691287,32.832741822504
1994003485,AAA ALLIANCE SELF STORAGE,LP,8383 CLAIREMONT MESA BLVD ,SAN DIEGO,CA,92111-1301,4931,WAREHOUSING & STORAGE,Transportation and Warehousing,Core,"8383 CLAIREMONT MESA BLVD , SAN DIEGO, CA 92111-1301","8305 Vickers St, Suite 106, San Diego, California, 92111",100.0,-117.146995820639,32.827257668985
2019013663,AAA MEDICAL SUPPLY,CORP,8305 VICKERS ST 106 ,SAN DIEGO,CA,92111-2111,42145,MEDICAL/DENTAL/HOSPITAL EQUIP & SUPP WHSLE,Wholesale Trade,Core,"8305 VICKERS ST 106 , SAN DIEGO, CA 92111-2111","6530 Reflection Dr, San Diego, California, 92124",98.97,-117.109324781741,32.791336100917
1993000142,AARDVARK SELF STORAGE A,SOLE,4490 MURPHY CANYON RD ,SAN DIEGO,CA,92123-4316,4931,WAREHOUSING & STORAGE,Transportation and Warehousing,Core,"4490 MURPHY CANYON RD , SAN DIEGO, CA 92123-4316","4490 Murphy Canyon Rd, San Diego, California, 92123",100.0,-117.119094811901,32.823715141427
2003023758,AARON MOVING,SOLE,8782 MOUNT ISRAEL RD ,ESCONDIDO,CA,92029-8001,48421,USED HOUSEHOLD & OFFICE GOODS MOVING,Transportation and Warehousing,Core,"8782 MOUNT ISRAEL RD , ESCONDIDO, CA 92029-8001","8782 Mount Israel Rd, Escondido, California, 92029",100.0,-117.137970522576,33.061023165035
2025023665,AARONS 3D PRINTS SD,SOLE,6879 CAMINITO MONTANOSO 20 ,SAN DIEGO,CA,92119-2346,3231,PRINTING & RELATED SUPPORT ACTIVITIES,Manufacturing,Core,"6879 CAMINITO MONTANOSO 20 , SAN DIEGO, CA 92119-2346","4370 Palm Ave, Suite D, San Diego, California, 92154",100.0,-117.039160121716,32.58377100927
2026002865,ABA TRANSPORTATION LLC,LLC,4370 PALM AVE D-338 ,SAN DIEGO,CA,92154-1760,4841,GENERAL FREIGHT TRUCKING,Transportation and Warehousing,Core,"4370 PALM AVE D-338 , SAN DIEGO, CA 92154-1760","6879 Caminito Montanoso, Unit 20, San Diego, California, 92119",100.0,-117.040079951771,32.802996166424
2022006832,ABACUS SEA LLC,LLC,5580 LA JOLLA BLVD 158 ,LA JOLLA,CA,92037-7651,42149,OTH PROFESSIONAL EQUIPMENT & SUPPLIES WHSLE,Wholesale Trade,Core,"5580 LA JOLLA BLVD 158 , LA JOLLA, CA 92037-7651","5580 La Jolla Blvd, La Jolla, California, 92037",99.17,-117.269427262838,32.813590472943
1983008515,ABAMEX LTD,CORP,10050 VIA DE LA AMISTAD 2452 ,SAN DIEGO,CA,92154-7248,42199,OTHER MISCELLANEOUS DURABLE GOODS WHSLE,Wholesale Trade,Core,"10050 VIA DE LA AMISTAD 2452 , SAN DIEGO, CA 92154-7248","10050 Via de la Amistad, Suite 2452, San Diego, California, 92154",100.0,-116.929250069395,32.552798158747
2009028750,ABATIX CORP,CORP,6490 MARINDUSTRY DR E ,SAN DIEGO,CA,92121-2563,42199,OTHER MISCELLANEOUS DURABLE GOODS WHSLE,Wholesale Trade,Core,"6490 MARINDUSTRY DR E , SAN DIEGO, CA 92121-2563","1330 Marline Ave, El Cajon, California, 92021",100.0,-116.933933373976,32.805219005237
2025017194,ABC FIRE INC,CORP,1029 PASEO DEL OCASO W ,CALEXICO,CA,92231-4517,4218,"MACHINERY, EQUIPMENT & SUPPLIES WHSLE",Wholesale Trade,Core,"1029 PASEO DEL OCASO W , CALEXICO, CA 92231-4517","1029 Paseo del Ocaso, Calexico, California, 92231",98.87,-115.485420476406,32.699531630007
2021007429,ABC IMAGING OF WASHINGTON INC,CORP,2102 HANCOCK ST ,SAN DIEGO,CA,92110-2011,3231,PRINTING & RELATED SUPPORT ACTIVITIES,Manufacturing,Core,"2102 HANCOCK ST , SAN DIEGO, CA 92110-2011","2102 Hancock St, San Diego, California, 92110",100.0,-117.1897447003,32.745024241854
2023000489,ABC TRANSPORT LLC,LLC,1330 MARLINE AVE ,EL CAJON,CA,92021-5821,48422,"SPECIALIZED FRGT (EXC USED) TRUCKING, LOCAL",Transportation and Warehousing,Core,"1330 MARLINE AVE , EL CAJON, CA 92021-5821","6490 Marindustry Dr, San Diego, California, 92121",98.87,-117.177040836391,32.881383892559
2024008951,ABEID AUTOMOTIVE OIL SUPPLY,SOLE,12110 GAY RIO WAY ,LAKESIDE,CA,92040-4958,4211,MOTOR VEHICLE/MOTOR VEHICLE PT & SUPPLY WHSLE,Wholesale Trade,Core,"12110 GAY RIO WAY , LAKESIDE, CA 92040-4958","9853 Pacific Heights Blvd, Suite D, San Diego, California, 92121",100.0,-117.188799053984,32.899334827857
2015033597,ABEOMICS INC,CORP,9853 PACIFIC HEIGHTS BLVD D ,SAN DIEGO,CA,92121-4721,31,MANUFACTURING,Manufacturing,Core,"9853 PACIFIC HEIGHTS BLVD D , SAN DIEGO, CA 92121-4721","12110 Gay Rio Way, Lakeside, California, 92040",100.0,-116.924157560302,32.835260710137
2006000643,ABLE TRUCK SERVICE & ODYSSEY CAB,SOLE,4135 TEXAS ST D ,SAN DIEGO,CA,92104-1676,48411,"GENERAL FREIGHT TRUCKING, LOCAL",Transportation and Warehousing,Core,"4135 TEXAS ST D , SAN DIEGO, CA 92104-1676","4135 Texas St, Apartment D, San Diego, California, 92104",100.0,-117.13880552777,32.752925778158
2025022093,ABOVE & BEYOND MARINE DETAILING,LLC,9577 OAK GROVE DR ,DESCANSO,CA,91916-9777,48839,OTHER WATER TRANSPORTATION SUPPORT ACTIVITIES,Transportation and Warehousing,Core,"9577 OAK GROVE DR , DESCANSO, CA 91916-9777","9577 Oak Grove Dr, Descanso, California, 91916",100.0,-116.616991654326,32.858863437017
2018005444,ABRAR TRADING,SOLE,5231 UNIVERSITY AVE ,SAN DIEGO,CA,92105-2202,4224,GROCERY & RELATED PRODUCT WHSLE,Wholesale Trade,Core,"5231 UNIVERSITY AVE , SAN DIEGO, CA 92105-2202","5231 University Ave, San Diego, California, 92105",100.0,-117.082843415943,32.749024798511
2017002036,ABRE AUTO PARK & STORAGE,SOLE,1221 INNOVATIVE DR 8 ,SAN DIEGO,CA,92154-6665,49319,OTHER WAREHOUSING & STORAGE,Transportation and Warehousing,Core,"1221 INNOVATIVE DR 8 , SAN DIEGO, CA 92154-6665","1221 Innovative Dr, San Diego, California, 92154",99.72,-117.00119769746,32.574489306781
2019006231,ABSN INC,CORP,10650 TREENA ST 303 ,SAN DIEGO,CA,92131-2437,33999,ALL OTHER MISC MFG,Manufacturing,Core,"10650 TREENA ST 303 , SAN DIEGO, CA 92131-2437","9520 Chesapeake Dr, Suite 604, San Diego, California, 92123",100.0,-117.124302069248,32.836294701712
2017011860,ABSOLUTE AV DESIGN,LLC,9520 CHESAPEAKE DR 604 ,SAN DIEGO,CA,92123-1331,33431,AUDIO & VIDEO EQUIPMENT MFG,Manufacturing,Core,"9520 CHESAPEAKE DR 604 , SAN DIEGO, CA 92123-1331","10650 Treena St, Suite 303, San Diego, California, 92131",100.0,-117.113873472956,32.911645706236
2025018020,ABUNDANCE OF LIFE SERVICE LLC,LLC,4229 CHAMOUNE AVE ,SAN DIEGO,CA,92115-4879,311812,COMMERCIAL BAKERIES,Manufacturing,Core,"4229 CHAMOUNE AVE , SAN DIEGO, CA 92115-4879","4229 Chamoune Ave, San Diego, California, 92115",100.0,-117.096455285139,32.75379647478
2005004503,ABZENA SAN DIEGO INC,CORP,6325 LUSK BLVD ,SAN DIEGO,CA,92121-2752,325414,BIOLOGICAL PRODUCT (EXC DIAGNOSTIC) MFG,Manufacturing,Core,"6325 LUSK BLVD , SAN DIEGO, CA 92121-2752","6325 Lusk Blvd, San Diego, California, 92121",100.0,-117.197252203337,32.901694836515
2017014755,AC DISTRIBUTOR,SOLE,3820 UNIVERSITY AVE ,SAN DIEGO,CA,92105-1324,42248,FRESH FRUIT & VEGETABLE WHSLE,Wholesale Trade,Core,"3820 UNIVERSITY AVE , SAN DIEGO, CA 92105-1324","3820 University Ave, San Diego, California, 92105",100.0,-117.111395447101,32.749731602496
2026003185,AC WOOD FURNITURE,SOLE,8662 AVENIDA DE LA FUENTE 5 ,SAN DIEGO,CA,92154-6228,321,WOOD PRODUCT MFG,Manufacturing,Core,"8662 AVENIDA DE LA FUENTE 5 , SAN DIEGO, CA 92154-6228","9747 Businesspark Ave, Suite 206, San Diego, California, 92131",100.0,-117.11152452841,32.9003387284
2025013323,ACADEMEASE LLC,LLC,9747 BUSINESSPARK AVE 206 ,SAN DIEGO,CA,92131-1653,4885,FREIGHT TRANSPORTATION ARRANGEMENT,Transportation and Warehousing,Core,"9747 BUSINESSPARK AVE 206 , SAN DIEGO, CA 92131-1653","8662 Avenida de la Fuente, Suite 5, San Diego, California, 92154",100.0,-116.957395997344,32.556281007154
2003016857,ACCEL-RF CORPORATION,CORP,4380 VIEWRIDGE AVE D ,SAN DIEGO,CA,92123-1678,335999,ALL OTH MISC ELECTRICAL EQUIP & COMPONENT MFG,Manufacturing,Core,"4380 VIEWRIDGE AVE D , SAN DIEGO, CA 92123-1678","4380 Viewridge Ave, Suite D, San Diego, California, 92123",100.0,-117.124819065037,32.821699754718
2009017787,ACCENT AWNINGS,CORP,8132 MIRAMAR RD ,SAN DIEGO,CA,92126-4321,33792,BLIND & SHADE MFG,Manufacturing,Core,"8132 MIRAMAR RD , SAN DIEGO, CA 92126-4321","8132 Miramar Rd, San Diego, California, 92126",100.0,-117.143945813712,32.889156138007
1988003702,ACCES/I O PRODUCTS,CORP,10623 ROSELLE ST ,SAN DIEGO,CA,92121-1506,334,COMPUTER & ELECTRONIC PRODUCT MFG,Manufacturing,Core,"10623 ROSELLE ST , SAN DIEGO, CA 92121-1506","10623 Roselle St, San Diego, California, 92121",100.0,-117.221431563246,32.896498852827
1999008846,ACCESS INDUSTRIAL TECHNOLOGY INC,CORP,8580 AVENIDA DE LA FUENTE ,SAN DIEGO,CA,92154-6284,4214,PROFESSIONAL & COMMERCIAL EQUIP & SUPP WHSLE,Wholesale Trade,Core,"8580 AVENIDA DE LA FUENTE , SAN DIEGO, CA 92154-6284","6260 Sequence Dr, San Diego, California, 92121",100.0,-117.184907755435,32.904237277295
2014023921,ACCRIVA DIAGNOSTICS,CORP,6260 SEQUENCE DR ,SAN DIEGO,CA,92121-4358,33911,MEDICAL EQUIPMENT & SUPPLIES MFG,Manufacturing,Core,"6260 SEQUENCE DR , SAN DIEGO, CA 92121-4358","8580 Avenida de la Fuente, San Diego, California, 92154",100.0,-116.958485309481,32.556476012131
1986011132,ACCURATE MACHINE SHOP SERVICE,CORP,7356 TRADE ST ,SAN DIEGO,CA,92121-2496,331,PRIMARY METAL MFG,Manufacturing,Core,"7356 TRADE ST , SAN DIEGO, CA 92121-2496","7356 Trade St, San Diego, California, 92121",100.0,-117.162908444723,32.88870397624
2019018687,ACCURATE SURGICAL & SCIENTIFIC INSTRUMENTS CORP,CORP,3180 UNIVERSITY AVE 650 ,SAN DIEGO,CA,92104-2045,42145,MEDICAL/DENTAL/HOSPITAL EQUIP & SUPP WHSLE,Wholesale Trade,Core,"3180 UNIVERSITY AVE 650 , SAN DIEGO, CA 92104-2045","3180 University Ave, Suite 650, San Diego, California, 92104",100.0,-117.125574609789,32.748556753038
2024009585,ACE DENTAL STUDIO INC,CORP,4898 RONSON CT H ,SAN DIEGO,CA,92111-1807,3391,MEDICAL EQUIPMENT & SUPPLIES MFG,Manufacturing,Core,"4898 RONSON CT H , SAN DIEGO, CA 92111-1807","4898 Ronson Ct, Suite H, San Diego, California, 92111",100.0,-117.146004073856,32.831341835126
2006005786,ACE HAULING SERVICE INC,CORP,505 CALLE RICARDO ,ESCONDIDO,CA,92026-8818,48423,"SPECIALIZED FRGT (EXC USED) TRUCKING, LDIST",Transportation and Warehousing,Core,"505 CALLE RICARDO , ESCONDIDO, CA 92026-8818","505 Calle Ricardo, Escondido, California, 92026",100.0,-117.095184511084,33.181792601562
2024013880,ACE LASER ENGRAVING,SOLE,702 04TH ST K ,IMPERIAL BEACH,CA,91932-1940,3399,OTHER MISCELLANEOUS MFG,Manufacturing,Core,"702 04TH ST K , IMPERIAL BEACH, CA 91932-1940","5608 Eastgate Dr, San Diego, California, 92121",100.0,-117.197039386815,32.882411807255
1992002762,ACE RELOCATION SYSTEMS INC,CORP,5608 EASTGATE DR ,SAN DIEGO,CA,92121-2816,493,WAREHOUSING & STORAGE,Transportation and Warehousing,Core,"5608 EASTGATE DR , SAN DIEGO, CA 92121-2816","7988 Miramar Rd, San Diego, California, 92126",100.0,-117.147948172478,32.886839924793
2020010665,ACE SELF STORAGE,LP,7988 MIRAMAR RD ,SAN DIEGO,CA,92126-4211,4931,WAREHOUSING & STORAGE,Transportation and Warehousing,Core,"7988 MIRAMAR RD , SAN DIEGO, CA 92126-4211","2330 Enrico Fermi Dr, San Diego, California, 92154",100.0,-116.927876275465,32.554594777783
1991009779,ACEVES TRUCKING CO INC,CORP,2330 ENRICO FERMI DR ,SAN DIEGO,CA,92154-7204,493,WAREHOUSING & STORAGE,Transportation and Warehousing,Core,"2330 ENRICO FERMI DR , SAN DIEGO, CA 92154-7204","13367 Kirkham Way, Suite 100, Poway, California, 92064",100.0,-117.041495319941,32.934836294937
2026004524,ACF TRANSPORT,SOLE,1312 W SAN YSIDRO BLVD C ,SAN YSIDRO,CA,92173-1186,484121,"GENERAL FREIGHT TRUCKING, LONG-DISTANCE, TL",Transportation and Warehousing,Core,"1312 W SAN YSIDRO BLVD C , SAN YSIDRO, CA 92173-1186","1312 W San Ysidro Blvd, Unit C, San Ysidro, California, 92173",100.0,-117.068884362033,32.564195619227
1997010470,ACKLEY MOVING SERVICES,CORP,13367 KIRKHAM WAY 100 ,POWAY,CA,92064-7118,484,TRUCK TRANSPORTATION,Transportation and Warehousing,Core,"13367 KIRKHAM WAY 100 , POWAY, CA 92064-7118","12636 High Bluff Dr, Suite 400, San Diego, California, 92130",100.0,-117.240737433192,32.947682525473
2004012886,ACOI INC,CORP,12636 HIGH BLUFF DR 400 ,SAN DIEGO,CA,92130-2071,42199,OTHER MISCELLANEOUS DURABLE GOODS WHSLE,Wholesale Trade,Core,"12636 HIGH BLUFF DR 400 , SAN DIEGO, CA 92130-2071","11362 Volans St, San Diego, California, 92126",100.0,-117.136468401708,32.93209876536
2005007633,ACS RISING INC,SCORP,11362 VOLANS ST ,SAN DIEGO,CA,92126-1345,4219,MISCELLANEOUS DURABLE GOODS WHSLE,Wholesale Trade,Core,"11362 VOLANS ST , SAN DIEGO, CA 92126-1345","91932-1940, Imperial Beach, California",88.24,-117.125309993106,32.583389004033
1992006971,ACTIVE DUTY,SOLE,2036 CAMINITO CIRCULO SUR ,LA JOLLA,CA,92037-7213,421,"WHOLESALE TRADE, DURABLE GOODS",Wholesale Trade,Core,"2036 CAMINITO CIRCULO SUR , LA JOLLA, CA 92037-7213","3670 Clairemont Dr, Suite 6, San Diego, California, 92117",100.0,-117.201145932638,32.808094836216
2025022203,ACTIVUS TRANSPORT,LLC,3670 CLAIREMONT DR 6 ,SAN DIEGO,CA,92117-5960,488,TRANSPORTATION SUPPORT ACTIVITIES,Transportation and Warehousing,Core,"3670 CLAIREMONT DR 6 , SAN DIEGO, CA 92117-5960","2036 Caminito Circulo Sur, La Jolla, California, 92037",100.0,-117.238319421764,32.821411081972
2005004471,AD TRADING LLC,LLC,7576 TRADE ST C ,SAN DIEGO,CA,92121-2477,42299,OTHER MISCELLANEOUS NONDURABLE GOODS WHSLE,Wholesale Trade,Core,"7576 TRADE ST C , SAN DIEGO, CA 92121-2477","9823 Pacific Heights Blvd, Suite C, San Diego, California, 92121",100.0,-117.188568048733,32.898602417157
2017005145,ADAPTIVE SENSORY TECHNOLOGY INC,CORP,9823 PACIFIC HEIGHTS BLVD C-D ,SAN DIEGO,CA,92121-4704,3391,MEDICAL EQUIPMENT & SUPPLIES MFG,Manufacturing,Core,"9823 PACIFIC HEIGHTS BLVD C-D , SAN DIEGO, CA 92121-4704","7485 Trade St, San Diego, California, 92121",99.29,-117.160642564837,32.888667305414
1994007033,ADD EXPRESS INC,CORP,9731 SIEMPRE VIVA RD C ,SAN DIEGO,CA,92154-7217,484,TRUCK TRANSPORTATION,Transportation and Warehousing,Core,"9731 SIEMPRE VIVA RD C , SAN DIEGO, CA 92154-7217","7576 Trade St, Suite C, San Diego, California, 92121",100.0,-117.160097741131,32.888819730324
2015039012,ADELSMAN CUSTOM CABINETRY,CORP,7485 TRADE ST AA ,SAN DIEGO,CA,92121,32199,ALL OTHER WOOD PRODUCT MFG,Manufacturing,Core,"7485 TRADE ST AA , SAN DIEGO, CA 92121","2175 Cactus Rd, San Diego, California, 92154",100.0,-116.988415157882,32.558143172673
2004013715,ADESA SAN DIEGO,LLC,2175 CACTUS RD ,SAN DIEGO,CA,92154-8002,42111,AUTOMOBILE & OTHER MOTOR VEHICLE WHSLE,Wholesale Trade,Core,"2175 CACTUS RD , SAN DIEGO, CA 92154-8002","9731 Siempre Viva Rd, Suite C, San Diego, California, 92154",100.0,-116.935426107112,32.556727385408
2018017100,ADI,CORP,9610 RIDGEHAVEN CT B ,SAN DIEGO,CA,92123-5603,4219,MISCELLANEOUS DURABLE GOODS WHSLE,Wholesale Trade,Core,"9610 RIDGEHAVEN CT B , SAN DIEGO, CA 92123-5603","8981 Complex Dr, San Diego, California, 92123",100.0,-117.134677691913,32.830423681452
2016010626,ADLER MICROMED INC.,CORP,6842 ELAINE S WAY ,SAN DIEGO,CA,92120-3933,33911,MEDICAL EQUIPMENT & SUPPLIES MFG,Manufacturing,Core,"6842 ELAINE S WAY , SAN DIEGO, CA 92120-3933","3735 Clairemont Mesa Blvd, San Diego, California, 92117",100.0,-117.2071327908,32.827618970921
1974000039,ADMIRAL EXCHANGE CO INC,CORP,8981 COMPLEX DR ,SAN DIEGO,CA,92123-1405,42199,OTHER MISCELLANEOUS DURABLE GOODS WHSLE,Wholesale Trade,Core,"8981 COMPLEX DR , SAN DIEGO, CA 92123-1405","9610 Ridgehaven Ct, Suite B, San Diego, California, 92123",100.0,-117.122365765796,32.82090833542
2011017267,ADVANCED AUTO DEALERS LLC,LLC,3735 CLAIREMONT MESA BLVD ,SAN DIEGO,CA,92117-2606,42111,AUTOMOBILE & OTHER MOTOR VEHICLE WHSLE,Wholesale Trade,Core,"3735 CLAIREMONT MESA BLVD , SAN DIEGO, CA 92117-2606","1320 Air Wing Rd, Apartment 101, San Diego, California, 92154",100.0,-116.955871999709,32.572252011193
2019011127,ADVANCED DISPENSING SOLUTIONS INC,CORP,1541 SANTIAGO RIDGE WAY ,SAN DIEGO,CA,92154-7704,42183,INDUSTRIAL MACHINERY & EQUIPMENT WHSLE,Wholesale Trade,Core,"1541 SANTIAGO RIDGE WAY , SAN DIEGO, CA 92154-7704","1541 Santiago Ridge Way, San Diego, California, 92154",100.0,-116.954594513846,32.568858094778
2017003097,ADVANCED ELECTROMAGNETICS INC,CORP,1320 AIR WING RD 101 ,SAN DIEGO,CA,92154-7707,31,MANUFACTURING,Manufacturing,Core,"1320 AIR WING RD 101 , SAN DIEGO, CA 92154-7707","3400 El Cajon Blvd, San Diego, California, 92104",100.0,-117.119931912571,32.755346178429
2003012429,ADVANCED INTERNATIONAL TECHNOLOGY LLC,LLC,9909 HIBERT ST A ,SAN DIEGO,CA,92131-1069,339,MISCELLANEOUS MFG,Manufacturing,Core,"9909 HIBERT ST A , SAN DIEGO, CA 92131-1069","9909 Hibert St, Suite A, San Diego, California, 92131",100.0,-117.112325670716,32.913806351327
1998008676,ADVANCED MACHINE,CORP,3400 EL CAJON BLVD ,SAN DIEGO,CA,92104-1511,333999,ALL OTH MISC GENERAL PURPOSE MACHINERY MFG,Manufacturing,Core,"3400 EL CAJON BLVD , SAN DIEGO, CA 92104-1511","9923 Via de la Amistad, Suite 104, San Diego, California, 92154",100.0,-116.930735761733,32.55276752289
2014017480,ADVANCED MRO,SOLE,9923 VIA DE LA AMISTAD 104 ,SAN DIEGO,CA,92154-7215,4229,MISCELLANEOUS NONDURABLE GOODS WHSLE,Wholesale Trade,Core,"9923 VIA DE LA AMISTAD 104 , SAN DIEGO, CA 92154-7215","6842 Elaine Way, San Diego, California, 92120",95.97,-117.049433485162,32.78407196644
2011021293,ADVANCED NUTRISOLUTIONS,CORP,10366 ROSELLE ST A ,SAN DIEGO,CA,92121-1543,422,"WHOLESALE TRADE, NONDURABLE GOODS",Wholesale Trade,Core,"10366 ROSELLE ST A , SAN DIEGO, CA 92121-1543","10366 Roselle St, Suite A, San Diego, California, 92121",100.0,-117.217954498352,32.892704490988
2009005106,ADVANCED PROCESS ENGINEERING,SCORP,13230 EVENING CREEK S DR 216 ,SAN DIEGO,CA,92128-4106,33599,ALL OTH ELECTRICAL EQUIPMENT & COMPONENT MFG,Manufacturing,Core,"13230 EVENING CREEK S DR 216 , SAN DIEGO, CA 92128-4106","5555 Santa Fe St, Suite J, San Diego, California, 92109",100.0,-117.231327238135,32.825170239818
2022001104,ADVANTAGE MOULDING INC,SCORP,5555 SANTA FE ST J ,SAN DIEGO,CA,92109-1602,421,"WHOLESALE TRADE, DURABLE GOODS",Wholesale Trade,Core,"5555 SANTA FE ST J , SAN DIEGO, CA 92109-1602","3620 Kurtz St, San Diego, California, 92110",100.0,-117.211606296343,32.757067779432
2009020817,ADVANTAGE TOWING,CORP,3620 KURTZ ST ,SAN DIEGO,CA,92110-4432,48841,MOTOR VEHICLE TOWING,Transportation and Warehousing,Core,"3620 KURTZ ST , SAN DIEGO, CA 92110-4432","9920 Pacific Heights Blvd, Suite 150, San Diego, California, 92121",100.0,-117.1900979137,32.900428163307
2023008108,AE LOGISTICS MEDICAL COURIER SOLUTIONS,SOLE,9920 PACIFIC HEIGHTS BLVD 150 ,SAN DIEGO,CA,92121-4361,4921,COURIERS,Transportation and Warehousing,Core,"9920 PACIFIC HEIGHTS BLVD 150 , SAN DIEGO, CA 92121-4361","451 N Claremont Ave, Chicago, Illinois, 60612",100.0,-87.685413336235,41.890251707235
2005006223,AERONAUTICAL SYSTEMS INC,CORP,13330 EVENING CREEK N DR A05-A05A ,SAN DIEGO,CA,92128-4110,33641,AEROSPACE PRODUCT & PARTS MFG,Manufacturing,Core,"13330 EVENING CREEK N DR A05-A05A , SAN DIEGO, CA 92128-4110","7955 Silverton Ave, Suite 1203, San Diego, California, 92126",100.0,-117.149482396035,32.89063357417
1980468304,AESTHETICS INC,CORP,2900 04TH AVE 206 ,SAN DIEGO,CA,92103-5918,42199,OTHER MISCELLANEOUS DURABLE GOODS WHSLE,Wholesale Trade,Core,"2900 04TH AVE 206 , SAN DIEGO, CA 92103-5918","13230 Evening Creek Dr S, Suite 216, San Diego, California, 92128",97.18,-117.09718284062,32.957220670282
2006005788,AGATI INC,CORP,451 N CLAREMONT AVE ,CHICAGO,IL,60612-1440,3212,"VENEER, PLYWOOD & ENGINEERED WOOD PRODUCT MFG",Manufacturing,Core,"451 N CLAREMONT AVE , CHICAGO, IL 60612-1440","92103-5918, San Diego, California",86.5,-117.161266010795,32.735658009879
2017016752,AGILE MACHINING LLC ,LLC,7955 SILVERTON AVE 1203 ,SAN DIEGO,CA,92126-6357,33399,ALL OTHER GENERAL PURPOSE MACHINERY MFG,Manufacturing,Core,"7955 SILVERTON AVE 1203 , SAN DIEGO, CA 92126-6357","3214 Marlborough Ave, San Diego, California, 92105",100.0,-117.105876802293,32.73975022231
2009021219,AGILENT TECHNOLOGIES INC,CORP,11011 N TORREY PINES RD 150 ,LA JOLLA,CA,92037-1031,3359,OTHER ELECTRICAL EQUIPMENT & COMPONENT MFG,Manufacturing,Core,"11011 N TORREY PINES RD 150 , LA JOLLA, CA 92037-1031","2312 Marconi Pl, San Diego, California, 92154",100.0,-116.929997818978,32.55610125724
2014023202,AGR MECHANICAL,SOLE,3214 MARLBOROUGH AVE ,SAN DIEGO,CA,92105-4114,81131,COMMERCIAL EQUIPMENT (EXC AUTO & ELEC) R&M,Industrial Machinery Repair,Core,"3214 MARLBOROUGH AVE , SAN DIEGO, CA 92105-4114","13330 Evening Creek Dr N, San Diego, California, 92128",95.69,-117.095240753654,32.95937548995
2009000758,AGRAMONT TRANSPORT INC,CORP,2312 MARCONI PL ,SAN DIEGO,CA,92154-7259,48412,"GENERAL FREIGHT TRUCKING, LONG-DISTANCE",Transportation and Warehousing,Core,"2312 MARCONI PL , SAN DIEGO, CA 92154-7259","3169 Cowley Way, Apartment 127, San Diego, California, 92117",100.0,-117.193020515699,32.799891509488
2024012592,AGRO BAJA PRODUCE INC,CORP,9929 VIA DE LA AMISTAD ,SAN DIEGO,CA,92154-7208,422,"WHOLESALE TRADE, NONDURABLE GOODS",Wholesale Trade,Core,"9929 VIA DE LA AMISTAD , SAN DIEGO, CA 92154-7208","9929 Via de la Amistad, San Diego, California, 92154",100.0,-116.930915302099,32.552770582285
2025015669,AH TAR & MA HTOI,H-W,3169 COWLEY WAY 127 ,SAN DIEGO,CA,92117-6558,31171,SEAFOOD PRODUCT PREPARATION & PACKAGING,Manufacturing,Core,"3169 COWLEY WAY 127 , SAN DIEGO, CA 92117-6558","8565 Rumex Ln, San Diego, California, 92129",100.0,-117.140189547623,32.946966752851
2015045424,AHERN AGRIBUSINESS INC,CORP,9465 CUSTOMHOUSE PLZ G ,SAN DIEGO,CA,92154-7632,42299,OTHER MISCELLANEOUS NONDURABLE GOODS WHSLE,Wholesale Trade,Core,"9465 CUSTOMHOUSE PLZ G , SAN DIEGO, CA 92154-7632","11011 N Torrey Pines Rd, La Jolla, California, 92037",99.25,-117.243232139033,32.904823046599
2024011835,AHIMSA KITCHEN,SOLE,8565 RUMEX LN ,SAN DIEGO,CA,92129-4143,311991,PERISHABLE PREPARED FOOD MFG,Manufacturing,Core,"8565 RUMEX LN , SAN DIEGO, CA 92129-4143","4911 Del Mar Ave, San Diego, California, 92107",100.0,-117.254057534623,32.74092381482
2018003073,AHMAD Q LUBIS,H-W,4911 DEL MAR AVE ,SAN DIEGO,CA,92107-3408,339914,COSTUME JEWELRY & NOVELTY MFG,Manufacturing,Core,"4911 DEL MAR AVE , SAN DIEGO, CA 92107-3408","9465 Customhouse Plz, Suite G, San Diego, California, 92154",100.0,-116.941545483163,32.551702182997
2019022596,AHMED TRANSPORT,SOLE,236 TAFT AVE A ,EL CAJON,CA,92020-4669,484,TRUCK TRANSPORTATION,Transportation and Warehousing,Core,"236 TAFT AVE A , EL CAJON, CA 92020-4669","236 Taft Ave, Apartment A, El Cajon, California, 92020",100.0,-116.956462756245,32.793333173168
2025006565,AIDEE'S MOVING,SOLE,780 DENNERY RD 303294 ,SAN DIEGO,CA,92154-8455,484,TRUCK TRANSPORTATION,Transportation and Warehousing,Core,"780 DENNERY RD 303294 , SAN DIEGO, CA 92154-8455","7364 Convoy Ct, San Diego, California, 92111",100.0,-117.16034626456,32.834732314961
2023014667,AIM TOWING AND RECOVERY INC,CORP,9768 MAINE AVE ,LAKESIDE,CA,92040-4217,48841,MOTOR VEHICLE TOWING,Transportation and Warehousing,Core,"9768 MAINE AVE , LAKESIDE, CA 92040-4217","780 Dennery Rd, Suite 303, San Diego, California, 92154",99.84,-117.035018288081,32.578266739183
2013049942,AIR FILTER SUPPLY INC,SCORP,7364 CONVOY CT ,SAN DIEGO,CA,92111-1110,4217,"HARDWARE, & PLUMB & HEATING EQUIP & SUP WHSLE",Wholesale Trade,Core,"7364 CONVOY CT , SAN DIEGO, CA 92111-1110","7310 Convoy Ct, San Diego, California, 92111",100.0,-117.161262238939,32.834724352153
2014016737,AIR FILTER SUPPLY INC,CORP,7310 CONVOY CT ,SAN DIEGO,CA,92111-1110,421,"WHOLESALE TRADE, DURABLE GOODS",Wholesale Trade,Core,"7310 CONVOY CT , SAN DIEGO, CA 92111-1110","2945 Leilani Way, San Diego, California, 92154",100.0,-117.069824057198,32.584227571536
2025005808,AIRSUPPLY TOOLS LLC,LLC,7544 TRADE ST ,SAN DIEGO,CA,92121-2412,422,"WHOLESALE TRADE, NONDURABLE GOODS",Wholesale Trade,Core,"7544 TRADE ST , SAN DIEGO, CA 92121-2412","9768 Maine Ave, Lakeside, California, 92040",100.0,-116.921309305784,32.856913722519
2020016915,AIRTRAIN,SOLE,2945 LEILANI WAY ,SAN DIEGO,CA,92154-1551,48899,OTHER TRANSPORTATION SUPPORT ACTIVITIES,Transportation and Warehousing,Core,"2945 LEILANI WAY , SAN DIEGO, CA 92154-1551","7544 Trade St, San Diego, California, 92121",100.0,-117.161060318891,32.888712106687
2016009893,AISPURO BROTHERS INC,CORP,2365 MARCONI CT G ,SAN DIEGO,CA,92154-7265,488,TRANSPORTATION SUPPORT ACTIVITIES,Transportation and Warehousing,Core,"2365 MARCONI CT G , SAN DIEGO, CA 92154-7265","2365 Marconi Ct, Suite G, San Diego, California, 92154",100.0,-116.933997327897,32.555123592054
2015027095,AIT WORLDWIDE LOGISTICS INC,CORP,2851 CAMINO DEL RIO SOUTH 400 ,SAN DIEGO,CA,92108-3843,4885,FREIGHT TRANSPORTATION ARRANGEMENT,Transportation and Warehousing,Core,"2851 CAMINO DEL RIO SOUTH 400 , SAN DIEGO, CA 92108-3843","8638 Keystone Ct, San Diego, California, 92126",100.0,-117.138405208075,32.925963882788
2007009014,AJ WHOLESALE MART,CORP,7520 AIRWAY RD 3 ,SAN DIEGO,CA,92154-8304,42299,OTHER MISCELLANEOUS NONDURABLE GOODS WHSLE,Wholesale Trade,Core,"7520 AIRWAY RD 3 , SAN DIEGO, CA 92154-8304","4200 Concours, Suite 100, Ontario, California, 91764",100.0,-117.566707719847,34.071093627285
2018012159,AJINOMOTO FOODS NORTH AMERICA INC,CORP,4200 CONCOURS 100 ,ONTARIO,CA,91764-4981,4224,GROCERY & RELATED PRODUCT WHSLE,Wholesale Trade,Core,"4200 CONCOURS 100 , ONTARIO, CA 91764-4981","2851 Camino del Rio S, Suite 400, San Diego, California, 92108",100.0,-117.132808611324,32.77034571989
2006015724,AKU ROOTS & AKU ROOTS RECORDS/MUSIC PUBLISHING,SOLE,8638 KEYSTONE CT ,SAN DIEGO,CA,92126-1627,4219,MISCELLANEOUS DURABLE GOODS WHSLE,Wholesale Trade,Core,"8638 KEYSTONE CT , SAN DIEGO, CA 92126-1627","2150 Warwood Ct, El Cajon, California, 92019",100.0,-116.925608803018,32.749549757107
2018016849,AL KARADY ANTIQUE,SOLE,2150 WARWOOD CT ,EL CAJON,CA,92019-4404,4219,MISCELLANEOUS DURABLE GOODS WHSLE,Wholesale Trade,Core,"2150 WARWOOD CT , EL CAJON, CA 92019-4404","8195 Mercury Ct, Suite 100, San Diego, California, 92111",100.0,-117.147572998492,32.834862150641
2008012861,AL LOGISTICS,LLC,2306 AVENIDA COSTA ESTE ,SAN DIEGO,CA,92154-6274,488,TRANSPORTATION SUPPORT ACTIVITIES,Transportation and Warehousing,Core,"2306 AVENIDA COSTA ESTE , SAN DIEGO, CA 92154-6274","2306 Avenida Costa Este, San Diego, California, 92154",100.0,-116.955086112467,32.555655046625
2021001704,ALARMAX DISTRIBUTORS INC,CORP,8195 MERCURY CT 100 ,SAN DIEGO,CA,92111-1231,4216,ELECTRICAL GOODS WHSLE,Wholesale Trade,Core,"8195 MERCURY CT 100 , SAN DIEGO, CA 92111-1231","7520 Airway Rd, Suite 3, San Diego, California, 92154",100.0,-116.978226032564,32.56073359985
1986015594,ALASKA AIRLINES INC,CORP,3707 N HARBOR DR ,SAN DIEGO,CA,92101-1096,481,AIR TRANSPORTATION,Transportation and Warehousing,Core,"3707 N HARBOR DR , SAN DIEGO, CA 92101-1096","3707 N Harbor Dr, San Diego, California, 92101",100.0,-117.203351881915,32.729475057093
1997010535,ALBERT ELLIOTT,SOLE,2075 FROUDE ST ,SAN DIEGO,CA,92107-2346,339999,ALL OTHER MISCELLANEOUS MFG,Manufacturing,Core,"2075 FROUDE ST , SAN DIEGO, CA 92107-2346","2075 Froude St, San Diego, California, 92107",100.0,-117.241493648496,32.745607328948
2020006756,ALCLEAR LLC,LLC,3225 N HARBOR DR ,SAN DIEGO,CA,92101-1072,488,TRANSPORTATION SUPPORT ACTIVITIES,Transportation and Warehousing,Core,"3225 N HARBOR DR , SAN DIEGO, CA 92101-1072","2210 Delany Dr, San Ysidro, California, 92173",100.0,-117.038463585562,32.557924740276
2026005018,ALDRETE TRANSPORT LLC,LLC,2210 DELANY DR ,SAN YSIDRO,CA,92173-1624,49311,GENERAL WAREHOUSING & STORAGE,Transportation and Warehousing,Core,"2210 DELANY DR , SAN YSIDRO, CA 92173-1624","3225 N Harbor Dr, San Diego, California, 92101",100.0,-117.197556885517,32.732863106175
2025018968,ALEKSANDR ULIANOV & MARINA ULIANOVA,H-W,15688 BERNARDO CENTER DR 2109 ,SAN DIEGO,CA,92127-1823,48412,"GENERAL FREIGHT TRUCKING, LONG-DISTANCE",Transportation and Warehousing,Core,"15688 BERNARDO CENTER DR 2109 , SAN DIEGO, CA 92127-1823","7416 Caminito Carlotta, San Diego, California, 92120",100.0,-117.050474266079,32.804087574037
1994010904,ALEXANDER'S MOVING & STORAGE,CORP,13200 DANIELSON ST B ,POWAY,CA,92064-8823,493,WAREHOUSING & STORAGE,Transportation and Warehousing,Core,"13200 DANIELSON ST B , POWAY, CA 92064-8823","15688 Bernardo Center Dr, Apartment 2109, San Diego, California, 92127",100.0,-117.095766885716,33.00495959027
2004004416,ALEXANDRA FEILES DESIGNS,SOLE,7416 CAMINITO CARLOTTA ,SAN DIEGO,CA,92120-2217,3152,CUT & SEW APPAREL MFG,Manufacturing,Core,"7416 CAMINITO CARLOTTA , SAN DIEGO, CA 92120-2217","13200 Danielson St, Suite B, Poway, California, 92064",100.0,-117.041952217483,32.939950764617
2007000267,ALEXS ALTERATIONS INC,CORP,3702 06TH AVE ,SAN DIEGO,CA,92103-4317,31521,CUT & SEW APPAREL CONTRACTORS,Manufacturing,Core,"3702 06TH AVE , SAN DIEGO, CA 92103-4317","1391 Ava St, San Diego, California, 92114",100.0,-117.069176722816,32.693188624779
2019003188,ALFA & OMEGA,SOLE,1391 AVA ST ,SAN DIEGO,CA,92114-6602,32311,PRINTING,Manufacturing,Core,"1391 AVA ST , SAN DIEGO, CA 92114-6602","13200 Gregg St, Poway, California, 92064",100.0,-117.0435972498,32.937170319696
1998007619,ALFA SCIENTIFIC DESIGNS INC,CORP,13200 GREGG ST ,POWAY,CA,92064-7121,333314,OPTICAL INSTRUMENT & LENS MFG,Manufacturing,Core,"13200 GREGG ST , POWAY, CA 92064-7121","1605 Pacific Rim Ct, Suite F, San Diego, California, 92154",100.0,-116.992545927406,32.567695021894
1994005716,ALFATEK INC,CORP,1605 PACIFIC RIM CT F ,SAN DIEGO,CA,92154-7527,4214,PROFESSIONAL & COMMERCIAL EQUIP & SUPP WHSLE,Wholesale Trade,Core,"1605 PACIFIC RIM CT F , SAN DIEGO, CA 92154-7527","92103-4317, San Diego, California",86.5,-117.15954202095,32.74611099751
2016012519,ALGA TRANSPORTATION LLC,LLC,3525 DEL MAR HEIGHTS RD 141 ,SAN DIEGO,CA,92130-2199,48899,OTHER TRANSPORTATION SUPPORT ACTIVITIES,Transportation and Warehousing,Core,"3525 DEL MAR HEIGHTS RD 141 , SAN DIEGO, CA 92130-2199","3525 Del Mar Heights Rd, Suite 141, San Diego, California, 92130",100.0,-117.230949884854,32.954947120954
2006011449,ALIANE WINES,SCORP,5330 METRO ST A ,SAN DIEGO,CA,92110-2608,4228,BEER/WINE/DISTILLED ALCOHOLIC BEVERAGE WHSLE,Wholesale Trade,Core,"5330 METRO ST A , SAN DIEGO, CA 92110-2608","5330 Metro St, San Diego, California, 92110",100.0,-117.196647868118,32.766228906236
2019005553,ALICIA ORDUNO SERVICES,H-W,2728 TERRACE PINE DR D ,SAN YSIDRO,CA,92173-1021,49221,LOCAL MESSENGERS & LOCAL DELIVERY,Transportation and Warehousing,Core,"2728 TERRACE PINE DR D , SAN YSIDRO, CA 92173-1021","2728 Terrace Pine Dr, Unit D, San Ysidro, California, 92173",100.0,-117.07455396516,32.56826754779
2020001821,ALIVE FERMENTS LLC,LLC,4907 W POINT LOMA BLVD ,SAN DIEGO,CA,92107-1334,339,MISCELLANEOUS MFG,Manufacturing,Core,"4907 W POINT LOMA BLVD , SAN DIEGO, CA 92107-1334","4907 W Point Loma Blvd, San Diego, California, 92107",100.0,-117.244482788215,32.751617464464
2005006192,ALL AMERICAN SELF STORAGE,LLC,6225 EL CAJON BLVD ,SAN DIEGO,CA,92115-3917,49311,GENERAL WAREHOUSING & STORAGE,Transportation and Warehousing,Core,"6225 EL CAJON BLVD , SAN DIEGO, CA 92115-3917","6225 El Cajon Blvd, San Diego, California, 92115",100.0,-117.06437615541,32.762955605408
1974007185,ALL FRESH PRODUCTS INC,CORP,40 20TH ST ,SAN DIEGO,CA,92113,4224,GROCERY & RELATED PRODUCT WHSLE,Wholesale Trade,Core,"40 20TH ST , SAN DIEGO, CA 92113","1845 Morena Blvd, San Diego, California, 92110",100.0,-117.207422888469,32.779833363732
1994000848,ALL PURPOSE WAREHOUSE,CORP,2310 OTAY CENTER DR ,SAN DIEGO,CA,92154-7639,4931,WAREHOUSING & STORAGE,Transportation and Warehousing,Core,"2310 OTAY CENTER DR , SAN DIEGO, CA 92154-7639","2310 Otay Center Dr, San Diego, California, 92154",100.0,-116.944553496756,32.556658569983
1978039123,ALL STAR GLASS CO,CORP,1845 MORENA BLVD ,SAN DIEGO,CA,92110-3636,4213,LUMBER & OTHER CONSTRUCTION MATERIALS WHSLE,Wholesale Trade,Core,"1845 MORENA BLVD , SAN DIEGO, CA 92110-3636","8266 Rimridge Ln, San Diego, California, 92126",100.0,-117.148221171064,32.932156349035
2006003340,"ALLEGRA PRINT & IMAGING, MISSION VALLEY",LLC,9770 CARROLL CENTRE RD E ,SAN DIEGO,CA,92126-6504,3231,PRINTING & RELATED SUPPORT ACTIVITIES,Manufacturing,Core,"9770 CARROLL CENTRE RD E , SAN DIEGO, CA 92126-6504","40 20th St, San Diego, California, 92102",99.51,-117.145843811867,32.705884064876
2022008433,ALLEVO VETERINARY SOLUTIONS LLC,LLC,8266 RIMRIDGE LN ,SAN DIEGO,CA,92126-1257,42149,OTH PROFESSIONAL EQUIPMENT & SUPPLIES WHSLE,Wholesale Trade,Core,"8266 RIMRIDGE LN , SAN DIEGO, CA 92126-1257","9679 Distribution Ave, San Diego, California, 92121",100.0,-117.162936524098,32.883402422482
2013056114,ALLIANCE AIR PRODUCTS LLC,LLC,2285 MICHAEL FARADAY DR 15 ,SAN DIEGO,CA,92154-7926,333298,ALL OTHER INDUSTRIAL MACHINERY MFG,Manufacturing,Core,"2285 MICHAEL FARADAY DR 15 , SAN DIEGO, CA 92154-7926","2285 Michael Faraday Dr, Suite 15, San Diego, California, 92154",100.0,-116.932004698054,32.557651113047
1996005285,ALLIED EXHAUST SYSTEMS INC,CORP,9679 DISTRIBUTION AVE ,SAN DIEGO,CA,92121-2307,4211,MOTOR VEHICLE/MOTOR VEHICLE PT & SUPPLY WHSLE,Wholesale Trade,Core,"9679 DISTRIBUTION AVE , SAN DIEGO, CA 92121-2307","9540 Chesapeake Dr, San Diego, California, 92123",100.0,-117.124293100612,32.835038086788
2002006288,ALLIED PACKAGING CORPORATION,CORP,2295 PASEO DE LAS AMERICAS 23 ,SAN DIEGO,CA,92154-7909,42199,OTHER MISCELLANEOUS DURABLE GOODS WHSLE,Wholesale Trade,Core,"2295 PASEO DE LAS AMERICAS 23 , SAN DIEGO, CA 92154-7909","7865 Ostrow St, San Diego, California, 92111",100.0,-117.155479731576,32.813834051049
2003008947,ALLIED REFRIGERATION INC,SCORP,7865 OSTROW ST ,SAN DIEGO,CA,92111-3602,42144,OTHER COMMERCIAL EQUIPMENT WHSLE,Wholesale Trade,Core,"7865 OSTROW ST , SAN DIEGO, CA 92111-3602","9770 Carroll Centre Rd, San Diego, California, 92126",98.87,-117.121557498873,32.899316974403
2018018547,ALLSALE ELECTRIC INC,SCORP,9540 CHESAPEAKE DR ,SAN DIEGO,CA,92123-1305,4216,ELECTRICAL GOODS WHSLE,Wholesale Trade,Core,"9540 CHESAPEAKE DR , SAN DIEGO, CA 92123-1305","2295 Paseo de las Americas, Suite 23, San Diego, California, 92154",100.0,-116.935848471213,32.557551913223
2018019843,ALMAR TRUCKING LLC  ,LLC,192 CORTE MARIA AVE ,CHULA VISTA,CA,91910-1938,48422,"SPECIALIZED FRGT (EXC USED) TRUCKING, LOCAL",Transportation and Warehousing,Core,"192 CORTE MARIA AVE , CHULA VISTA, CA 91910-1938","266 C Ave, Coronado, California, 92118",100.0,-117.172655257011,32.695684713635
2026004701,ALMARAZ PALLETS RECYCLING SAN DIEGO,SOLE,3577 DALBERGIA ST ,SAN DIEGO,CA,92113-3810,32192,WOOD CONTAINER & PALLET MFG,Manufacturing,Core,"3577 DALBERGIA ST , SAN DIEGO, CA 92113-3810","3577 Dalbergia St, San Diego, California, 92113",100.0,-117.117080892025,32.688047752105
2004005509,ALOHA MARINE SERVICES,PARTNR,266 C AVE ,CORONADO,CA,92118-1453,336611,SHIP BUILDING & REPAIRING,Manufacturing,Core,"266 C AVE , CORONADO, CA 92118-1453","8646 Longwood St, San Diego, California, 92126",100.0,-117.137542794057,32.903657501053
2017001587,ALOHA SCENTS,SOLE,8646 LONGWOOD ST ,SAN DIEGO,CA,92126-3654,42299,OTHER MISCELLANEOUS NONDURABLE GOODS WHSLE,Wholesale Trade,Core,"8646 LONGWOOD ST , SAN DIEGO, CA 92126-3654","192 Corte Maria Ave, Chula Vista, California, 91910",100.0,-117.071654413395,32.647930790041
2003015311,ALPHA MINI MART,CORP,4712 EL CAJON BLVD J ,SAN DIEGO,CA,92115-4557,42221,DRUGS & DRUGGISTS' SUNDRIES WHSLE,Wholesale Trade,Core,"4712 EL CAJON BLVD J , SAN DIEGO, CA 92115-4557","9350 Cabot Dr, San Diego, California, 92126",100.0,-117.144130550858,32.891696441403
2023000374,ALPHACOAT FINISHING,SCORP,9350 CABOT DR ,SAN DIEGO,CA,92126-4311,332,FABRICATED METAL PRODUCT MFG,Manufacturing,Core,"9350 CABOT DR , SAN DIEGO, CA 92126-4311","4712 El Cajon Blvd, Suite J, San Diego, California, 92115",100.0,-117.092604477467,32.75602046063
2023007861,ALPHAGRAPHICS 554,SCORP,1205 LINDA VISTA DR A ,SAN MARCOS,CA,92078-3825,32311,PRINTING,Manufacturing,Core,"1205 LINDA VISTA DR A , SAN MARCOS, CA 92078-3825","8742 Hurlbut St, San Diego, California, 92123",100.0,-117.140679972777,32.804936451281
2014021476,ALPHAGRAPHICS CENTRAL SAN DIEGO,LLC,7373 ENGINEER RD D ,SAN DIEGO,CA,92111-1425,3231,PRINTING & RELATED SUPPORT ACTIVITIES,Manufacturing,Core,"7373 ENGINEER RD D , SAN DIEGO, CA 92111-1425","2498 Roll Dr, Apartment 1169, San Diego, California, 92154",100.0,-116.937481014495,32.552897274752
2024005454,ALPHELION ENTERPRISES LLC,LLC,8742 HURLBUT ST ,SAN DIEGO,CA,92123-2173,4931,WAREHOUSING & STORAGE,Transportation and Warehousing,Core,"8742 HURLBUT ST , SAN DIEGO, CA 92123-2173","7373 Engineer Rd, Suite D, San Diego, California, 92111",100.0,-117.159167936612,32.827166767245
2019025774,ALPI LOGISTICS LLC,LLC,2498 ROLL DR 1169 ,SAN DIEGO,CA,92154-7279,488999,ALL OTHER TRANSPORTATION SUPPORT ACTIVITIES,Transportation and Warehousing,Core,"2498 ROLL DR 1169 , SAN DIEGO, CA 92154-7279","1205 Linda Vista Dr, Suite A, San Marcos, California, 92078",100.0,-117.192435710315,33.137563771167
2021003248,ALTO PHARMACY LLC,LLC,4240 KEARNY MESA RD 107 ,SAN DIEGO,CA,92111-3769,49221,LOCAL MESSENGERS & LOCAL DELIVERY,Transportation and Warehousing,Core,"4240 KEARNY MESA RD 107 , SAN DIEGO, CA 92111-3769","524 W Calle Primera, Suite 1008, San Ysidro, California, 92173",100.0,-117.054665552943,32.554807426666
2010010696,ALVAREZ TRUCKING LLC,LLC,1429 LA MEDIA RD ,SAN DIEGO,CA,92154-7812,493,WAREHOUSING & STORAGE,Transportation and Warehousing,Core,"1429 LA MEDIA RD , SAN DIEGO, CA 92154-7812","4240 Kearny Mesa Rd, Suite 107, San Diego, California, 92111",100.0,-117.149189448519,32.818676108876
2010002437,AM MERCHANDISERS LLC,LLC,524 W CALLE PRIMERA 1008 ,SAN YSIDRO,CA,92173-2836,42231,"PIECE GOODS, NOTIONS & OTHER DRY GOODS WHSLE",Wholesale Trade,Core,"524 W CALLE PRIMERA 1008 , SAN YSIDRO, CA 92173-2836","1429 La Media Rd, San Diego, California, 92154",100.0,-116.962254316063,32.570486405199
1997009302,AM PRECISION,PARTNR,6035 FAIRMOUNT AVE ,SAN DIEGO,CA,92120-4013,332992,SMALL ARMS AMMUNITION MFG,Manufacturing,Core,"6035 FAIRMOUNT AVE , SAN DIEGO, CA 92120-4013","6035 Fairmount Ave, San Diego, California, 92120",100.0,-117.101505304268,32.783952985324
1992001913,AM-SOD INC,CORP,15507 OLD MILKY WAY ,ESCONDIDO,CA,92027-7109,4229,MISCELLANEOUS NONDURABLE GOODS WHSLE,Wholesale Trade,Core,"15507 OLD MILKY WAY , ESCONDIDO, CA 92027-7109","15507 Old Milky Way, Escondido, California, 92027",100.0,-117.006472459532,33.090920910747
2022003214,AMACS LLC,LLC,7318 TOOMA ST 249 ,SAN DIEGO,CA,92139-2939,421,"WHOLESALE TRADE, DURABLE GOODS",Wholesale Trade,Core,"7318 TOOMA ST 249 , SAN DIEGO, CA 92139-2939","7318 Tooma St, #249, San Diego, California, 92139",100.0,-117.033484148343,32.683391730619
2020015581,AMAYA SOLUTIONS INC,CORP,1802 CORPORATE CENTER LN ,PLANT CITY,FL,33563-7162,325,CHEMICAL MFG,Manufacturing,Core,"1802 CORPORATE CENTER LN , PLANT CITY, FL 33563-7162","7980 Miramar Rd, San Diego, California, 92126",100.0,-117.147457831142,32.887122772116
2025011331,AMAZING CAL INC,CORP,1161 PARADISE TRAIL RD ,CHULA VISTA,CA,91915-2502,4219,MISCELLANEOUS DURABLE GOODS WHSLE,Wholesale Trade,Core,"1161 PARADISE TRAIL RD , CHULA VISTA, CA 91915-2502","6560 Royal Gorge Ct, San Diego, California, 92119",100.0,-117.05420966123,32.816963308871
2001010312,AMAZON STONES,SCORP,7980 MIRAMAR RD ,SAN DIEGO,CA,92126-4211,42139,OTHER CONSTRUCTION MATERIAL WHSLE,Wholesale Trade,Core,"7980 MIRAMAR RD , SAN DIEGO, CA 92126-4211","1802 Corporate Center Ln, Plant City, Florida, 33563",100.0,-82.108603158085,27.994912498628
2009010983,AMBIETEC LLC,LLC,6560 ROYAL GORGE CT ,SAN DIEGO,CA,92119-1136,42184,INDUSTRIAL SUPPLIES WHSLE,Wholesale Trade,Core,"6560 ROYAL GORGE CT , SAN DIEGO, CA 92119-1136","1161 Paradise Trail Rd, Chula Vista, California, 91915",100.0,-116.948841259325,32.645280851352
1974001168,AMBLER TOURS & TRAVEL SERVICE INC,CORP,5136 CAMINO PLAYA DE ORO ,SAN DIEGO,CA,92124-4131,488999,ALL OTHER TRANSPORTATION SUPPORT ACTIVITIES,Transportation and Warehousing,Core,"5136 CAMINO PLAYA DE ORO , SAN DIEGO, CA 92124-4131","7006 Convoy Ct, San Diego, California, 92111",100.0,-117.165867256544,32.834687471779
2000012909,AMEDITECH INC,CORP,9940 MESA RIM RD ,SAN DIEGO,CA,92121-2910,33911,MEDICAL EQUIPMENT & SUPPLIES MFG,Manufacturing,Core,"9940 MESA RIM RD , SAN DIEGO, CA 92121-2910","5136 Camino Playa de Oro, San Diego, California, 92124",100.0,-117.087587489322,32.836586894857
1996003060,AMERICA'S BEST PRINTING PRODUCTS INC,CORP,7006 CONVOY CT ,SAN DIEGO,CA,92111-1017,421,"WHOLESALE TRADE, DURABLE GOODS",Wholesale Trade,Core,"7006 CONVOY CT , SAN DIEGO, CA 92111-1017","8651 Production Ave, San Diego, California, 92121",100.0,-117.16582685577,32.882584977375
1984010554,AMERICA'S FINEST BAR,CORP,8651 PRODUCTION AVE ,SAN DIEGO,CA,92121-2206,42199,OTHER MISCELLANEOUS DURABLE GOODS WHSLE,Wholesale Trade,Core,"8651 PRODUCTION AVE , SAN DIEGO, CA 92121-2206","9940 Mesa Rim Rd, San Diego, California, 92121",100.0,-117.178710595322,32.89928956558
1974014397,AMERICAN AIRLINES INC,CORP,3707 N HARBOR DR ,SAN DIEGO,CA,92101-1096,488999,ALL OTHER TRANSPORTATION SUPPORT ACTIVITIES,Transportation and Warehousing,Core,"3707 N HARBOR DR , SAN DIEGO, CA 92101-1096","7886 Convoy Ct, San Diego, California, 92111",100.0,-117.150708417013,32.834722969139
1988009287,AMERICAN BACKFLOW SPECIALITIES INC,CORP,2860 MARKET ST ,SAN DIEGO,CA,92102-3105,4217,"HARDWARE, & PLUMB & HEATING EQUIP & SUP WHSLE",Wholesale Trade,Core,"2860 MARKET ST , SAN DIEGO, CA 92102-3105","3707 N Harbor Dr, San Diego, California, 92101",100.0,-117.203351881915,32.729475057093
1995008231,AMERICAN CARGOSERVICE INC,CORP,7886 CONVOY CT ,SAN DIEGO,CA,92111-1210,488999,ALL OTHER TRANSPORTATION SUPPORT ACTIVITIES,Transportation and Warehousing,Core,"7886 CONVOY CT , SAN DIEGO, CA 92111-1210","9944 Prospect Ave, Santee, California, 92071",100.0,-116.980160491997,32.831412117384
2025014315,AMERICAN EQUIPMENT SYSTEMS LLC DBA FACILITIES ENGI,LLC,900 E ORANGEFAIR LN ,ANAHEIM,CA,92801-1103,333923,"OVERHEAD CRANE, HOIST & MONORAIL SYSTEM MFG",Manufacturing,Core,"900 E ORANGEFAIR LN , ANAHEIM, CA 92801-1103","900 E Orangefair Ln, Anaheim, California, 92801",100.0,-117.909747584681,33.855826698176
1974008786,AMERICAN FENCE COMPANY INC,CORP,9944 PROSPECT AV ,SANTEE,CA,92071,42171,HARDWARE WHSLE,Wholesale Trade,Core,"9944 PROSPECT AV , SANTEE, CA 92071","2860 Market St, San Diego, California, 92102",100.0,-117.132510969943,32.711655382398
1997001828,AMERICAN FORMULATING & MANUFACTURING,CORP,3251 03RD AVE ,SAN DIEGO,CA,92103-5615,4213,LUMBER & OTHER CONSTRUCTION MATERIALS WHSLE,Wholesale Trade,Core,"3251 03RD AVE , SAN DIEGO, CA 92103-5615","12326 Montague St, Pacoima, California, 91331",100.0,-118.400226886571,34.253642132624
2026000493,AMERICAN IRONWORKS MANUFACTURING INC,CORP,12326 MONTAGUE ST ,PACOIMA,CA,91331-2213,331,PRIMARY METAL MFG,Manufacturing,Core,"12326 MONTAGUE ST , PACOIMA, CA 91331-2213","4979 University Ave, Suite B, San Diego, California, 92105",100.0,-117.08725606887,32.749368917546
2012083641,AMERICAN PREPAID TELECARD INC,CORP,4979 UNIVERSITY AVE B ,SAN DIEGO,CA,92105-2123,42299,OTHER MISCELLANEOUS NONDURABLE GOODS WHSLE,Wholesale Trade,Core,"4979 UNIVERSITY AVE B , SAN DIEGO, CA 92105-2123","7874 Ronson Rd, San Diego, California, 92111",100.0,-117.152251106292,32.829088360457
1998001306,AMERICAN REFRIGERATION SUPPLIES INC,CORP,7874 RONSON RD ,SAN DIEGO,CA,92111-1909,42199,OTHER MISCELLANEOUS DURABLE GOODS WHSLE,Wholesale Trade,Core,"7874 RONSON RD , SAN DIEGO, CA 92111-1909","2380 Main St, San Diego, California, 92113",100.0,-117.138773844176,32.693620460431
1980060864,AMERICAN RIGGING & SUPPLY,CORP,2380 MAIN ST ,SAN DIEGO,CA,92113-3643,4214,PROFESSIONAL & COMMERCIAL EQUIP & SUPP WHSLE,Wholesale Trade,Core,"2380 MAIN ST , SAN DIEGO, CA 92113-3643","92103-5615, San Diego, California",86.5,-117.162135968526,32.739354010084
2013065422,AMERICAN STAIR CORPORATION,CORP,642 FORESTWOOD DR ,ROMEOVILLE,IL,60446-1354,33299,ALL OTHER FABRICATED METAL PRODUCT MFG,Manufacturing,Core,"642 FORESTWOOD DR , ROMEOVILLE, IL 60446-1354","2002 Sunset Ave, San Diego, California, 92154",99.41,-117.088945944369,32.558258926756
2024009368,AMERICAN TOWING,SCORP,2002 SUNSET AVE 22 ,SAN DIEGO,CA,92154-4131,48841,MOTOR VEHICLE TOWING,Transportation and Warehousing,Core,"2002 SUNSET AVE 22 , SAN DIEGO, CA 92154-4131","642 Forestwood Dr, Romeoville, Illinois, 60446",100.0,-88.071414059061,41.653446975003
2025002164,AMERICAN TOWING,CORP,6753 CAMINO MAQUILADORA ,SAN DIEGO,CA,92154-7529,48841,MOTOR VEHICLE TOWING,Transportation and Warehousing,Core,"6753 CAMINO MAQUILADORA , SAN DIEGO, CA 92154-7529","6753 Camino Maquiladora, San Diego, California, 92154",100.0,-116.993625265077,32.566765510741
2022003138,AMERICAN WOODMARK CORPORATION,CORP,561 SHADY ELM RD ,WINCHESTER,VA,22602-2531,333,MACHINERY MFG,Manufacturing,Core,"561 SHADY ELM RD , WINCHESTER, VA 22602-2531","7153 Forum St, San Diego, California, 92111",100.0,-117.166416941754,32.814090411558
2026005434,AMERICAN WORLDWIDE FOOD TRADERS,LP,7153 FORUM ST ,SAN DIEGO,CA,92111-3439,4224,GROCERY & RELATED PRODUCT WHSLE,Wholesale Trade,Core,"7153 FORUM ST , SAN DIEGO, CA 92111-3439","561 Shady Elm Rd, Winchester, Virginia, 22602",100.0,-78.208398333848,39.124686969036
2008024170,AMETEK PROGRAMMABLE POWER INC,CORP,9250 BROWN DEER RD ,SAN DIEGO,CA,92121-2267,33441,SEMICONDUCTOR & OTH ELECTRONIC COMPONENT MFG,Manufacturing,Core,"9250 BROWN DEER RD , SAN DIEGO, CA 92121-2267","8720 Ariva Ct, Apartment 627, San Diego, California, 92123",100.0,-117.140103130201,32.827744070826
2014003656,AMI FILTRATION PRODUCTS INC,CORP,2365 MICHAEL FARADAY DR 1 ,SAN DIEGO,CA,92154-7257,4229,MISCELLANEOUS NONDURABLE GOODS WHSLE,Wholesale Trade,Core,"2365 MICHAEL FARADAY DR 1 , SAN DIEGO, CA 92154-7257","9250 Brown Deer Rd, San Diego, California, 92121",100.0,-117.17831086236,32.889301438299
2025020858,AMIR P PIRBAZARI ,SOLE,8720 ARIVA CT 627 ,SAN DIEGO,CA,92123-2294,49221,LOCAL MESSENGERS & LOCAL DELIVERY,Transportation and Warehousing,Core,"8720 ARIVA CT 627 , SAN DIEGO, CA 92123-2294","2365 Michael Faraday Dr, Suite 1, San Diego, California, 92154",100.0,-116.931985000582,32.55511357568
2006014382,AMMEX SERVICES,CORP,7780 WATERVILLE RD ,SAN DIEGO,CA,92154-8234,42247,MEAT & MEAT PRODUCT WHSLE,Wholesale Trade,Core,"7780 WATERVILLE RD , SAN DIEGO, CA 92154-8234","7780 Waterville Rd, San Diego, California, 92154",100.0,-116.974894980423,32.562520370149
2015021410,AMMP,SOLE,5736 VISTA SAN JUANICO ,SAN DIEGO,CA,92154-5694,42199,OTHER MISCELLANEOUS DURABLE GOODS WHSLE,Wholesale Trade,Core,"5736 VISTA SAN JUANICO , SAN DIEGO, CA 92154-5694","5736 Vista San Juanico, San Diego, California, 92154",100.0,-117.009840727323,32.582017012212
2019005508,AMRAD INC,SCORP,9255 TOWNE CENTRE DR 350 ,SAN DIEGO,CA,92121-3060,33422,RADIO/TV BROADCAST & WIRELESS COMM EQUIP MFG,Manufacturing,Core,"9255 TOWNE CENTRE DR 350 , SAN DIEGO, CA 92121-3060","1555 S Cucamonga Ave, Ontario, California, 91761",100.0,-117.632862896487,34.045664399884
2021001560,AMREP MANUFACTURING COMPANY LLC,LLC,1555 S CUCAMONGA AVE ,ONTARIO,CA,91761-4512,336211,MOTOR VEHICLE BODY MFG,Manufacturing,Core,"1555 S CUCAMONGA AVE , ONTARIO, CA 91761-4512","10818 Via Cascabel, San Diego, California, 92124",100.0,-117.092537673699,32.820473649921
2000002662,AMY MORRIS DESIGNS IN FIBER,SOLE,10818 VIA CASCABEL ,SAN DIEGO,CA,92124,315,APPAREL MANUFACTURING,Manufacturing,Core,"10818 VIA CASCABEL , SAN DIEGO, CA 92124","2910 Alta View Dr, Unit A 207, San Diego, California, 92139",100.0,-117.039038919396,32.675935608649
2025020844,ANDRE NEGRON & ROXANNE NEGRON,SOLE,2910 ALTA VIEW DR A207 ,SAN DIEGO,CA,92139-3356,4922,LOCAL MESSENGERS & LOCAL DELIVERY,Transportation and Warehousing,Core,"2910 ALTA VIEW DR A207 , SAN DIEGO, CA 92139-3356","9255 Towne Centre Dr, Suite 350, San Diego, California, 92121",100.0,-117.207437892075,32.875379013305
2007003661,ANDRE STEELE,SOLE,9846 COSTA LAGO ST ,SPRING VALLEY,CA,91977-6008,49221,LOCAL MESSENGERS & LOCAL DELIVERY,Transportation and Warehousing,Core,"9846 COSTA LAGO ST , SPRING VALLEY, CA 91977-6008","1222 Opal St, San Diego, California, 92109",100.0,-117.250572926016,32.807713836808
2025015792,ANDREA L CUTUK & ADNAN CUTUK,H-W,1222 OPAL ST ,SAN DIEGO,CA,92109-1832,33911,MEDICAL EQUIPMENT & SUPPLIES MFG,Manufacturing,Core,"1222 OPAL ST , SAN DIEGO, CA 92109-1832","7329 Formal Ct, San Diego, California, 92120",100.0,-117.068107359609,32.80064101927
2020007124,ANDREAS TRAKAS MUSICAL INSTRUMENTS,SOLE,7329 FORMAL CT ,SAN DIEGO,CA,92120-1920,339992,MUSICAL INSTRUMENT MFG,Manufacturing,Core,"7329 FORMAL CT , SAN DIEGO, CA 92120-1920","2710 Coronado Ave, San Diego, California, 92154",100.0,-117.075288858723,32.576518039434
2023001169,ANDRES VILOAN LAGANG,SOLE,2710 CORONADO AVE ,SAN DIEGO,CA,92154-2144,421,"WHOLESALE TRADE, DURABLE GOODS",Wholesale Trade,Core,"2710 CORONADO AVE , SAN DIEGO, CA 92154-2144","9846 Costa Lago St, Spring Valley, California, 91977",100.0,-116.98543572658,32.708151453504
2025019013,ANDREW J NORRIS ,SOLE,11585 COMPASS POINT N DR 8 ,SAN DIEGO,CA,92126-5566,4842,SPECIALIZED FREIGHT TRUCKING,Transportation and Warehousing,Core,"11585 COMPASS POINT N DR 8 , SAN DIEGO, CA 92126-5566","8539 Innsdale Ln, San Diego, California, 92114",100.0,-117.021701707049,32.704755022519
2020000408,ANG TRUCKING,SCORP,7770 1/2 SE WESTSIDE SE DR 103 ,SAN DIEGO,CA,92108,484,TRUCK TRANSPORTATION,Transportation and Warehousing,Core,"7770 1/2 SE WESTSIDE SE DR 103 , SAN DIEGO, CA 92108","5983 Fairmount Ave, San Diego, California, 92120",100.0,-117.101473206574,32.783251226523
2025015743,ANGEL CESAR RAMOS AVINA & ABELINA EQUIHUA,H-W,8539 INNSDALE LN ,SAN DIEGO,CA,92114-7429,3261,PLASTICS PRODUCT MFG,Manufacturing,Core,"8539 INNSDALE LN , SAN DIEGO, CA 92114-7429","3811 Teak St, San Diego, California, 92113",100.0,-117.112183681276,32.700277116476
2019008353,ANGEL ZAVALA ,SOLE,3811 TEAK ST ,SAN DIEGO,CA,92113-2857,48411,"GENERAL FREIGHT TRUCKING, LOCAL",Transportation and Warehousing,Core,"3811 TEAK ST , SAN DIEGO, CA 92113-2857","5983 Fairmount Ave, San Diego, California, 92120",100.0,-117.101473206574,32.783251226523
2020018409,ANGELO'S TOWING & RECOVERY,CORP,5983 FAIRMOUNT AVE ,SAN DIEGO,CA,92120-4011,48841,MOTOR VEHICLE TOWING,Transportation and Warehousing,Core,"5983 FAIRMOUNT AVE , SAN DIEGO, CA 92120-4011","7770 Westside Dr, San Diego, California, 92108",91.48,-117.15301151845,32.776516242805
2007002052,ANGELOS TOWING & RECOVERY,SCORP,1177 S 26TH ST ,SAN DIEGO,CA,92113-3605,48841,MOTOR VEHICLE TOWING,Transportation and Warehousing,Core,"1177 S 26TH ST , SAN DIEGO, CA 92113-3605","5983 Fairmount Ave, San Diego, California, 92120",100.0,-117.101473206574,32.783251226523
2011011481,ANGELOS TOWING & RECOVERY,CORP,5983 FAIRMOUNT AVE ,SAN DIEGO,CA,92120-4011,48841,MOTOR VEHICLE TOWING,Transportation and Warehousing,Core,"5983 FAIRMOUNT AVE , SAN DIEGO, CA 92120-4011","11585 Compass Point Dr N, Unit 8, San Diego, California, 92126",97.18,-117.122888964192,32.929234208041
2017010953,ANGELOS TOWING & RECOVERY,SCORP,5983 FAIRMOUNT AVE ,SAN DIEGO,CA,92120-4011,48841,MOTOR VEHICLE TOWING,Transportation and Warehousing,Core,"5983 FAIRMOUNT AVE , SAN DIEGO, CA 92120-4011","1177 S 26th St, San Diego, California, 92113",100.0,-117.138041936391,32.693981175634
2025014655,ANGELS LOGISTICS SERVICES LLC,LLC,5930 DIVISION ST 317 ,SAN DIEGO,CA,92114-6640,4841,GENERAL FREIGHT TRUCKING,Transportation and Warehousing,Core,"5930 DIVISION ST 317 , SAN DIEGO, CA 92114-6640","5930 Division St, Apartment 317, San Diego, California, 92114",100.0,-117.069270348674,32.693990269999
2001003533,ANHEUSER BUSCH SALES OF SAN DIEGO,CORP,5959 SANTA FE ST ,SAN DIEGO,CA,92109-1623,4228,BEER/WINE/DISTILLED ALCOHOLIC BEVERAGE WHSLE,Wholesale Trade,Core,"5959 SANTA FE ST , SAN DIEGO, CA 92109-1623","7876 Convoy Ct, San Diego, California, 92111",100.0,-117.151187275141,32.834657129289
2012052085,ANITA FIRE HOSE COMPANY ETC,SOLE,7937 NORTH AVE ,LEMON GROVE,CA,91945-1879,42299,OTHER MISCELLANEOUS NONDURABLE GOODS WHSLE,Wholesale Trade,Core,"7937 NORTH AVE , LEMON GROVE, CA 91945-1879","3790 Meade Ave, San Diego, California, 92116",100.0,-117.111620836478,32.757172092217
2018020895,ANIXTER INC,CORP,7876 CONVOY CT ,SAN DIEGO,CA,92111-1210,4216,ELECTRICAL GOODS WHSLE,Wholesale Trade,Core,"7876 CONVOY CT , SAN DIEGO, CA 92111-1210","5959 Santa Fe St, San Diego, California, 92109",100.0,-117.232180934973,32.830582686155
2014031290,ANN SAN DIEGO,SOLE,3790 MEADE AVE ,SAN DIEGO,CA,92116-4621,4229,MISCELLANEOUS NONDURABLE GOODS WHSLE,Wholesale Trade,Core,"3790 MEADE AVE , SAN DIEGO, CA 92116-4621","7937 North Ave, Lemon Grove, California, 91945",100.0,-117.028173542129,32.744543539707
2005001355,ANNA'S TAILORING,SOLE,5275 EL CAJON BLVD ,SAN DIEGO,CA,92115-4727,315299,ALL OTHER CUT & SEW APPAREL MFG,Manufacturing,Core,"5275 EL CAJON BLVD , SAN DIEGO, CA 92115-4727","10867 Macouba Pl, San Diego, California, 92124",100.0,-117.094994074244,32.82197568697
2005014522,ANNIES ALTERATION,SOLE,5861 MISSION GORGE RD ,SAN DIEGO,CA,92120-4003,315299,ALL OTHER CUT & SEW APPAREL MFG,Manufacturing,Core,"5861 MISSION GORGE RD , SAN DIEGO, CA 92120-4003","5275 El Cajon Blvd, San Diego, California, 92115",100.0,-117.08205073936,32.757377951759
2000001919,ANOCOTE,CORP,7550 TRADE ST ,SAN DIEGO,CA,92121-2412,332,FABRICATED METAL PRODUCT MFG,Manufacturing,Core,"7550 TRADE ST , SAN DIEGO, CA 92121-2412","7550 Trade St, San Diego, California, 92121",100.0,-117.160353975911,32.88875858434
2004006115,ANTENNA EARRINGS,SOLE,10867 MACOUBA PL ,SAN DIEGO,CA,92124-2049,42194,JEWELRY/WATCH/PRECIOUS STONE & METAL WHSLE,Wholesale Trade,Core,"10867 MACOUBA PL , SAN DIEGO, CA 92124-2049","2796 Escala Cir, San Diego, California, 92108",100.0,-117.133940754986,32.781089811018
2025018990,ANTHONY C GARRAMONE ,SOLE,1413 MISSOURI ST ,SAN DIEGO,CA,92109-3034,4842,SPECIALIZED FREIGHT TRUCKING,Transportation and Warehousing,Core,"1413 MISSOURI ST , SAN DIEGO, CA 92109-3034","5861 Mission Gorge Rd, San Diego, California, 92120",100.0,-117.099979043519,32.78223322834
2022008219,ANTHONY N PICOZZI,SOLE,2796 ESCALA CIR ,SAN DIEGO,CA,92108-6726,42114,MOTOR VEHICLE PARTS (USED) WHSLE,Wholesale Trade,Core,"2796 ESCALA CIR , SAN DIEGO, CA 92108-6726","1413 Missouri St, San Diego, California, 92109",100.0,-117.245238179921,32.8027723277
2000012836,ANTONIO FLORES,SOLE,2351 SMYTHE AVE ,SAN YSIDRO,CA,92173-2434,421,"WHOLESALE TRADE, DURABLE GOODS",Wholesale Trade,Core,"2351 SMYTHE AVE , SAN YSIDRO, CA 92173-2434","2351 Smythe Ave, San Ysidro, California, 92173",100.0,-117.049408758548,32.55558363281
2004015322,ANYTIME SIGN SOLUTIONS ,CORP,1055 BAY BLVD H ,CHULA VISTA,CA,91911-1628,33995,SIGN MFG,Manufacturing,Core,"1055 BAY BLVD H , CHULA VISTA, CA 91911-1628","1055 Bay Blvd, Suite H, Chula Vista, California, 91911",100.0,-117.092124278234,32.608792163715
2017020025,ANYWHERE TOWING & AUTO TRANSPORT LLC,LLC,2780 CREEKSIDE VILLAGE SQ ,SAN DIEGO,CA,92154-3366,48841,MOTOR VEHICLE TOWING,Transportation and Warehousing,Core,"2780 CREEKSIDE VILLAGE SQ , SAN DIEGO, CA 92154-3366","3506 Beyer Blvd, Apartment 201, San Ysidro, California, 92173",100.0,-117.056392057359,32.563190880494
2001003538,AP PRECISION METALS INC,CORP,1215 30TH ST ,SAN DIEGO,CA,92154-3477,332999,ALL OTHER MISC FABRICATED METAL PRODUCT MFG,Manufacturing,Core,"1215 30TH ST , SAN DIEGO, CA 92154-3477","10064 Mesa Ridge Ct, Suite 202, San Diego, California, 92121",100.0,-117.175295891788,32.900834895159
1987007319,APEX MEDICAL TECHNOLOGIES INC,CORP,10064 MESA RIDGE CT 202 ,SAN DIEGO,CA,92121-2948,333314,OPTICAL INSTRUMENT & LENS MFG,Manufacturing,Core,"10064 MESA RIDGE CT 202 , SAN DIEGO, CA 92121-2948","2780 Creekside Village Sq, San Diego, California, 92154",100.0,-117.073528774583,32.572222381165
2006002230,API ENTERPRISE,SOLE,3506 BEYER BLVD 201 ,SAN YSIDRO,CA,92173-1308,42299,OTHER MISCELLANEOUS NONDURABLE GOODS WHSLE,Wholesale Trade,Core,"3506 BEYER BLVD 201 , SAN YSIDRO, CA 92173-1308","1215 30th St, San Diego, California, 92154",100.0,-117.068876163022,32.574410343032
1992006042,APOLLO OIL COMPANY,CORP,6225 FAIRMOUNT AVE ,SAN DIEGO,CA,92120-3301,4227,PETROLEUM & PETROLEUM PRODUCTS WHSLE,Wholesale Trade,Core,"6225 FAIRMOUNT AVE , SAN DIEGO, CA 92120-3301","6225 Fairmount Ave, San Diego, California, 92120",100.0,-117.101453336469,32.788561481418
2025003447,APPLE TOWING,SOLE,7210 OTAY MESA RD 1 ,SAN DIEGO,CA,92154,48841,MOTOR VEHICLE TOWING,Transportation and Warehousing,Core,"7210 OTAY MESA RD 1 , SAN DIEGO, CA 92154","3827 Settineri Ln, Spring Valley, California, 91977",100.0,-117.005135462156,32.748376123024
2016006203,APPLIANCE PARTS SUPPLIER,SOLE,3827 SETTINERI LN ,SPRING VALLEY,CA,91977-1043,4219,MISCELLANEOUS DURABLE GOODS WHSLE,Wholesale Trade,Core,"3827 SETTINERI LN , SPRING VALLEY, CA 91977-1043","7210 Otay Mesa Rd, San Diego, California, 92154",99.67,-116.921520362106,32.567378060226
1989005950,AQUA LOGIC INC,CORP,2806 GRAY FOX RD ,MONROE,NC,28110-8422,332,FABRICATED METAL PRODUCT MFG,Manufacturing,Core,"2806 GRAY FOX RD , MONROE, NC 28110-8422","2806 Gray Fox Rd, Monroe, North Carolina, 28110",100.0,-80.621943129516,35.057107901693
2006009874,AQUA METRIC SALES COMPANY,SOLE,4050 FLAT ROCK  DR ,RIVERSIDE,CA,92505,42199,OTHER MISCELLANEOUS DURABLE GOODS WHSLE,Wholesale Trade,Core,"4050 FLAT ROCK  DR , RIVERSIDE, CA 92505","4050 Flat Rock Dr, Riverside, California, 92505",100.0,-117.490984097817,33.901446170128
2023005277,AQUA-AEROBIC SYSTEMS INC,CORP,6306 N ALPINE RD ,LOVES PARK,IL,61111-7655,339,MISCELLANEOUS MFG,Manufacturing,Core,"6306 N ALPINE RD , LOVES PARK, IL 61111-7655","9384 Frost-Mar Pl, San Diego, California, 92121",100.0,-117.17387507538,32.876046128979
2019004045,AQUARIUS MARINE,CORP,9384 FROST-MAR PL ,SAN DIEGO,CA,92121-2501,49311,GENERAL WAREHOUSING & STORAGE,Transportation and Warehousing,Core,"9384 FROST-MAR PL , SAN DIEGO, CA 92121-2501","15635 Royal Crown Row, San Diego, California, 92128",100.0,-117.070340214796,32.998855972196
2018010230,ARALCO,SOLE,15635 ROYAL CROWN ROW ,SAN DIEGO,CA,92128-4474,421,"WHOLESALE TRADE, DURABLE GOODS",Wholesale Trade,Core,"15635 ROYAL CROWN ROW , SAN DIEGO, CA 92128-4474","11506 Oculto Rd, San Diego, California, 92127",100.0,-117.084218131883,33.025678607182
2025018964,ARAY MUZHIPOVA ,SOLE,11506 OCULTO RD ,SAN DIEGO,CA,92127-1429,48412,"GENERAL FREIGHT TRUCKING, LONG-DISTANCE",Transportation and Warehousing,Core,"11506 OCULTO RD , SAN DIEGO, CA 92127-1429","6306 N Alpine Rd, Loves Park, Illinois, 61111",100.0,-89.028774504098,42.321952661649
1991003475,ARBON EQUIPMENT CORPORATION,CORP,13230 EVENING CREEK S DR 210 ,SAN DIEGO,CA,92128-4106,4214,PROFESSIONAL & COMMERCIAL EQUIP & SUPP WHSLE,Wholesale Trade,Core,"13230 EVENING CREEK S DR 210 , SAN DIEGO, CA 92128-4106","5915 Mira Mesa Blvd, Suite A, San Diego, California, 92121",100.0,-117.188744236337,32.900370705361
2015033975,ARC DOCUMENT SOLUTIONS LLC,CORP,5915 MIRA MESA BLVD A ,SAN DIEGO,CA,92121-4303,32311,PRINTING,Manufacturing,Core,"5915 MIRA MESA BLVD A , SAN DIEGO, CA 92121-4303","1240 Icehouse Ave, Sparks, Nevada, 89431",100.0,-119.757864614836,39.529987778296
2015033976,ARC DOCUMENT SOLUTIONS LLC,LLC,555 W BEECH ST 111 ,SAN DIEGO,CA,92101-2937,32311,PRINTING,Manufacturing,Core,"555 W BEECH ST 111 , SAN DIEGO, CA 92101-2937","555 W Beech St, Suite 111, San Diego, California, 92101",100.0,-117.167833651029,32.720854479224
2024006737,ARC GENERATOR SERVICE LLC,LLC,1240 ICEHOUSE AVE ,SPARKS,NV,89431-5736,81131,COMMERCIAL EQUIPMENT (EXC AUTO & ELEC) R&M,Industrial Machinery Repair,Core,"1240 ICEHOUSE AVE , SPARKS, NV 89431-5736","655 Front St, El Cajon, California, 92020",99.66,-116.976786105417,32.788713068137
2013060325,ARCE CUSTOM CABINETS INC,CORP,655 FRONT ST B ,EL CAJON,CA,92020-4232,337212,CUSTOM ARCHITECTURAL WOODWORK & MILLWORK MFG,Manufacturing,Core,"655 FRONT ST B , EL CAJON, CA 92020-4232","10340 Camino Santa Fe, Suite A, San Diego, California, 92121",100.0,-117.171040315726,32.904568572019
2021001222,ARCHEMEDIC SOLUTIONS LLC,LLC,10340 CAMINO SANTA FE A ,SAN DIEGO,CA,92121,42145,MEDICAL/DENTAL/HOSPITAL EQUIP & SUPP WHSLE,Wholesale Trade,Core,"10340 CAMINO SANTA FE A , SAN DIEGO, CA 92121","1065 W Morena Blvd, San Diego, California, 92110",100.0,-117.199784460105,32.767872806996
2026001289,ARIAT INTERNATIONAL INC,SCORP,4061 CAMINO DE LA PLAZA 484 ,SAN YSIDRO,CA,92173-5929,4223,"APPAREL, PIECE GOODS & NOTIONS WHSLE",Wholesale Trade,Core,"4061 CAMINO DE LA PLAZA 484 , SAN YSIDRO, CA 92173-5929","13230 Evening Creek Dr S, Suite 210, San Diego, California, 92128",97.18,-117.09718284062,32.957220670282
2020015626,ARIBER TRUCKING INC,CORP,5753 SIEMPRE VIVA RD ,SAN DIEGO,CA,92154,4841,GENERAL FREIGHT TRUCKING,Transportation and Warehousing,Core,"5753 SIEMPRE VIVA RD , SAN DIEGO, CA 92154","5753 Siempre Viva Rd, San Diego, California, 92154",100.0,-116.985788437066,32.548294394532
2003010195,ARIZONA TILE LLC,LLC,1065 W MORENA BLVD ,SAN DIEGO,CA,92110-3918,42139,OTHER CONSTRUCTION MATERIAL WHSLE,Wholesale Trade,Core,"1065 W MORENA BLVD , SAN DIEGO, CA 92110-3918","4061 Camino de la Plz, San Ysidro, California, 92173",99.29,-117.045020748416,32.545177080922
2003010197,ARIZONA TILE LLC,LLC,9212 MIRAMAR RD 1 ,SAN DIEGO,CA,92126-4475,42139,OTHER CONSTRUCTION MATERIAL WHSLE,Wholesale Trade,Core,"9212 MIRAMAR RD 1 , SAN DIEGO, CA 92126-4475","9212 Miramar Rd, Suite 1, San Diego, California, 92126",100.0,-117.128844390218,32.893838855854
2003010209,ARIZONA TILE LLC,LLC,7415 CARROLL RD A ,SAN DIEGO,CA,92121-2381,42139,OTHER CONSTRUCTION MATERIAL WHSLE,Wholesale Trade,Core,"7415 CARROLL RD A , SAN DIEGO, CA 92121-2381","7415 Carroll Rd, Suite A, San Diego, California, 92121",100.0,-117.162375774776,32.885762263502
2013042052,ARJOHUNTLEIGH INC,CORP,7756 TRADE ST C ,SAN DIEGO,CA,92121-2444,42183,INDUSTRIAL MACHINERY & EQUIPMENT WHSLE,Wholesale Trade,Core,"7756 TRADE ST C , SAN DIEGO, CA 92121-2444","1742 Drescher St, San Diego, California, 92111",100.0,-117.173703246365,32.777059163329
2010001636,ARK TRANSACTIONS,SOLE,1742 DRESCHER ST ,SAN DIEGO,CA,92111-6908,4889,OTHER TRANSPORTATION SUPPORT ACTIVITIES,Transportation and Warehousing,Core,"1742 DRESCHER ST , SAN DIEGO, CA 92111-6908","17056 Skyline Truck Trl, Jamul, California, 91935",100.0,-116.78027313984,32.728286251765
2005012414,ARMAS TRUCKING,SOLE,17056 SKYLINE TRUCK TRL ,JAMUL,CA,91935-3631,4889,OTHER TRANSPORTATION SUPPORT ACTIVITIES,Transportation and Warehousing,Core,"17056 SKYLINE TRUCK TRL , JAMUL, CA 91935-3631","7756 Trade St, Suite C, San Diego, California, 92121",100.0,-117.154673560129,32.889139835206
2007004711,ARNIAN FREIGHT LOGISTICS,CORP,9948 VIA DE LA AMISTAD ,SAN DIEGO,CA,92154-7207,4841,GENERAL FREIGHT TRUCKING,Transportation and Warehousing,Core,"9948 VIA DE LA AMISTAD , SAN DIEGO, CA 92154-7207","6469 Flanders Dr, San Diego, California, 92121",100.0,-117.177619774443,32.909329283475
1996008374,AROMA HOUSEWARES COMPANY,CORP,6469 FLANDERS DR ,SAN DIEGO,CA,92121-4104,421,"WHOLESALE TRADE, DURABLE GOODS",Wholesale Trade,Core,"6469 FLANDERS DR , SAN DIEGO, CA 92121-4104","9948 Via de la Amistad, San Diego, California, 92154",100.0,-116.930410376252,32.552816808481
2021010016,ARREOLA CORPORATION,CORP,951 GUATAY AVE ,CHULA VISTA,CA,91911-2317,484,TRUCK TRANSPORTATION,Transportation and Warehousing,Core,"951 GUATAY AVE , CHULA VISTA, CA 91911-2317","951 Guatay Ave, Chula Vista, California, 91911",100.0,-117.052534956975,32.623702731274
1989009110,ART BIZ,SOLE,1351 PEPPER DR 65 ,EL CAJON,CA,92021-1431,339999,ALL OTHER MISCELLANEOUS MFG,Manufacturing,Core,"1351 PEPPER DR 65 , EL CAJON, CA 92021-1431","1351 Pepper Dr, Space 65, El Cajon, California, 92021",100.0,-116.93166925429,32.818007652097
2024003816,ART BY K,SOLE,253 LADO DE LOMA DR ,VISTA,CA,92083-5832,32721,GLASS & GLASS PRODUCT MFG,Manufacturing,Core,"253 LADO DE LOMA DR , VISTA, CA 92083-5832","852 Heatherwood Ln, Apartment 40, Vista, California, 92081",100.0,-117.223948062036,33.163826997934
2025022036,ARTECART,H-W,7660 FAY AVE H801 ,LA JOLLA,CA,92037-0021,42199,OTHER MISCELLANEOUS DURABLE GOODS WHSLE,Wholesale Trade,Core,"7660 FAY AVE H801 , LA JOLLA, CA 92037-0021","5039 Via Papel, San Diego, California, 92122",100.0,-117.185427684889,32.849511035182
2023013579,ARTEM SHATALINSKYI TRANSPORT/CREATIVE STUDIO,SOLE,852 HEATHERWOOD LN 40 ,VISTA,CA,92081-8636,49221,LOCAL MESSENGERS & LOCAL DELIVERY,Transportation and Warehousing,Core,"852 HEATHERWOOD LN 40 , VISTA, CA 92081-8636","253 Lado de Loma Dr, Vista, California, 92083",100.0,-117.244544996528,33.196774960121
2000003499,ARTESANOS GAMEZ INC,CORP,1259 LA MEDIA RD ,SAN DIEGO,CA,92154-7809,421,"WHOLESALE TRADE, DURABLE GOODS",Wholesale Trade,Core,"1259 LA MEDIA RD , SAN DIEGO, CA 92154-7809","7660 Fay Ave, Suite H, La Jolla, California, 92037",98.81,-117.274665114132,32.842939706912
2025013182,ARTHUR R HAYLOCK,SOLE,5039 VIA PAPEL ,SAN DIEGO,CA,92122-3914,4922,LOCAL MESSENGERS & LOCAL DELIVERY,Transportation and Warehousing,Core,"5039 VIA PAPEL , SAN DIEGO, CA 92122-3914","1259 La Media Rd, San Diego, California, 92154",100.0,-116.962273929715,32.574094018235
2007000685,ARTWORKS SAN DIEGO,LLC,8835 BALBOA AVE C ,SAN DIEGO,CA,92123-1590,49311,GENERAL WAREHOUSING & STORAGE,Transportation and Warehousing,Core,"8835 BALBOA AVE C , SAN DIEGO, CA 92123-1590","8835 Balboa Ave, Suite C, San Diego, California, 92123",100.0,-117.138421804243,32.820344903888
2025015284,ASAMI LEE,SOLE,1610 SAN BERNARDINO AVE ,SPRING VALLEY,CA,91977-4650,49221,LOCAL MESSENGERS & LOCAL DELIVERY,Transportation and Warehousing,Core,"1610 SAN BERNARDINO AVE , SPRING VALLEY, CA 91977-4650","9555 Distribution Ave, San Diego, California, 92121",100.0,-117.162901236286,32.880718495176
2005007243,ASAP DELIVERY,SOLE,9562 WINTER GARDENS BLVD D323 ,LAKESIDE,CA,92040-4065,48422,"SPECIALIZED FRGT (EXC USED) TRUCKING, LOCAL",Transportation and Warehousing,Core,"9562 WINTER GARDENS BLVD D323 , LAKESIDE, CA 92040-4065","1610 San Bernardino Ave, Spring Valley, California, 91977",100.0,-116.986313814757,32.720380608328
2004014224,ASAP TOWING,SCORP,9555 DISTRIBUTION AVE ,SAN DIEGO,CA,92121-2373,48841,MOTOR VEHICLE TOWING,Transportation and Warehousing,Core,"9555 DISTRIBUTION AVE , SAN DIEGO, CA 92121-2373","9562 Winter Gardens Blvd, Lakeside, California, 92040",99.09,-116.931229288192,32.851904781001
2017002910,ASAP TOWING,SCORP,7280 MISSION GORGE RD ,SAN DIEGO,CA,92120-1133,48841,MOTOR VEHICLE TOWING,Transportation and Warehousing,Core,"7280 MISSION GORGE RD , SAN DIEGO, CA 92120-1133","7280 Mission Gorge Rd, San Diego, California, 92120",100.0,-117.086141120585,32.803622119582
2023009563,ASAP TOWING,CORP,3407 E ST ,SAN DIEGO,CA,92102-3335,48841,MOTOR VEHICLE TOWING,Transportation and Warehousing,Core,"3407 E ST , SAN DIEGO, CA 92102-3335","8575 Miramar Pl, San Diego, California, 92121",100.0,-117.180961220144,32.882095725686
2024012955,ASAP TOWING,SCORP,8575 MIRAMAR PL ,SAN DIEGO,CA,92121-2529,48841,MOTOR VEHICLE TOWING,Transportation and Warehousing,Core,"8575 MIRAMAR PL , SAN DIEGO, CA 92121-2529","3407 E St, San Diego, California, 92102",100.0,-117.120837744847,32.714428618883
2018003253,ASEPTISCOPE INC,CORP,4061 STEPHENS ST ,SAN DIEGO,CA,92103-1242,32541,PHARMACEUTICAL & MEDICINE MFG,Manufacturing,Core,"4061 STEPHENS ST , SAN DIEGO, CA 92103-1242","4061 Stephens St, San Diego, California, 92103",100.0,-117.178481853184,32.751136912383
2004006298,ASHLEY FURNITURE HOME STORES,LLC,7770 MIRAMAR RD ,SAN DIEGO,CA,92126-4203,4931,WAREHOUSING & STORAGE,Transportation and Warehousing,Core,"7770 MIRAMAR RD , SAN DIEGO, CA 92126-4203","7915 Silverton Ave, Suite 313, San Diego, California, 92126",100.0,-117.151863527089,32.889790103254
2023009571,ASHMAKERS,SCORP,7915 SILVERTON AVE 313 ,SAN DIEGO,CA,92126-6348,312229,OTHER TOBACCO PRODUCT MFG,Manufacturing,Core,"7915 SILVERTON AVE 313 , SAN DIEGO, CA 92126-6348","7770 Miramar Rd, San Diego, California, 92126",100.0,-117.150438435911,32.885406158346
1974008895,ASI MARINE & INDUSTRIAL INC,CORP,5038 RUFFNER ST ,SAN DIEGO,CA,92111-1133,42199,OTHER MISCELLANEOUS DURABLE GOODS WHSLE,Wholesale Trade,Core,"5038 RUFFNER ST , SAN DIEGO, CA 92111-1133","5038 Ruffner St, San Diego, California, 92111",100.0,-117.159287462551,32.833784279802
2006010809,ASIF ALIYEV,SOLE,11813 TIMARU WAY ,SAN DIEGO,CA,92128-3963,492,COURIERS & MESSENGERS,Transportation and Warehousing,Core,"11813 TIMARU WAY , SAN DIEGO, CA 92128-3963","11813 Timaru Way, San Diego, California, 92128",100.0,-117.077545047308,33.028621409567
2013059915,ASML US LLC,LLC,17082 THORNMINT CT ,SAN DIEGO,CA,92127-2413,3399,OTHER MISCELLANEOUS MFG,Manufacturing,Core,"17082 THORNMINT CT , SAN DIEGO, CA 92127-2413","17082 Thornmint Ct, San Diego, California, 92127",100.0,-117.09974954701,33.018174708364
1980470343,ASSENTI'S PASTA,PARTNR,2044 INDIA ST ,SAN DIEGO,CA,92101-1722,4224,GROCERY & RELATED PRODUCT WHSLE,Wholesale Trade,Core,"2044 INDIA ST , SAN DIEGO, CA 92101-1722","9707 Aero Dr, San Diego, California, 92123",100.0,-117.120067615584,32.808289254461
1996009285,ASSET RECOVERY SPECIALISTS,CORP,9707 AERO DR ,SAN DIEGO,CA,92123-1807,42183,INDUSTRIAL MACHINERY & EQUIPMENT WHSLE,Wholesale Trade,Core,"9707 AERO DR , SAN DIEGO, CA 92123-1807","1696 Cactus Rd, San Diego, California, 92154",100.0,-116.988331925585,32.565352489504
2003001181,ASSOCIATED READY MIXED CONCRETE INC,CORP,1696 CACTUS RD ,SAN DIEGO,CA,92154-8101,42139,OTHER CONSTRUCTION MATERIAL WHSLE,Wholesale Trade,Core,"1696 CACTUS RD , SAN DIEGO, CA 92154-8101","2044 India St, San Diego, California, 92101",100.0,-117.169288665601,32.725983240048
2026000147,ASTA SOURDOUGH MICROBAKERY,LLC,9320 ADLAI RD ,LAKESIDE,CA,92040-4806,31181,BREAD & BAKERY PRODUCT MFG,Manufacturing,Core,"9320 ADLAI RD , LAKESIDE, CA 92040-4806","10650 Treena St, Suite 105, San Diego, California, 92131",100.0,-117.113873472956,32.911645706236
2007006864,ASTERES INC,CORP,10650 TREENA ST 105 ,SAN DIEGO,CA,92131-2436,339999,ALL OTHER MISCELLANEOUS MFG,Manufacturing,Core,"10650 TREENA ST 105 , SAN DIEGO, CA 92131-2436","9320 Adlai Rd, Lakeside, California, 92040",100.0,-116.89604054992,32.846866293273
2012003240,ATELIER CHE INC,SCORP,861 06TH AVE 311 ,SAN DIEGO,CA,92101-6313,339911,JEWELRY (EXC COSTUME) MFG,Manufacturing,Core,"861 06TH AVE 311 , SAN DIEGO, CA 92101-6313","7930 Arjons Dr, Suite A, San Diego, California, 92126",100.0,-117.148609839915,32.894462217993
2014004710,ATIS AUTOMATION LLC,LLC,3065 BEYER BLVD B103 ,SAN DIEGO,CA,92154-3499,42199,OTHER MISCELLANEOUS DURABLE GOODS WHSLE,Wholesale Trade,Core,"3065 BEYER BLVD B103 , SAN DIEGO, CA 92154-3499","3065 Beyer Blvd, Suite 103, San Diego, California, 92154",98.94,-117.065326998506,32.572089737548
1991001379,ATLANTIC BUSINESS ORGANIZATIONS CORP,CORP,7930 ARJONS DR A ,SAN DIEGO,CA,92126-6302,4229,MISCELLANEOUS NONDURABLE GOODS WHSLE,Wholesale Trade,Core,"7930 ARJONS DR A , SAN DIEGO, CA 92126-6302","92101-6313, San Diego, California",86.5,-117.159229040686,32.714230009687
2014004787,ATLAS SHIPPERS INTERNATIONAL,CORP,8955 MIRA MESA BLVD A ,SAN DIEGO,CA,92126-2786,48851,FREIGHT TRANSPORTATION ARRANGEMENT,Transportation and Warehousing,Core,"8955 MIRA MESA BLVD A , SAN DIEGO, CA 92126-2786","8955 Mira Mesa Blvd, Suite A, San Diego, California, 92126",100.0,-117.132012917256,32.914389941336
1996011837,ATLAS TRANSPORTATION SERVICES LLC,CORP,2306 AVENIDA COSTA ESTE ,SAN DIEGO,CA,92154-6274,484,TRUCK TRANSPORTATION,Transportation and Warehousing,Core,"2306 AVENIDA COSTA ESTE , SAN DIEGO, CA 92154-6274","2306 Avenida Costa Este, San Diego, California, 92154",100.0,-116.955086112467,32.555655046625
2003011963,ATM PLUS INC ,CORP,2232 VERUS ST F ,SAN DIEGO,CA,92154-4706,4211,MOTOR VEHICLE/MOTOR VEHICLE PT & SUPPLY WHSLE,Wholesale Trade,Core,"2232 VERUS ST F , SAN DIEGO, CA 92154-4706","2232 Verus St, Suite F, San Diego, California, 92154",100.0,-117.087382300332,32.594205766262
2024006791,ATOMIC 13 LLC,LLC,5515 MEADOWS DEL MAR DRWY ,SAN DIEGO,CA,92130-4865,331316,ALUMINUM EXTRUDED PRODUCT MFG,Manufacturing,Core,"5515 MEADOWS DEL MAR DRWY , SAN DIEGO, CA 92130-4865","8827 Production Ave, San Diego, California, 92121",100.0,-117.165214557743,32.884596717956
1995012168,AURUM ASSEMBLY PLUS INC,CORP,8827 PRODUCTION AVE ,SAN DIEGO,CA,92121-2220,334419,OTHER ELECTRONIC COMPONENT MFG,Manufacturing,Core,"8827 PRODUCTION AVE , SAN DIEGO, CA 92121-2220","2553 Crosshaven Ln, San Diego, California, 92139",100.0,-117.03905157607,32.681533504595
2008007377,AUTHENTIC AUTO INC,CORP,2553 CROSSHAVEN LN ,SAN DIEGO,CA,92139-2953,48841,MOTOR VEHICLE TOWING,Transportation and Warehousing,Core,"2553 CROSSHAVEN LN , SAN DIEGO, CA 92139-2953","501 W Broadway, Suite 800, San Diego, California, 92101",100.0,-117.167745138131,32.715600702313
2020013176,AUTO EXPRESS INC,SCORP,501 W BROADWAY 800 ,SAN DIEGO,CA,92101-3546,4885,FREIGHT TRANSPORTATION ARRANGEMENT,Transportation and Warehousing,Core,"501 W BROADWAY 800 , SAN DIEGO, CA 92101-3546","8465 Commerce Ave, San Diego, California, 92121",99.44,-117.167935910247,32.879998196326
1998006479,AUTO IMPORTACIONES ALDACO,SOLE,9775 MARCONI DR A ,SAN DIEGO,CA,92154-7267,421,"WHOLESALE TRADE, DURABLE GOODS",Wholesale Trade,Core,"9775 MARCONI DR A , SAN DIEGO, CA 92154-7267","9775 Marconi Dr, Suite A, San Diego, California, 92154",100.0,-116.934934843767,32.554343655964
1990005813,AUTO SHACK,SOLE,8465 COMMERCE AVE A1 ,SAN DIEGO,CA,92121-2680,421,"WHOLESALE TRADE, DURABLE GOODS",Wholesale Trade,Core,"8465 COMMERCE AVE A1 , SAN DIEGO, CA 92121-2680","1124 Monserate Ave, Chula Vista, California, 91911",100.0,-117.048892014217,32.618470370126
2018007392,AUTO TRUCK KARGO EQUIPMENT LLC,LLC,5458 COMPLEX ST ,SAN DIEGO,CA,92123-1118,336,TRANSPORTATION EQUIPMENT MFG,Manufacturing,Core,"5458 COMPLEX ST , SAN DIEGO, CA 92123-1118","5458 Complex St, San Diego, California, 92123",100.0,-117.134715494297,32.833132503011
2025014579,AUTOCAR EXPORT INC,CORP,1124 MONSERATE AVE ,CHULA VISTA,CA,91911-3602,42111,AUTOMOBILE & OTHER MOTOR VEHICLE WHSLE,Wholesale Trade,Core,"1124 MONSERATE AVE , CHULA VISTA, CA 91911-3602","8967 Complex Dr, San Diego, California, 92123",100.0,-117.134677524275,32.830373348124
2024012197,AUTOMATIC ICE MAKERS,SOLE,8967 COMPLEX DR ,SAN DIEGO,CA,92123-1405,3334,HVAC & COMMERCIAL REFRIGERATION EQUIPMENT MFG,Manufacturing,Core,"8967 COMPLEX DR , SAN DIEGO, CA 92123-1405","5515 Meadows del Mar, San Diego, California, 92130",98.04,-117.19187001567,32.941089320435
2006009852,AUTOMOBILE CLUB OF SOUTHERN CALIFORNIA,CORP,12630 SABRE SPRINGS PKY 301 ,SAN DIEGO,CA,92128-4129,48899,OTHER TRANSPORTATION SUPPORT ACTIVITIES,Transportation and Warehousing,Core,"12630 SABRE SPRINGS PKY 301 , SAN DIEGO, CA 92128-4129","12630 Sabre Springs Pkwy, Suite 301, San Diego, California, 92128",100.0,-117.095936786894,32.947319966251
2005000704,AUTOMOTIVE TRANSPORTATION SERVICES ,LLC,7505 TRADE ST ,SAN DIEGO,CA,92121-2411,48411,"GENERAL FREIGHT TRUCKING, LOCAL",Transportation and Warehousing,Core,"7505 TRADE ST , SAN DIEGO, CA 92121-2411","538 C Ave, Coronado, California, 92118",100.0,-117.174932703923,32.691835366512
1994003647,AUTOPOWER INDUSTRIES INC,CORP,3424 PICKETT ST ,SAN DIEGO,CA,92110-4319,332999,ALL OTHER MISC FABRICATED METAL PRODUCT MFG,Manufacturing,Core,"3424 PICKETT ST , SAN DIEGO, CA 92110-4319","3424 Pickett St, San Diego, California, 92110",100.0,-117.207527243163,32.756237593832
2022005846,AUTOSMITH GROUP,SOLE,538 C AVE ,CORONADO,CA,92118-1825,42111,AUTOMOBILE & OTHER MOTOR VEHICLE WHSLE,Wholesale Trade,Core,"538 C AVE , CORONADO, CA 92118-1825","7505 Trade St, San Diego, California, 92121",100.0,-117.16013587879,32.888752046455
2023002895,AVALON COVE LLC,LLC,6626 CHARLENE AVE ,SAN DIEGO,CA,92114-1615,483,WATER TRANSPORTATION,Transportation and Warehousing,Core,"6626 CHARLENE AVE , SAN DIEGO, CA 92114-1615","6626 Charlene Ave, San Diego, California, 92114",100.0,-117.056062732384,32.730267733676
1986008859,AVANT GRAPHICS,SOLE,21387 CRESTWIND DR ,SAN MARCOS,CA,92078-5000,421,"WHOLESALE TRADE, DURABLE GOODS",Wholesale Trade,Core,"21387 CRESTWIND DR , SAN MARCOS, CA 92078-5000","4565 Ruffner St, Suite 201, San Diego, California, 92111",100.0,-117.157285612615,32.823735425632
1987010702,AVANTI IMPORTS INC,CORP,861 06TH AVE 222 ,SAN DIEGO,CA,92101-6312,4215,METAL & MINERAL (EXCEPT PETROLEUM) WHSLE,Wholesale Trade,Core,"861 06TH AVE 222 , SAN DIEGO, CA 92101-6312","21387 Crestwind Dr, San Marcos, California, 92078",100.0,-117.145216342595,33.103926942267
1993002279,AVANTI INTERNATIONAL TRADING,CORP,4565 RUFFNER ST 201 ,SAN DIEGO,CA,92111-2259,4229,MISCELLANEOUS NONDURABLE GOODS WHSLE,Wholesale Trade,Core,"4565 RUFFNER ST 201 , SAN DIEGO, CA 92111-2259","10031 Marconi Dr, San Diego, California, 92154",99.43,-116.9293742892,32.554248982367
1999013665,AVERY PRODUCTS CORPORATION,CORP,6987 CALLE DE LINEA 101 ,SAN DIEGO,CA,92154-8016,322299,ALL OTHER CONVERTED PAPER PRODUCT MFG,Manufacturing,Core,"6987 CALLE DE LINEA 101 , SAN DIEGO, CA 92154-8016","6987 Calle de Linea, Suite 101, San Diego, California, 92154",100.0,-116.989692979022,32.548189578833
2001010848,AVI MAXIM WHOLESALE LLC,LLC,10031 MARCONI DR 3F ,SAN DIEGO,CA,92154-5206,42199,OTHER MISCELLANEOUS DURABLE GOODS WHSLE,Wholesale Trade,Core,"10031 MARCONI DR 3F , SAN DIEGO, CA 92154-5206","8756 Sherwood Ter, San Diego, California, 92154",100.0,-116.954767013413,32.567997399051
2023002365,AVIATION LEASING COMPANY LLC,LLC,8756 SHERWOOD TER ,SAN DIEGO,CA,92154-7718,481,AIR TRANSPORTATION,Transportation and Warehousing,Core,"8756 SHERWOOD TER , SAN DIEGO, CA 92154-7718","92101-6312, San Diego, California",86.5,-117.159229040686,32.714230009687
1995011689,AWV INC,CORP,3487 KURTZ ST ,SAN DIEGO,CA,92110-4430,4229,MISCELLANEOUS NONDURABLE GOODS WHSLE,Wholesale Trade,Core,"3487 KURTZ ST , SAN DIEGO, CA 92110-4430","21250 Hawthorne Blvd, Suite 500, Torrance, California, 90503",100.0,-118.353225448333,33.836077718919
2025015212,AXELLIANT LLC,LLC,21250 HAWTHORNE BLVD 500 ,TORRANCE,CA,90503-5514,42143,COMPUTER & PERIPHERAL EQUIP & SOFTWARE WHSLE,Wholesale Trade,Core,"21250 HAWTHORNE BLVD 500 , TORRANCE, CA 90503-5514","3487 Kurtz St, San Diego, California, 92110",100.0,-117.209701508847,32.755826964395
2020005936,AXON ENTERPRISE INC,CORP,17800 N 85TH ST ,SCOTTSDALE,AZ,85255-6311,339,MISCELLANEOUS MFG,Manufacturing,Core,"17800 N 85TH ST , SCOTTSDALE, AZ 85255-6311","6938 Casselberry Way, San Diego, California, 92119",100.0,-117.048100427281,32.800095902197
2015028630,AZTEC CONTAINER,SCORP,2550 S SANTA FE AVE ,VISTA,CA,92084-8005,42199,OTHER MISCELLANEOUS DURABLE GOODS WHSLE,Wholesale Trade,Core,"2550 S SANTA FE AVE , VISTA, CA 92084-8005","2550 S Santa Fe Ave, Vista, California, 92084",100.0,-117.20533126835,33.162528012489
2025008537,AZTEC FREIGHT SERVICES LLC,LLC,302 WASHINGTON ST ,SAN DIEGO,CA,92103-2110,4841,GENERAL FREIGHT TRUCKING,Transportation and Warehousing,Core,"302 WASHINGTON ST , SAN DIEGO, CA 92103-2110","17800 N 85th St, Scottsdale, Arizona, 85255",100.0,-111.89824780072,33.648849177942
2002006057,AZTEC GRAPHICS INC,CORP,6938 CASSELBERRY WAY ,SAN DIEGO,CA,92119-2204,42199,OTHER MISCELLANEOUS DURABLE GOODS WHSLE,Wholesale Trade,Core,"6938 CASSELBERRY WAY , SAN DIEGO, CA 92119-2204","302 Washington St, San Diego, California, 92103",100.0,-117.162605438923,32.750001793145
2016007871,B A B AUTO SALE,SOLE,17545 ASHBURTON RD ,SAN DIEGO,CA,92128-3909,42111,AUTOMOBILE & OTHER MOTOR VEHICLE WHSLE,Wholesale Trade,Core,"17545 ASHBURTON RD , SAN DIEGO, CA 92128-3909","17545 Ashburton Rd, San Diego, California, 92128",100.0,-117.07684364965,33.031757121455
1998000803,B C S PRODUCE COMPANY INC,CORP,7808 SAINT ANDREWS AVE ,SAN DIEGO,CA,92154-8231,49312,REFRIGERATED WAREHOUSING & STORAGE,Transportation and Warehousing,Core,"7808 SAINT ANDREWS AVE , SAN DIEGO, CA 92154-8231","8480 Miralani Dr, San Diego, California, 92126",100.0,-117.140132047767,32.896123930298
2007005593,B&M NOBLE CO,CORP,8480 MIRALANI DR ,SAN DIEGO,CA,92126-4349,42131,"LUMBER, PLYWOOD, MILLWORK & WOOD PANEL WHSLE",Wholesale Trade,Core,"8480 MIRALANI DR , SAN DIEGO, CA 92126-4349","8533 Production Ave, San Diego, California, 92121",99.23,-117.165745970404,32.881233437397
2024002774,BACK NINE INDUSTRIES LLC,LLC,8533 PRODUCTION AVE 200 ,SAN DIEGO,CA,92121-2204,4219,MISCELLANEOUS DURABLE GOODS WHSLE,Wholesale Trade,Core,"8533 PRODUCTION AVE 200 , SAN DIEGO, CA 92121-2204","7808 Saint Andrews Ave, San Diego, California, 92154",100.0,-116.972059550216,32.566010971817
2016003929,BAE SYSTEMS INFO & ELECTRONIC SYSTEMS INTEGRATION,CORP,10920 TECHNOLOGY PL ,SAN DIEGO,CA,92127-1874,33641,AEROSPACE PRODUCT & PARTS MFG,Manufacturing,Core,"10920 TECHNOLOGY PL , SAN DIEGO, CA 92127-1874","10920 Technology Pl, San Diego, California, 92127",100.0,-117.094257388773,33.009562554308
1982005138,BAE SYSTEMS SAN DIEGO SHIP REPAIR,CORP,1427 SAMPSON ST ,SAN DIEGO,CA,92113,336611,SHIP BUILDING & REPAIRING,Manufacturing,Core,"1427 SAMPSON ST , SAN DIEGO, CA 92113","1427 Sampson St, San Diego, California, 92113",100.0,-117.142532205741,32.691242807867
2014032821,BAILONS PARTY RENTALS,SOLE,4270 47TH ST 3 ,SAN DIEGO,CA,92115-4907,488,TRANSPORTATION SUPPORT ACTIVITIES,Transportation and Warehousing,Core,"4270 47TH ST 3 , SAN DIEGO, CA 92115-4907","600 B St, Suite 1530, San Diego, California, 92101",100.0,-117.158790080416,32.717813818119
1982009259,BAJA BULK CARRIERS S.A.,CORP,600 B ST 1530 ,SAN DIEGO,CA,92101-4506,483,WATER TRANSPORTATION,Transportation and Warehousing,Core,"600 B ST 1530 , SAN DIEGO, CA 92101-4506","9635 Heinrich Hertz Dr, Suite 4, San Diego, California, 92154",100.0,-116.937216397811,32.558534817099
2006015803,BAJA CONNECTORS,CORP,9635 HEINRICH HERTZ DR 4 ,SAN DIEGO,CA,92154-7918,42299,OTHER MISCELLANEOUS NONDURABLE GOODS WHSLE,Wholesale Trade,Core,"9635 HEINRICH HERTZ DR 4 , SAN DIEGO, CA 92154-7918","9927 Via de la Amistad, San Diego, California, 92154",100.0,-116.930874063136,32.552769911733
2021008177,BAJA CONTRACT INC,CORP,9927 VIA DE LA AMISTAD ,SAN DIEGO,CA,92154-7208,42122,HOME FURNISHING WHSLE,Wholesale Trade,Core,"9927 VIA DE LA AMISTAD , SAN DIEGO, CA 92154-7208","4270 47th St, Apartment 3, San Diego, California, 92115",100.0,-117.093343928965,32.754751440489
2018017098,BAJA DIVING & WATERSPORTS LLC,LLC,1729 PALM AVE ,SAN DIEGO,CA,92154-1150,42191,SPORTING & RECREATIONAL GOODS & SUPPLY WHSLE,Wholesale Trade,Core,"1729 PALM AVE , SAN DIEGO, CA 92154-1150","1729 Palm Ave, San Diego, California, 92154",100.0,-117.096462667499,32.583719125289
2006006892,BAJA EXPORTING,SCORP,7625 BRITANNIA PARK PL ,SAN DIEGO,CA,92154-7420,42241,GENERAL LINE GROCERY WHSLE,Wholesale Trade,Core,"7625 BRITANNIA PARK PL , SAN DIEGO, CA 92154-7420","7625 Britannia Park Pl, San Diego, California, 92154",100.0,-116.977692859703,32.555192491298
1994000725,BAJA FREIGHT FORWARDERS INC,CORP,8662 SIEMPRE VIVA RD ,SAN DIEGO,CA,92154-6211,49319,OTHER WAREHOUSING & STORAGE,Transportation and Warehousing,Core,"8662 SIEMPRE VIVA RD , SAN DIEGO, CA 92154-6211","4225 Executive Sq, Suite 600, La Jolla, California, 92037",100.0,-117.215663724214,32.874048553814
2026001943,BAJA INDUSTRIAL LIFT LLC,LLC,4225 EXECUTIVE SQ 600 ,LA JOLLA,CA,92037-1484,4219,MISCELLANEOUS DURABLE GOODS WHSLE,Wholesale Trade,Core,"4225 EXECUTIVE SQ 600 , LA JOLLA, CA 92037-1484","8662 Siempre Viva Rd, San Diego, California, 92154",100.0,-116.956949828638,32.553361087364
2025022802,BAJA INT CARRIER INC,CORP,524 W CALLE PRIMERA 1007-4 ,SAN YSIDRO,CA,92173-2807,48412,"GENERAL FREIGHT TRUCKING, LONG-DISTANCE",Transportation and Warehousing,Core,"524 W CALLE PRIMERA 1007-4 , SAN YSIDRO, CA 92173-2807","524 W Calle Primera, Suite 1007, San Ysidro, California, 92173",100.0,-117.054665552943,32.554807426666
2009020950,BAJA LOGISTICS LLC,LLC,8774 APPROACH RD ,SAN DIEGO,CA,92154-7709,48411,"GENERAL FREIGHT TRUCKING, LOCAL",Transportation and Warehousing,Core,"8774 APPROACH RD , SAN DIEGO, CA 92154-7709","2325 Via Tercero, Suite 1107, San Ysidro, California, 92173",100.0,-117.055209119364,32.55385486528
2026002649,BAJA LOGISTICS LLC,LLC,8774 APPROACH RD ,SAN DIEGO,CA,92154-7709,42111,AUTOMOBILE & OTHER MOTOR VEHICLE WHSLE,Wholesale Trade,Core,"8774 APPROACH RD , SAN DIEGO, CA 92154-7709","8774 Approach Rd, San Diego, California, 92154",100.0,-116.954367783365,32.569640419711
2015030421,BAJA MEX INC,CORP,2325 VIA TERCERO 1107 ,SAN YSIDRO,CA,92173-2837,42199,OTHER MISCELLANEOUS DURABLE GOODS WHSLE,Wholesale Trade,Core,"2325 VIA TERCERO 1107 , SAN YSIDRO, CA 92173-2837","8774 Approach Rd, San Diego, California, 92154",100.0,-116.954367783365,32.569640419711
2019000808,BAJA ORGANIC PRODUCE LLC,LLC,3065 BEYER BLVD B-103 ,SAN DIEGO,CA,92154-3499,42248,FRESH FRUIT & VEGETABLE WHSLE,Wholesale Trade,Core,"3065 BEYER BLVD B-103 , SAN DIEGO, CA 92154-3499","3065 Beyer Blvd, Suite 103, San Diego, California, 92154",99.94,-117.065326998506,32.572089737548
2019025328,BAJA PACIFIC AGGREGATES LLC,LLC,5528 RUTGERS RD ,LA JOLLA,CA,92037-7821,42199,OTHER MISCELLANEOUS DURABLE GOODS WHSLE,Wholesale Trade,Core,"5528 RUTGERS RD , LA JOLLA, CA 92037-7821","6259 Progressive Ave, Suite 200, San Diego, California, 92154",100.0,-117.0024878704,32.571016225298
2013058249,BAJA PAPER MILL INC,CORP,6259 PROGRESSIVE AVE 200 ,SAN DIEGO,CA,92154-6644,3221,"PULP, PAPER & PAPERBOARD MILLS",Manufacturing,Core,"6259 PROGRESSIVE AVE 200 , SAN DIEGO, CA 92154-6644","1886 Newton Ave, San Diego, California, 92113",100.0,-117.146072134909,32.700026874757
1991007182,BAJA PRODUCE,SOLE,1886 NEWTON AVE ,SAN DIEGO,CA,92113-2118,422,"WHOLESALE TRADE, NONDURABLE GOODS",Wholesale Trade,Core,"1886 NEWTON AVE , SAN DIEGO, CA 92113-2118","5528 Rutgers Rd, La Jolla, California, 92037",100.0,-117.256651817475,32.815561561294
2023013907,BAJA PRODUCE LLC,LLC,1886 NEWTON AVE ,SAN DIEGO,CA,92113-2118,422,"WHOLESALE TRADE, NONDURABLE GOODS",Wholesale Trade,Core,"1886 NEWTON AVE , SAN DIEGO, CA 92113-2118","1886 Newton Ave, San Diego, California, 92113",100.0,-117.146072134909,32.700026874757
2020013108,BAJA RESTAURANT SUPPLY,SOLE,1708 SAN EUGENIO ST ,SAN DIEGO,CA,92154-6705,42144,OTHER COMMERCIAL EQUIPMENT WHSLE,Wholesale Trade,Core,"1708 SAN EUGENIO ST , SAN DIEGO, CA 92154-6705","9923 Via de la Amistad, Suite 105, San Diego, California, 92154",100.0,-116.930735761733,32.55276752289
2006004604,BAJASYS LLC,LLC,9923 VIA DE LA AMISTAD 105 ,SAN DIEGO,CA,92154-7215,42169,OTHER ELECTRONIC PARTS & EQUIPMENT WHSLE,Wholesale Trade,Core,"9923 VIA DE LA AMISTAD 105 , SAN DIEGO, CA 92154-7215","1638 Manzana Way, San Diego, California, 92139",100.0,-117.026394147904,32.688760926336
1991002060,BAK-RE-PAIR INC,CORP,6383 NANCY RIDGE DR 101 ,SAN DIEGO,CA,92121-2247,3327,"MACH SHOPS, TURN PROD, SCREW, NUT, BOLT MFG",Manufacturing,Core,"6383 NANCY RIDGE DR 101 , SAN DIEGO, CA 92121-2247","6383 Nancy Ridge Dr, Suite 101, San Diego, California, 92121",100.0,-117.183504121929,32.887287518423
2018010753,BAKED BY BRODRIC,SOLE,1638 MANZANA WAY ,SAN DIEGO,CA,92139-4015,311811,RETAIL BAKERIES,Manufacturing,Core,"1638 MANZANA WAY , SAN DIEGO, CA 92139-4015","1638 Manzana Way, San Diego, California, 92139",100.0,-117.026394147904,32.688760926336
2025008750,BAKED BY BRODRIC,SOLE,1638 MANZANA WAY ,SAN DIEGO,CA,92139-4015,31181,BREAD & BAKERY PRODUCT MFG,Manufacturing,Core,"1638 MANZANA WAY , SAN DIEGO, CA 92139-4015","635 Chamberlain Ave, Apartment 19, El Cajon, California, 92020",100.0,-116.96943970256,32.789467020328
2024009265,BAKED BY NANIS,SOLE,635 CHAMBERLAIN AVE 19 ,EL CAJON,CA,92020-4961,31181,BREAD & BAKERY PRODUCT MFG,Manufacturing,Core,"635 CHAMBERLAIN AVE 19 , EL CAJON, CA 92020-4961","1708 San Eugenio, San Diego, California, 92154",98.04,-117.015196847271,32.563545686455
2006013397,BALA GEAR LLC,LLC,964 ARCHER ST ,SAN DIEGO,CA,92109-1124,42299,OTHER MISCELLANEOUS NONDURABLE GOODS WHSLE,Wholesale Trade,Core,"964 ARCHER ST , SAN DIEGO, CA 92109-1124","10211 Swanton Dr, Santee, California, 92071",100.0,-117.000890782569,32.863304504595
2018000898,BALI EXPRESS SERVICES INC,CORP,9200 SIEMPRE VIVA RD ,SAN DIEGO,CA,92154-7628,488,TRANSPORTATION SUPPORT ACTIVITIES,Transportation and Warehousing,Core,"9200 SIEMPRE VIVA RD , SAN DIEGO, CA 92154-7628","964 Archer St, San Diego, California, 92109",100.0,-117.25680805615,32.811195930844
1989014132,BARB-WIRE DESIGNS,SOLE,10211 SWANTON DR ,SANTEE,CA,92071,422,"WHOLESALE TRADE, NONDURABLE GOODS",Wholesale Trade,Core,"10211 SWANTON DR , SANTEE, CA 92071","3809 Tomahawk Ln, San Diego, California, 92117",100.0,-117.197503492794,32.809371777256
1995005100,BARBARA HEARD,SOLE,3809 TOMAHAWK LN ,SAN DIEGO,CA,92117-5852,327,NONMETALLIC MINERAL PRODUCT MFG,Manufacturing,Core,"3809 TOMAHAWK LN , SAN DIEGO, CA 92117-5852","9200 Siempre Viva Rd, San Diego, California, 92154",100.0,-116.946278134531,32.553200419924
1983016689,BARBARA MURRAY IMPORTS INC,CORP,4951 SEPTEMBER ST ,SAN DIEGO,CA,92110,4223,"APPAREL, PIECE GOODS & NOTIONS WHSLE",Wholesale Trade,Core,"4951 SEPTEMBER ST , SAN DIEGO, CA 92110","11367 Legacy Canyon Pl, San Diego, California, 92131",100.0,-117.058803111808,32.925340269192
2022007926,BARDINE SKEETE,SOLE,11367 LEGACY CANYON PL ,SAN DIEGO,CA,92131-3524,421,"WHOLESALE TRADE, DURABLE GOODS",Wholesale Trade,Core,"11367 LEGACY CANYON PL , SAN DIEGO, CA 92131-3524","4951 September St, San Diego, California, 92110",100.0,-117.189743275377,32.777802302864
1978035488,BARRETT ENGINEERED PUMPS,CORP,1695 NATIONAL AVE ,SAN DIEGO,CA,92113-1008,4214,PROFESSIONAL & COMMERCIAL EQUIP & SUPP WHSLE,Wholesale Trade,Core,"1695 NATIONAL AVE , SAN DIEGO, CA 92113-1008","1695 National Ave, San Diego, California, 92113",100.0,-117.14869852045,32.703129813402
2022007700,BARRIOS DISTRIBUTING,SOLE,2333 CAMINO DEL RIO SOUTH 130 ,SAN DIEGO,CA,92108-3607,422,"WHOLESALE TRADE, NONDURABLE GOODS",Wholesale Trade,Core,"2333 CAMINO DEL RIO SOUTH 130 , SAN DIEGO, CA 92108-3607","12620 Fiorenza Ln, Unit 231, San Diego, California, 92128",100.0,-117.093268324199,32.947374448621
2025015711,BARRY J GREENE ,SOLE,3240 OLIPHANT ST ,SAN DIEGO,CA,92106-1942,31699,OTHER LEATHER & ALLIED PRODUCT MFG,Manufacturing,Core,"3240 OLIPHANT ST , SAN DIEGO, CA 92106-1942","2333 Camino del Rio S, Suite 130, San Diego, California, 92108",100.0,-117.14009717905,32.76801014448
2026002735,BASELINE DISTRIBUTION,LLC,12620 FIORENZA LN 231 ,SAN DIEGO,CA,92128-5659,42249,OTHER GROCERY & RELATED PRODUCTS WHSLE,Wholesale Trade,Core,"12620 FIORENZA LN 231 , SAN DIEGO, CA 92128-5659","3240 Oliphant St, San Diego, California, 92106",100.0,-117.226830514719,32.732192218645
2021008929,BASHERT PRESS,SOLE,3130 ARROYO SORRENTO RD ,SAN DIEGO,CA,92130-2601,3231,PRINTING & RELATED SUPPORT ACTIVITIES,Manufacturing,Core,"3130 ARROYO SORRENTO RD , SAN DIEGO, CA 92130-2601","3130 Arroyo Sorrento Rd, San Diego, California, 92130",100.0,-117.232967157491,32.92679478085
2014016751,BASIMPLEASY,SOLE,3551 COWLEY WAY ,SAN DIEGO,CA,92117-5835,32312,PRINTING SUPPORT ACTIVITIES,Manufacturing,Core,"3551 COWLEY WAY , SAN DIEGO, CA 92117-5835","3551 Cowley Way, San Diego, California, 92117",100.0,-117.195968431046,32.805524399879
2022001880,BAXTER HEALTHCARE CORPORATION,SCORP,1 BAXTER PKWY ,DEERFIELD,IL,60015-4625,339,MISCELLANEOUS MFG,Manufacturing,Core,"1 BAXTER PKWY , DEERFIELD, IL 60015-4625","1 Baxter Pkwy, Deerfield, Illinois, 60015",100.0,-87.878130389321,42.157749166786
1999001805,BAY INSULATION SUPPLY OF SAN DIEGO INC,CORP,7328 TRADE ST 200 ,SAN DIEGO,CA,92121-2426,42199,OTHER MISCELLANEOUS DURABLE GOODS WHSLE,Wholesale Trade,Core,"7328 TRADE ST 200 , SAN DIEGO, CA 92121-2426","6495 Lipmann St, San Diego, California, 92122",100.0,-117.198989185132,32.854978592533
1997000187,BAY PARK MOVING,CORP,6495 LIPMANN ST ,SAN DIEGO,CA,92122-2529,484,TRUCK TRANSPORTATION,Transportation and Warehousing,Core,"6495 LIPMANN ST , SAN DIEGO, CA 92122-2529","7328 Trade St, Suite 200, San Diego, California, 92121",100.0,-117.164684737644,32.888701168303
2015037394,BAYCITY BREWING COMPANY,SOLE,3760 HANCOCK ST A ,SAN DIEGO,CA,92110-4326,31212,BREWERIES,Manufacturing,Core,"3760 HANCOCK ST A , SAN DIEGO, CA 92110-4326","11295 Pabellon Cir, San Diego, California, 92124",100.0,-117.084795980288,32.824351537425
2025015814,BAYLIN B BASKERVILLEBRIDGE ,SOLE,11295 PABELLON CIR ,SAN DIEGO,CA,92124-2202,3399,OTHER MISCELLANEOUS MFG,Manufacturing,Core,"11295 PABELLON CIR , SAN DIEGO, CA 92124-2202","2827 Presidio Dr, San Diego, California, 92110",100.0,-117.196231790444,32.758836402911
1997004290,BDC SPECIAL WASTE SERVICE,CORP,1211 W GLADSTONE ST ,AZUSA,CA,91702-5142,493,WAREHOUSING & STORAGE,Transportation and Warehousing,Core,"1211 W GLADSTONE ST , AZUSA, CA 91702-5142","3760 Hancock St, San Diego, California, 92110",100.0,-117.212402325688,32.755493197011
2017005794,BDG DESIGN GROUP LLC,LLC,2827 PRESIDIO DR ,SAN DIEGO,CA,92110-2722,421,"WHOLESALE TRADE, DURABLE GOODS",Wholesale Trade,Core,"2827 PRESIDIO DR , SAN DIEGO, CA 92110-2722","1211 W Gladstone St, Azusa, California, 91702",100.0,-117.929225588166,34.114381489125
2004004286,BEA & B FOODS,SOLE,5555 SANTA FE ST ,SAN DIEGO,CA,92109-1602,311942,SPICE & EXTRACT MFG,Manufacturing,Core,"5555 SANTA FE ST , SAN DIEGO, CA 92109-1602","8291 Aero Pl, San Diego, California, 92123",99.06,-117.147097996039,32.807961312499
2024002759,BEACONMEDAES LLC,LLC,8291 AERO PL 100 ,SAN DIEGO,CA,92123-2037,81131,COMMERCIAL EQUIPMENT (EXC AUTO & ELEC) R&M,Industrial Machinery Repair,Core,"8291 AERO PL 100 , SAN DIEGO, CA 92123-2037","5555 Santa Fe St, San Diego, California, 92109",100.0,-117.231327238135,32.825170239818
2023001866,BEAD OF GOOD CHEER,SOLE,12627 RUE SIENNE NORD ,SAN DIEGO,CA,92131-2225,33991,JEWELRY & SILVERWARE MFG,Manufacturing,Core,"12627 RUE SIENNE NORD , SAN DIEGO, CA 92131-2225","12627 Rue Sienne Nord, San Diego, California, 92131",100.0,-117.064783432085,32.904846641656
2020004406,BEAM GLOBAL,CORP,5660 EASTGATE DR ,SAN DIEGO,CA,92121-2816,3399,OTHER MISCELLANEOUS MFG,Manufacturing,Core,"5660 EASTGATE DR , SAN DIEGO, CA 92121-2816","5660 Eastgate Dr, San Diego, California, 92121",100.0,-117.197229572198,32.883453426363
1993007479,BEAN ME UP CAFE,SOLE,2231 SUNSET CLIFFS BLVD ,SAN DIEGO,CA,92107-1320,422,"WHOLESALE TRADE, NONDURABLE GOODS",Wholesale Trade,Core,"2231 SUNSET CLIFFS BLVD , SAN DIEGO, CA 92107-1320","2231 Sunset Cliffs Blvd, San Diego, California, 92107",100.0,-117.242810361666,32.750309241354
2026000266,BEAR WATER INDUSTRY,SOLE,12001 CAMINITO CADENA ,SAN DIEGO,CA,92128-2030,33331,COMMERCIAL & SERVICE INDUSTRY MACHINERY MFG,Manufacturing,Core,"12001 CAMINITO CADENA , SAN DIEGO, CA 92128-2030","12001 Caminito Cadena, San Diego, California, 92128",100.0,-117.071203299366,33.025523835339
2025011268,BEBU BATH AND BEAUTY,SOLE,4901 MORENA BLVD 315 ,SAN DIEGO,CA,92117-3389,3399,OTHER MISCELLANEOUS MFG,Manufacturing,Core,"4901 MORENA BLVD 315 , SAN DIEGO, CA 92117-3389","4901 Morena Blvd, Suite 315, San Diego, California, 92117",100.0,-117.230346136368,32.826846410906
2007005332,BECKY HOURANI TRUCKING LLC,LLC,5014 E MOUNTAIN VIEW DR ,SAN DIEGO,CA,92116,48422,"SPECIALIZED FRGT (EXC USED) TRUCKING, LOCAL",Transportation and Warehousing,Core,"5014 E MOUNTAIN VIEW DR , SAN DIEGO, CA 92116","7120 Miramar Rd, San Diego, California, 92121",100.0,-117.160901817102,32.879496036507
2005006316,BEDFORD BUILT/ COALESCE,SOLE,2360 INDIA ST ,SAN DIEGO,CA,92101-1210,337,FURNITURE & RELATED PRODUCT MFG,Manufacturing,Core,"2360 INDIA ST , SAN DIEGO, CA 92101-1210","2360 India St, San Diego, California, 92101",100.0,-117.170693640211,32.729180265558
1991005555,BEDROSIANS,CORP,7120 MIRAMAR RD ,SAN DIEGO,CA,92121-2316,4213,LUMBER & OTHER CONSTRUCTION MATERIALS WHSLE,Wholesale Trade,Core,"7120 MIRAMAR RD , SAN DIEGO, CA 92121-2316","5014 E Mountain View Dr, San Diego, California, 92116",100.0,-117.116945608108,32.769449065798
1991003921,BEIMAR INC,CORP,4225 CORTE DE LA SIENA ,SAN DIEGO,CA,92130-2118,4223,"APPAREL, PIECE GOODS & NOTIONS WHSLE",Wholesale Trade,Core,"4225 CORTE DE LA SIENA , SAN DIEGO, CA 92130-2118","5142 Manzanares Way, San Diego, California, 92114",100.0,-117.083535258231,32.703287770368
2023011619,BEISH HOLDINGS INC,SCORP,5202 LOVELOCK ST ,SAN DIEGO,CA,92110-4011,4229,MISCELLANEOUS NONDURABLE GOODS WHSLE,Wholesale Trade,Core,"5202 LOVELOCK ST , SAN DIEGO, CA 92110-4011","5202 Lovelock St, San Diego, California, 92110",100.0,-117.203190781736,32.76514386887
2025013663,BELGIUM WAFFLES,PARTNR,5142 MANZANARES WAY ,SAN DIEGO,CA,92114-3724,422,"WHOLESALE TRADE, NONDURABLE GOODS",Wholesale Trade,Core,"5142 MANZANARES WAY , SAN DIEGO, CA 92114-3724","4225 Corte de la Siena, San Diego, California, 92130",100.0,-117.224966547091,32.946811310456
2018000324,BELLEGRIN CORP,CORP,3738 MAIN ST ,SAN DIEGO,CA,92113-3830,42111,AUTOMOBILE & OTHER MOTOR VEHICLE WHSLE,Wholesale Trade,Core,"3738 MAIN ST , SAN DIEGO, CA 92113-3830","9089 Clairemont Mesa Blvd, Suite 210, San Diego, California, 92123",100.0,-117.13335871563,32.831295525111
1999011668,BEME INTERNATIONAL L L C,CORP,9089 CLAIREMONT MESA BLVD 210 ,SAN DIEGO,CA,92123-1225,3352,HOUSEHOLD APPLIANCE MFG,Manufacturing,Core,"9089 CLAIREMONT MESA BLVD 210 , SAN DIEGO, CA 92123-1225","3738 Main St, San Diego, California, 92113",100.0,-117.114063071606,32.684631749375
2007005015,BEN IMPORT & EXPORT COMPANY,SOLE,3337 43RD ST ,SAN DIEGO,CA,92105-4201,42112,MOTOR VEHICLE SUPPLIES & NEW PARTS WHSLE,Wholesale Trade,Core,"3337 43RD ST , SAN DIEGO, CA 92105-4201","3597 Hancock St, San Diego, California, 92110",99.41,-117.209799577114,32.757949681374
2007002916,BEN MILANO SURFBOARDS,SOLE,3597 HANCOCK ST 2B ,SAN DIEGO,CA,92110-4308,339,MISCELLANEOUS MFG,Manufacturing,Core,"3597 HANCOCK ST 2B , SAN DIEGO, CA 92110-4308","5000 N Harbor Dr, San Diego, California, 92106",99.14,-117.224844674219,32.725533592852
1996009332,BENCHMARK CUSTOM WELDING INC,CORP,5000 N HARBOR DR 130 ,SAN DIEGO,CA,92106-2386,332,FABRICATED METAL PRODUCT MFG,Manufacturing,Core,"5000 N HARBOR DR 130 , SAN DIEGO, CA 92106-2386","3337 43rd St, San Diego, California, 92105",100.0,-117.101938983939,32.740913211713
2023004503,BENJAMIN MANRIQUEZ DISTRIBUTIONS,CORP,4006 1/2 S CRAVEN S RD 8 ,OCEANSIDE,CA,92057-1304,42249,OTHER GROCERY & RELATED PRODUCTS WHSLE,Wholesale Trade,Core,"4006 1/2 S CRAVEN S RD 8 , OCEANSIDE, CA 92057-1304","1202 Piper Ranch Rd, San Diego, California, 92154",100.0,-116.953794125912,32.573199543438
2002000047,BENNETT CRONE LUMBER AND PLYWOOD INC,CORP,1202 PIPER RANCH RD ,SAN DIEGO,CA,92154-7714,42199,OTHER MISCELLANEOUS DURABLE GOODS WHSLE,Wholesale Trade,Core,"1202 PIPER RANCH RD , SAN DIEGO, CA 92154-7714","11310 Crystal Oaks Way, San Diego, California, 92131",100.0,-117.105937319391,32.923494280746
2022009076,BENZ SUPPLY & CONSULTING,LLC,11310 CRYSTAL OAKS WAY ,SAN DIEGO,CA,92131-2955,421,"WHOLESALE TRADE, DURABLE GOODS",Wholesale Trade,Core,"11310 CRYSTAL OAKS WAY , SAN DIEGO, CA 92131-2955","14781 Pomerado Rd, Poway, California, 92064",99.12,-117.06225000185,32.980052597346
2015038871,BERNARDO HEIGHTS II RECREATION ASSOCIATI,CORP,9610 WAPLES ST ,SAN DIEGO,CA,92121-2992,48841,MOTOR VEHICLE TOWING,Transportation and Warehousing,Core,"9610 WAPLES ST , SAN DIEGO, CA 92121-2992","9610 Waples St, San Diego, California, 92121",100.0,-117.181853809013,32.903719527137
2025014561,BERRY'S MARINE SERVICE LLC,LLC,1017 BARONA RD ,LAKESIDE,CA,92040,336611,SHIP BUILDING & REPAIRING,Manufacturing,Core,"1017 BARONA RD , LAKESIDE, CA 92040","4390 Niagara Ave, San Diego, California, 92107",100.0,-117.241174800899,32.739519510763
2018014695,BESPOKE MAESTRO,SOLE,14781 POMERADO RD 538 ,POWAY,CA,92064-2802,315,APPAREL MANUFACTURING,Manufacturing,Core,"14781 POMERADO RD 538 , POWAY, CA 92064-2802","1017 Barona Rd, Lakeside, California, 92040",100.0,-116.882167829611,32.946822165021
1997007605,BEST ART,SOLE,4390 NIAGARA AVE ,SAN DIEGO,CA,92107-2926,339999,ALL OTHER MISCELLANEOUS MFG,Manufacturing,Core,"4390 NIAGARA AVE , SAN DIEGO, CA 92107-2926","3705 El Cajon Blvd, San Diego, California, 92105",100.0,-117.113351615664,32.755110688859
2006012434,BEST AUTO CONNECTION,CORP,3914 MURPHY CANYON RD A220 ,SAN DIEGO,CA,92123-4472,42111,AUTOMOBILE & OTHER MOTOR VEHICLE WHSLE,Wholesale Trade,Core,"3914 MURPHY CANYON RD A220 , SAN DIEGO, CA 92123-4472","3914 Murphy Canyon Rd, Suite A 220, San Diego, California, 92123",100.0,-117.116651151849,32.81577743721
2022007305,BEST CHOICE AUTO SALES,SOLE,3705 EL CAJON BLVD A ,SAN DIEGO,CA,92105-1004,4211,MOTOR VEHICLE/MOTOR VEHICLE PT & SUPPLY WHSLE,Wholesale Trade,Core,"3705 EL CAJON BLVD A , SAN DIEGO, CA 92105-1004","1253 Broadway, El Cajon, California, 92021",99.09,-116.938028771867,32.807610446032
1998010453,BEST COMPANY/BEST CLEAN CARPET,SOLE,1253 BROADWAY 428 ,EL CAJON,CA,92021-4902,421,"WHOLESALE TRADE, DURABLE GOODS",Wholesale Trade,Core,"1253 BROADWAY 428 , EL CAJON, CA 92021-4902","16454 Camelas Walk, San Diego, California, 92127",100.0,-117.11354766838,33.0103319292
2005008960,BEST IN THE WEST TOWING,H-W,8449 MIRACREST PL ,SAN DIEGO,CA,92121-2651,48841,MOTOR VEHICLE TOWING,Transportation and Warehousing,Core,"8449 MIRACREST PL , SAN DIEGO, CA 92121-2651","8449 Miracrest Pl, San Diego, California, 92121",100.0,-117.169496452981,32.878718363531
2013036907,BEST VALUE AUTO GROUP,SOLE,16454 CAMELAS WALK ,SAN DIEGO,CA,92127-4401,42111,AUTOMOBILE & OTHER MOTOR VEHICLE WHSLE,Wholesale Trade,Core,"16454 CAMELAS WALK , SAN DIEGO, CA 92127-4401","3020 Dale St, San Diego, California, 92104",100.0,-117.130643481915,32.736903476872
2011027536,BESTON BARNETT DESIGN,SOLE,3020 DALE ST ,SAN DIEGO,CA,92104-4930,3379,OTHER FURNITURE RELATED PRODUCT MFG,Manufacturing,Core,"3020 DALE ST , SAN DIEGO, CA 92104-4930","9835 Mira Lee Way, Apartment 31106, San Diego, California, 92126",100.0,-117.116962539552,32.922019945887
2024004996,BESTWEST STAR INC,SCORP,9835 MIRA LEE WAY 31106 ,SAN DIEGO,CA,92126-6748,484,TRUCK TRANSPORTATION,Transportation and Warehousing,Core,"9835 MIRA LEE WAY 31106 , SAN DIEGO, CA 92126-6748","5364 Aurora Summit Trl, San Diego, California, 92130",100.0,-117.198117886297,32.97202826616
2015003370,BETBE INC,CORP,5364 AURORA SUMMIT TRL ,SAN DIEGO,CA,92130-5066,339999,ALL OTHER MISCELLANEOUS MFG,Manufacturing,Core,"5364 AURORA SUMMIT TRL , SAN DIEGO, CA 92130-5066","3318 Hancock St, San Diego, California, 92110",100.0,-117.206405157785,32.75508122647
2019000232,BETTER BUILT PACKAGING INC,SCORP,501 W BROADWAY 800 ,SAN DIEGO,CA,92101-3546,42199,OTHER MISCELLANEOUS DURABLE GOODS WHSLE,Wholesale Trade,Core,"501 W BROADWAY 800 , SAN DIEGO, CA 92101-3546","501 W Broadway, Suite 800, San Diego, California, 92101",100.0,-117.167745138131,32.715600702313
2024009229,BETTER BUILT TRUSS,LLC,251 E 4TH ST ,RIPON,CA,95366-2774,488,TRANSPORTATION SUPPORT ACTIVITIES,Transportation and Warehousing,Core,"251 E 4TH ST , RIPON, CA 95366-2774","251 E 4th St, Ripon, California, 95366",100.0,-121.121350480766,37.735414890449
2025013262,BETTER HALFSHELL,CORP,3318 HANCOCK ST ,SAN DIEGO,CA,92110-4301,42246,FISH & SEAFOOD WHSLE,Wholesale Trade,Core,"3318 HANCOCK ST , SAN DIEGO, CA 92110-4301","5059 Newport Ave, Suite 302, San Diego, California, 92107",100.0,-117.252183843987,32.747523012919
2009010421,BETTER SURF THAN SORRY / SURFER BABY,SOLE,5059 NEWPORT AVE 302 ,SAN DIEGO,CA,92107-3082,42233,WOMEN'S/CHILDREN'S/INFANTS' CLOTHING WHSLE,Wholesale Trade,Core,"5059 NEWPORT AVE 302 , SAN DIEGO, CA 92107-3082","7933 Silverton Ave, San Diego, California, 92126",100.0,-117.150863146945,32.890839307984
2025001442,BF MACHINING LP,LP,7933 SILVERTON AVE ,SAN DIEGO,CA,92126-6352,33271,MACHINE SHOPS,Manufacturing,Core,"7933 SILVERTON AVE , SAN DIEGO, CA 92126-6352","4006 Craven Rd, Oceanside, California, 92057",90.98,-117.317432936894,33.226867165988
2023004364,BFJ TRANSPORTATION,SCORP,1049 1/2 GRAND AVE ,SAN DIEGO,CA,92109-4118,484,TRUCK TRANSPORTATION,Transportation and Warehousing,Core,"1049 1/2 GRAND AVE , SAN DIEGO, CA 92109-4118","9353 Activity Rd, San Diego, California, 92126",100.0,-117.125825396332,32.897033199154
1999013083,BIG APPLE SCREENPRINTING INC,CORP,9353 ACTIVITY RD ,SAN DIEGO,CA,92126-4412,315,APPAREL MANUFACTURING,Manufacturing,Core,"9353 ACTIVITY RD , SAN DIEGO, CA 92126-4412","5915 Mira Mesa Blvd, Suite C 1, San Diego, California, 92121",100.0,-117.188744236337,32.900370705361
2013059033,BIJOU JEWELERS INC,SCORP,5915 MIRA MESA BLVD C1 ,SAN DIEGO,CA,92121-4303,42194,JEWELRY/WATCH/PRECIOUS STONE & METAL WHSLE,Wholesale Trade,Core,"5915 MIRA MESA BLVD C1 , SAN DIEGO, CA 92121-4303","1049 1/2 Grand Ave, San Diego, California, 92109",100.0,-117.25006012118,32.795649763567
2019018699,BILL RICHARDS HAULING,SOLE,4044 MARRON ST ,SAN DIEGO,CA,92115-6529,4841,GENERAL FREIGHT TRUCKING,Transportation and Warehousing,Core,"4044 MARRON ST , SAN DIEGO, CA 92115-6529","4044 Marron St, San Diego, California, 92115",100.0,-117.066200476636,32.750815675944
2001009511,BIO PART LABS,SCORP,6939 LA JOLLA BLVD ,LA JOLLA,CA,92037-5427,421,"WHOLESALE TRADE, DURABLE GOODS",Wholesale Trade,Core,"6939 LA JOLLA BLVD , LA JOLLA, CA 92037-5427","6939 La Jolla Blvd, La Jolla, California, 92037",100.0,-117.276799817233,32.832456292972
2002004837,BIOMYX INC,CORP,10054 MESA RIDGE CT 112 ,SAN DIEGO,CA,92121-2946,325,CHEMICAL MFG,Manufacturing,Core,"10054 MESA RIDGE CT 112 , SAN DIEGO, CA 92121-2946","10054 Mesa Ridge Ct, Suite 112, San Diego, California, 92121",100.0,-117.175295891788,32.900834895159
2013035377,BIONANO GENOMICS INC,CORP,9540 TOWNE CENTRE DR 100 ,SAN DIEGO,CA,92121-1989,339999,ALL OTHER MISCELLANEOUS MFG,Manufacturing,Core,"9540 TOWNE CENTRE DR 100 , SAN DIEGO, CA 92121-1989","4770 Ruffner St, San Diego, California, 92111",100.0,-117.158453295547,32.828738835095
2011019420,"BIOSERO, INC. ",CORP,4770 RUFFNER ST ,SAN DIEGO,CA,92111-1520,42199,OTHER MISCELLANEOUS DURABLE GOODS WHSLE,Wholesale Trade,Core,"4770 RUFFNER ST , SAN DIEGO, CA 92111-1520","13517 Silver Ivy Ln, San Diego, California, 92129",100.0,-117.146982493413,32.96496688992
1978042708,BIOSPHERICAL INSTRUMENTS,CORP,5340 RILEY ST ,SAN DIEGO,CA,92110-2621,336,TRANSPORTATION EQUIPMENT MFG,Manufacturing,Core,"5340 RILEY ST , SAN DIEGO, CA 92110-2621","5340 Riley St, San Diego, California, 92110",100.0,-117.194854057019,32.766227187946
2020010666,BIOTIMES INC,CORP,13517 SILVER IVY LN ,SAN DIEGO,CA,92129-4483,31,MANUFACTURING,Manufacturing,Core,"13517 SILVER IVY LN , SAN DIEGO, CA 92129-4483","9540 Towne Centre Dr, San Diego, California, 92121",99.23,-117.208811434549,32.881682539769
2007026833,BIRD ROCK SURF,CORP,5509 LA JOLLA BLVD ,LA JOLLA,CA,92037-7612,42232,MEN'S & BOYS' CLOTHING & FURNISHINGS WHSLE,Wholesale Trade,Core,"5509 LA JOLLA BLVD , LA JOLLA, CA 92037-7612","5509 La Jolla Blvd, La Jolla, California, 92037",100.0,-117.268189255739,32.812593571289
1987015590,BIRDWORKS FIBER ARTS,SOLE,2633 REYNARD WAY ,SAN DIEGO,CA,92103-6416,421,"WHOLESALE TRADE, DURABLE GOODS",Wholesale Trade,Core,"2633 REYNARD WAY , SAN DIEGO, CA 92103-6416","767 Amiford Dr, San Diego, California, 92107",100.0,-117.253106272432,32.72044535853
1983003563,BIRTH DAY PUBLISHING CO,SOLE,767 AMIFORD DR ,SAN DIEGO,CA,92107-4254,323,PRINTING & RELATED SUPPORT ACTIVITIES,Manufacturing,Core,"767 AMIFORD DR , SAN DIEGO, CA 92107-4254","5075 Shoreham Pl, Suite 200, San Diego, California, 92122",100.0,-117.185343279124,32.852453125106
1995008551,BISCO INDUSTRIES INC,CORP,5075 SHOREHAM PL 200 ,SAN DIEGO,CA,92122-5929,4216,ELECTRICAL GOODS WHSLE,Wholesale Trade,Core,"5075 SHOREHAM PL 200 , SAN DIEGO, CA 92122-5929","2633 Reynard Way, San Diego, California, 92103",100.0,-117.169884116002,32.732258016585
2024006366,BIT PROS INC,CORP,670 OPPER ST ,ESCONDIDO,CA,92029-1020,81131,COMMERCIAL EQUIPMENT (EXC AUTO & ELEC) R&M,Industrial Machinery Repair,Core,"670 OPPER ST , ESCONDIDO, CA 92029-1020","5059 Newport Ave, Suite 101, San Diego, California, 92107",100.0,-117.252183843987,32.747523012919
2021014904,BITCHIN WICKS,SOLE,2611 CAMULOS ST 24 ,SAN DIEGO,CA,92107-5113,33999,ALL OTHER MISC MFG,Manufacturing,Core,"2611 CAMULOS ST 24 , SAN DIEGO, CA 92107-5113","670 Opper St, Escondido, California, 92029",100.0,-117.126200570318,33.130084305597
2024013778,BJ SHIPLEY TRUCKING LLC,LLC,1285 LARWOOD RD ,SAN DIEGO,CA,92114-3122,48411,"GENERAL FREIGHT TRUCKING, LOCAL",Transportation and Warehousing,Core,"1285 LARWOOD RD , SAN DIEGO, CA 92114-3122","2611 Camulos St, Apartment 24, San Diego, California, 92107",100.0,-117.230762633137,32.749333336367
1997009354,BK PRINTING INC,SOLE,5059 NEWPORT AVE 101 ,SAN DIEGO,CA,92107-3030,323,PRINTING & RELATED SUPPORT ACTIVITIES,Manufacturing,Core,"5059 NEWPORT AVE 101 , SAN DIEGO, CA 92107-3030","1285 Larwood Rd, San Diego, California, 92114",100.0,-117.039658677317,32.719120347276
2017004359,BLACK COFFEE FABRICATORS INC,CORP,380 W ATHOL ST ,SAN BERNARDINO,CA,92401,33299,ALL OTHER FABRICATED METAL PRODUCT MFG,Manufacturing,Core,"380 W ATHOL ST , SAN BERNARDINO, CA 92401","8680 Miralani Dr, Suite 110, San Diego, California, 92126",100.0,-117.136825470783,32.896192619994
1992002916,BLACK RIDER HARDWARE,SOLE,4404 42ND ST ,SAN DIEGO,CA,92116,421,"WHOLESALE TRADE, DURABLE GOODS",Wholesale Trade,Core,"4404 42ND ST , SAN DIEGO, CA 92116","380 Athol St, San Bernardino, California, 92401",98.87,-117.291212583562,34.097797364973
2025007570,BLACKBIRD SIP CO,SCORP,8680 MIRALANI DR 110 ,SAN DIEGO,CA,92126-6390,42249,OTHER GROCERY & RELATED PRODUCTS WHSLE,Wholesale Trade,Core,"8680 MIRALANI DR 110 , SAN DIEGO, CA 92126-6390","4404 42nd St, San Diego, California, 92116",100.0,-117.105045065798,32.757277704197
2021015552,BLACKBOURNE HOLDINGS,SOLE,3714 CANON ST ,SAN DIEGO,CA,92106-2058,4229,MISCELLANEOUS NONDURABLE GOODS WHSLE,Wholesale Trade,Core,"3714 CANON ST , SAN DIEGO, CA 92106-2058","3714 Canon St, San Diego, California, 92106",100.0,-117.238876734506,32.727692268196
2022011652,BLISS KICKZ LLC,LLC,3802 MAIN ST 9 ,CHULA VISTA,CA,91911-6248,42234,FOOTWEAR WHSLE,Wholesale Trade,Core,"3802 MAIN ST 9 , CHULA VISTA, CA 91911-6248","11653 Spruce Run Dr, San Diego, California, 92131",100.0,-117.086946106091,32.931312500933
1993010319,BLITZ SPECIALTIES,H-W,11653 SPRUCE RUN DR ,SAN DIEGO,CA,92131-3723,422,"WHOLESALE TRADE, NONDURABLE GOODS",Wholesale Trade,Core,"11653 SPRUCE RUN DR , SAN DIEGO, CA 92131-3723","3802 Main St, Chula Vista, California, 91911",99.69,-117.049894908932,32.594725067073
2019000945,BLOCKCHAIN LOGISTICS LLC,LLC,9505 AIRWAY RD 500 ,SAN DIEGO,CA,92154-7937,4841,GENERAL FREIGHT TRUCKING,Transportation and Warehousing,Core,"9505 AIRWAY RD 500 , SAN DIEGO, CA 92154-7937","3320 Hancock St, San Diego, California, 92110",100.0,-117.206433488618,32.755097990276
2025017192,BLUE DOG MOVING,LLC,2667 CAMINO DEL RIO SOUTH 6 ,SAN DIEGO,CA,92108-3778,48421,USED HOUSEHOLD & OFFICE GOODS MOVING,Transportation and Warehousing,Core,"2667 CAMINO DEL RIO SOUTH 6 , SAN DIEGO, CA 92108-3778","2667 Camino del Rio S, Suite 6, San Diego, California, 92108",100.0,-117.135488557227,32.769846451827
1995005220,BLUE PACIFIC SEAFOOD INC,CORP,3320 HANCOCK ST ,SAN DIEGO,CA,92110-4301,422,"WHOLESALE TRADE, NONDURABLE GOODS",Wholesale Trade,Core,"3320 HANCOCK ST , SAN DIEGO, CA 92110-4301","9505 Airway Rd, San Diego, California, 92154",99.12,-116.94008015885,32.560120086446
2013048497,BLUEBEAM INC,CORP,225 BROADWAY 1450 ,SAN DIEGO,CA,92101-5098,42299,OTHER MISCELLANEOUS NONDURABLE GOODS WHSLE,Wholesale Trade,Core,"225 BROADWAY 1450 , SAN DIEGO, CA 92101-5098","225 Broadway, Suite 1450, San Diego, California, 92101",100.0,-117.162408380379,32.71561050914
2026000651,BLUEUNI BIKINIS,SOLE,851 04TH ST D ,ENCINITAS,CA,92024-3415,3152,CUT & SEW APPAREL MFG,Manufacturing,Core,"851 04TH ST D , ENCINITAS, CA 92024-3415","8445 Camino Santa Fe, Suite 210, San Diego, California, 92121",100.0,-117.171687398651,32.880782574825
2025007059,BN3 TRANSPORT,LLC,949 MILLS ST ,ESCONDIDO,CA,92027-1655,4841,GENERAL FREIGHT TRUCKING,Transportation and Warehousing,Core,"949 MILLS ST , ESCONDIDO, CA 92027-1655","17545 Ashburton Rd, San Diego, California, 92128",100.0,-117.07684364965,33.031757121455
2025001277,BNC USA CORP,CORP,8445 CAMINO SANTA FE 210 ,SAN DIEGO,CA,92121-2650,421,"WHOLESALE TRADE, DURABLE GOODS",Wholesale Trade,Core,"8445 CAMINO SANTA FE 210 , SAN DIEGO, CA 92121-2650","949 Mills St, Escondido, California, 92027",100.0,-117.066663995882,33.141552299793
2021015465,BODI ENERGY LLC,LLC,5515 MEADOWS DEL MAR DRWY ,SAN DIEGO,CA,92130-4865,33331,COMMERCIAL & SERVICE INDUSTRY MACHINERY MFG,Manufacturing,Core,"5515 MEADOWS DEL MAR DRWY , SAN DIEGO, CA 92130-4865","6454 Caminito Northland, La Jolla, California, 92037",100.0,-117.239252159949,32.834547577814
2012001402,BONAMI TRANSPORT INC,CORP,8219 AIRWAY RD ,SAN DIEGO,CA,92154-8302,48411,"GENERAL FREIGHT TRUCKING, LOCAL",Transportation and Warehousing,Core,"8219 AIRWAY RD , SAN DIEGO, CA 92154-8302","2231 Dain Ct, Lemon Grove, California, 91945",100.0,-117.019232482193,32.729439895008
2014028715,BOOKS FOR LESS,CORP,6454 CAMINITO NORTHLAND ,LA JOLLA,CA,92037-5820,42292,"BOOK, PERIODICAL & NEWSPAPER WHSLE",Wholesale Trade,Core,"6454 CAMINITO NORTHLAND , LA JOLLA, CA 92037-5820","8219 Airway Rd, San Diego, California, 92154",100.0,-116.966229685101,32.560584862977
2026000795,BOOM DADDY CRANE SERVICE,SOLE,2231 DAIN CT ,LEMON GROVE,CA,91945-4239,48899,OTHER TRANSPORTATION SUPPORT ACTIVITIES,Transportation and Warehousing,Core,"2231 DAIN CT , LEMON GROVE, CA 91945-4239","11760 San Pablo Ave, El Cerrito, California, 94530",100.0,-122.319671363719,37.927248868126
2017001342,BORDEN DECAL,SCORP,11760 SAN PABLO AVE ,EL CERRITO,CA,94530-1790,32311,PRINTING,Manufacturing,Core,"11760 SAN PABLO AVE , EL CERRITO, CA 94530-1790","5515 Meadows del Mar, San Diego, California, 92130",98.04,-117.19187001567,32.941089320435
2025004314,BORDER SOLUTIONS INTERNATIONAL,LLC,2275 MICHAEL FARADAY DR 3 ,SAN DIEGO,CA,92154-7927,488999,ALL OTHER TRANSPORTATION SUPPORT ACTIVITIES,Transportation and Warehousing,Core,"2275 MICHAEL FARADAY DR 3 , SAN DIEGO, CA 92154-7927","9948 Via de la Amistad, San Diego, California, 92154",100.0,-116.930410376252,32.552816808481
2021010169,BORDERLESS GLOBAL TRADE LLC,LLC,9948 VIA DE LA AMISTAD ,SAN DIEGO,CA,92154-7207,4224,GROCERY & RELATED PRODUCT WHSLE,Wholesale Trade,Core,"9948 VIA DE LA AMISTAD , SAN DIEGO, CA 92154-7207","2275 Michael Faraday Dr, Suite 3, San Diego, California, 92154",100.0,-116.932007128807,32.557698596529
2025018816,BORIS KUBALOV & IRINA KUBALOVA,H-W,14453 PENASQUITOS DR 6302 ,SAN DIEGO,CA,92129-1866,48411,"GENERAL FREIGHT TRUCKING, LOCAL",Transportation and Warehousing,Core,"14453 PENASQUITOS DR 6302 , SAN DIEGO, CA 92129-1866","14453 Penasquitos Dr, Apartment 6302, San Diego, California, 92129",100.0,-117.091568222778,32.978413264723
2025002444,BORSBERRY INTERNATIONAL,H-W,832 LEPPERT ST ,SAN DIEGO,CA,92114-3038,421,"WHOLESALE TRADE, DURABLE GOODS",Wholesale Trade,Core,"832 LEPPERT ST , SAN DIEGO, CA 92114-3038","6105 Via Regla, San Diego, California, 92122",100.0,-117.18801249619,32.849561033235
2015002280,BOSE,CORP,8863 SIEMPRE VIVA RD ,SAN DIEGO,CA,92154-6273,49319,OTHER WAREHOUSING & STORAGE,Transportation and Warehousing,Core,"8863 SIEMPRE VIVA RD , SAN DIEGO, CA 92154-6273","832 Leppert St, San Diego, California, 92114",100.0,-117.044920752312,32.714089235623
2023006794,BOUNTII FEAST INC,SCORP,6105 VIA REGLA ,SAN DIEGO,CA,92122-3918,4224,GROCERY & RELATED PRODUCT WHSLE,Wholesale Trade,Core,"6105 VIA REGLA , SAN DIEGO, CA 92122-3918","8863 Siempre Viva Rd, San Diego, California, 92154",100.0,-116.952643374425,32.553104056303
2006008759,BOURCHE'S AUTO SALE,SOLE,6370 RANCHO PARK DR ,SAN DIEGO,CA,92120-3826,42111,AUTOMOBILE & OTHER MOTOR VEHICLE WHSLE,Wholesale Trade,Core,"6370 RANCHO PARK DR , SAN DIEGO, CA 92120-3826","4952 Mount Frissell Dr, San Diego, California, 92117",100.0,-117.188164376276,32.822354632813
2013027457,BOY DRINKS WORLD,SOLE,4952 MOUNT FRISSELL DR ,SAN DIEGO,CA,92117-4808,31193,FLAVORING SYRUP & CONCENTRATE MFG,Manufacturing,Core,"4952 MOUNT FRISSELL DR , SAN DIEGO, CA 92117-4808","6370 Rancho Park Dr, San Diego, California, 92120",100.0,-117.059294878067,32.790092436033
2025013557,BPAPERIE,SOLE,4730 NOYES ST 312 ,SAN DIEGO,CA,92109-3696,3222,CONVERTED PAPER PRODUCT MFG,Manufacturing,Core,"4730 NOYES ST 312 , SAN DIEGO, CA 92109-3696","4730 Noyes St, Apartment 312, San Diego, California, 92109",100.0,-117.232796082847,32.805311457629
2021006881,BRADY INDUSTRIES,LLC,9292 ACTIVITY RD ,SAN DIEGO,CA,92126-4425,42299,OTHER MISCELLANEOUS NONDURABLE GOODS WHSLE,Wholesale Trade,Core,"9292 ACTIVITY RD , SAN DIEGO, CA 92126-4425","9292 Activity Rd, San Diego, California, 92126",100.0,-117.127342772264,32.897089315996
2019016870,BRANDED CANOPIES,PARTNR,8811 PINECREST AVE ,SAN DIEGO,CA,92123-2930,42199,OTHER MISCELLANEOUS DURABLE GOODS WHSLE,Wholesale Trade,Core,"8811 PINECREST AVE , SAN DIEGO, CA 92123-2930","9483 Camino Ruiz, San Diego, California, 92126",100.0,-117.133979479379,32.89493600507
2009027107,BRAZILIAN EXOTIC GRANITE INC,SCORP,9483 CAMINO RUIZ ,SAN DIEGO,CA,92126-4472,42139,OTHER CONSTRUCTION MATERIAL WHSLE,Wholesale Trade,Core,"9483 CAMINO RUIZ , SAN DIEGO, CA 92126-4472","8811 Pinecrest Ave, San Diego, California, 92123",100.0,-117.141192945252,32.798165298439
1994009387,BREAD & CIE,CORP,350 UNIVERSITY AVE B ,SAN DIEGO,CA,92103-3041,311811,RETAIL BAKERIES,Manufacturing,Core,"350 UNIVERSITY AVE B , SAN DIEGO, CA 92103-3041","1888 Nirvana Ave, Chula Vista, California, 91911",100.0,-117.016356232118,32.594074631387
1985014982,BREEZAIRE PRODUCTS CO,CORP,8070 SAINT ANDREWS AVE 107 ,SAN DIEGO,CA,92154,339,MISCELLANEOUS MFG,Manufacturing,Core,"8070 SAINT ANDREWS AVE 107 , SAN DIEGO, CA 92154","350 University Ave, San Diego, California, 92103",99.72,-117.161792478134,32.748276294558
2004010001,BRENNTAG PACIFIC INC,CORP,1888 NIRVANA AVE ,CHULA VISTA,CA,91911-6118,4226,CHEMICAL & ALLIED PRODUCTS WHSLE,Wholesale Trade,Core,"1888 NIRVANA AVE , CHULA VISTA, CA 91911-6118","8070 Saint Andrews Ave, San Diego, California, 92154",99.19,-116.969541039769,32.565910682346
2020012349,BREVITY LOGISTICS LLC,LLC,8649 AVENIDA DE LA FUENTE ,SAN DIEGO,CA,92154-6267,4841,GENERAL FREIGHT TRUCKING,Transportation and Warehousing,Core,"8649 AVENIDA DE LA FUENTE , SAN DIEGO, CA 92154-6267","3530 Mount Aclare Ave, San Diego, California, 92111",100.0,-117.178886196194,32.806440416168
2025015696,BRIAN SAMMONS & LAURA SINGLETON,H-W,3530 MOUNT ACLARE AVE ,SAN DIEGO,CA,92111-4019,312,BEVERAGE & TOBACCO PRODUCT MFG,Manufacturing,Core,"3530 MOUNT ACLARE AVE , SAN DIEGO, CA 92111-4019","8649 Avenida de la Fuente, San Diego, California, 92154",100.0,-116.957374958767,32.556225896141
2000011621,BRIGITTE' COUTURE LLC,CORP,2601 HOOVER AVE ,NATIONAL CITY,CA,91950-6651,315,APPAREL MANUFACTURING,Manufacturing,Core,"2601 HOOVER AVE , NATIONAL CITY, CA 91950-6651","2310 Michael Faraday Dr, San Diego, California, 92154",100.0,-116.932039399134,32.556468133142
2000008025,BRIMES INTERNATIONAL INC,CORP,2310 MICHAEL FARADAY DR ,SAN DIEGO,CA,92154-7900,42199,OTHER MISCELLANEOUS DURABLE GOODS WHSLE,Wholesale Trade,Core,"2310 MICHAEL FARADAY DR , SAN DIEGO, CA 92154-7900","2601 Hoover Ave, National City, California, 91950",100.0,-117.103741344578,32.658915525609
2012021566,BRO-DOZER MOTORSPORTS,SOLE,750 EL RANCHO DR ,EL CAJON,CA,92019-1140,332,FABRICATED METAL PRODUCT MFG,Manufacturing,Core,"750 EL RANCHO DR , EL CAJON, CA 92019-1140","11463 Keisha Cv, San Diego, California, 92126",100.0,-117.164877102321,32.926429497509
1996010826,BROKERAGE AND LOGISTICS SOLUTIONS INC,CORP,1659 GAILES BLVD ,SAN DIEGO,CA,92154-8230,4931,WAREHOUSING & STORAGE,Transportation and Warehousing,Core,"1659 GAILES BLVD , SAN DIEGO, CA 92154-8230","1659 Gailes Blvd, San Diego, California, 92154",100.0,-116.975233357854,32.567362176519
1995010405,BROOKS,SOLE,11463 KEISHA CV ,SAN DIEGO,CA,92126-6603,334,COMPUTER & ELECTRONIC PRODUCT MFG,Manufacturing,Core,"11463 KEISHA CV , SAN DIEGO, CA 92126-6603","750 El Rancho Dr, El Cajon, California, 92019",100.0,-116.912113268353,32.803296657653
2021006606,BROWNFIELD AUTO AUCTION,CORP,7622 PASEO DE LA FUENTE ,SAN DIEGO,CA,92154,42111,AUTOMOBILE & OTHER MOTOR VEHICLE WHSLE,Wholesale Trade,Core,"7622 PASEO DE LA FUENTE , SAN DIEGO, CA 92154","5098 Catoctin Dr, San Diego, California, 92115",100.0,-117.057929382221,32.770939829187
2016002287,BROWNSVILLE AUTO SALES,SOLE,5098 CATOCTIN DR ,SAN DIEGO,CA,92115-1515,42111,AUTOMOBILE & OTHER MOTOR VEHICLE WHSLE,Wholesale Trade,Core,"5098 CATOCTIN DR , SAN DIEGO, CA 92115-1515","7622 Paseo de la Fuente, San Diego, California, 92154",98.9,-116.919092205902,32.571204262936
1992008085,BRUCE FINE WATCHES & JEWELRY,CORP,861 06TH AVE 120 ,SAN DIEGO,CA,92101-6311,421,"WHOLESALE TRADE, DURABLE GOODS",Wholesale Trade,Core,"861 06TH AVE 120 , SAN DIEGO, CA 92101-6311","10755 Scripps Poway Pkwy, San Diego, California, 92131",99.29,-117.097295241941,32.936793092143
2000008310,BS BRAINIC INC,CORP,10755 SCRIPPS POWAY PKY 701 ,SAN DIEGO,CA,92131-3924,334,COMPUTER & ELECTRONIC PRODUCT MFG,Manufacturing,Core,"10755 SCRIPPS POWAY PKY 701 , SAN DIEGO, CA 92131-3924","2275 Michael Faraday Dr, Suite 3, San Diego, California, 92154",100.0,-116.932007128807,32.557698596529
2025004313,BSI TRANSPORT LLC,LLC,2275 MICHAEL FARADAY DR 3 ,SAN DIEGO,CA,92154-7927,488999,ALL OTHER TRANSPORTATION SUPPORT ACTIVITIES,Transportation and Warehousing,Core,"2275 MICHAEL FARADAY DR 3 , SAN DIEGO, CA 92154-7927","9692 Via Excelencia, Suite 103, San Diego, California, 92126",100.0,-117.117902989088,32.898292580107
2004015069,BTE INC,CORP,1536 LANCASTER POINT WAY ,SAN DIEGO,CA,92154-7700,4229,MISCELLANEOUS NONDURABLE GOODS WHSLE,Wholesale Trade,Core,"1536 LANCASTER POINT WAY , SAN DIEGO, CA 92154-7700","92101-6311, San Diego, California",86.5,-117.159229040686,32.714230009687
2003016390,BTI JEWELRY INC,SCORP,861 06TH AVE 125 ,SAN DIEGO,CA,92101-6311,42194,JEWELRY/WATCH/PRECIOUS STONE & METAL WHSLE,Wholesale Trade,Core,"861 06TH AVE 125 , SAN DIEGO, CA 92101-6311","1536 Lancaster Point Way, San Diego, California, 92154",100.0,-116.953996548873,32.568947781142
2009017959,BUDWIG COMPANY INC,SCORP,9692 VIA EXCELENCIA 103 ,SAN DIEGO,CA,92126-7505,33999,ALL OTHER MISC MFG,Manufacturing,Core,"9692 VIA EXCELENCIA 103 , SAN DIEGO, CA 92126-7505","555 Saturn Blvd, #B, San Diego, California, 92154",100.0,-117.091068996625,32.58596899574
2015004125,BULLDOG TOWING,LLC,555 SATURN BLVD B-126 ,SAN DIEGO,CA,92154-4798,48841,MOTOR VEHICLE TOWING,Transportation and Warehousing,Core,"555 SATURN BLVD B-126 , SAN DIEGO, CA 92154-4798","280 10th Ave, San Diego, California, 92101",100.0,-117.155576710196,32.70858555227
2020003557,BUMBLE BEE FOODS LLC,LLC,280 10TH AVE ,SAN DIEGO,CA,92101-7406,42246,FISH & SEAFOOD WHSLE,Wholesale Trade,Core,"280 10TH AVE , SAN DIEGO, CA 92101-7406","811 Verona Ct, San Diego, California, 92109",100.0,-117.253143571901,32.787859538937
2000003465,BUMWRAP ENTERPRISES,SOLE,811 VERONA CT ,SAN DIEGO,CA,92109-6928,421,"WHOLESALE TRADE, DURABLE GOODS",Wholesale Trade,Core,"811 VERONA CT , SAN DIEGO, CA 92109-6928","1326 Kettner Blvd, San Diego, California, 92101",100.0,-117.169209456616,32.719288530163
2020017074,BURGEON BEER COMPANY,LLC,1326 KETTNER BLVD ,SAN DIEGO,CA,92101,31212,BREWERIES,Manufacturing,Core,"1326 KETTNER BLVD , SAN DIEGO, CA 92101","10834 Eberly Ct, San Diego, California, 92126",100.0,-117.127710737813,32.91757611228
2025011174,BUSINESS COMPLETE SOLUTIONS,LLC,13750 DANIELSON ST ,POWAY,CA,92064-8889,421,"WHOLESALE TRADE, DURABLE GOODS",Wholesale Trade,Core,"13750 DANIELSON ST , POWAY, CA 92064-8889","92101-6311, San Diego, California",86.5,-117.159229040686,32.714230009687
1994000443,BUSY BEE'S BAGEL,CORP,6861 LA JOLLA BLVD ,LA JOLLA,CA,92037,311811,RETAIL BAKERIES,Manufacturing,Core,"6861 LA JOLLA BLVD , LA JOLLA, CA 92037","6861 La Jolla Blvd, La Jolla, California, 92037",100.0,-117.276482897474,32.831500839829
2025009346,BUSY HORSE INC,CORP,10834 EBERLY CT ,SAN DIEGO,CA,92126-2439,488,TRANSPORTATION SUPPORT ACTIVITIES,Transportation and Warehousing,Core,"10834 EBERLY CT , SAN DIEGO, CA 92126-2439","6175 Wunderlin Ave, San Diego, California, 92114",100.0,-117.064539937798,32.714491860342
2014039146,BUSYBEADZ,SOLE,6175 WUNDERLIN AVE ,SAN DIEGO,CA,92114-2434,33991,JEWELRY & SILVERWARE MFG,Manufacturing,Core,"6175 WUNDERLIN AVE , SAN DIEGO, CA 92114-2434","13750 Danielson St, Poway, California, 92064",100.0,-117.033059437309,32.939537452971
1985011849,BUTLER MARINE ENTERPRISES,SOLE,2907 SHELTER ISLAND DR 105 PMB 604 ,SAN DIEGO,CA,92106,339,MISCELLANEOUS MFG,Manufacturing,Core,"2907 SHELTER ISLAND DR 105 PMB 604 , SAN DIEGO, CA 92106","8231 Jade Coast Road, San Diego, California, 92126",99.19,-117.144226356011,32.901903545904
2025008089,BUTTERY BAKES,SOLE,8231 JADE COAST RD 144 ,SAN DIEGO,CA,92126-3461,31181,BREAD & BAKERY PRODUCT MFG,Manufacturing,Core,"8231 JADE COAST RD 144 , SAN DIEGO, CA 92126-3461","2201 Britannia Blvd, San Diego, California, 92154",98.23,-116.979743324676,32.557355399503
2008007528,BYG WHOLESALE,SCORP,2475 PASEO DE LAS AMERICAS A-1771 ,SAN DIEGO,CA,92154-7255,4219,MISCELLANEOUS DURABLE GOODS WHSLE,Wholesale Trade,Core,"2475 PASEO DE LAS AMERICAS A-1771 , SAN DIEGO, CA 92154-7255","2475 Paseo de las Americas, Suite A, San Diego, California, 92154",100.0,-116.935868252504,32.553311340769
2018006885,C & A TRANSPORT LLC,LLC,2201A BRITANNIA BLVD ,SAN DIEGO,CA,92154-8312,4841,GENERAL FREIGHT TRUCKING,Transportation and Warehousing,Core,"2201A BRITANNIA BLVD , SAN DIEGO, CA 92154-8312","2907 Shelter Island Dr, Suite 105, San Diego, California, 92106",98.0,-117.23036591766,32.722199607045
2011019116,C & A TRANSPORTATION SERVICES INC,CORP,9015 AVENIDA DE LA FUENTE N A ,SAN DIEGO,CA,92154-7242,488,TRANSPORTATION SUPPORT ACTIVITIES,Transportation and Warehousing,Core,"9015 AVENIDA DE LA FUENTE N A , SAN DIEGO, CA 92154-7242","9335 Airway Rd, Suite 200, San Diego, California, 92154",100.0,-116.942996222965,32.56021937009
2008039004,C & J TECH AMERICA INC,CORP,9335 AIRWAY RD 200 ,SAN DIEGO,CA,92154-7930,42199,OTHER MISCELLANEOUS DURABLE GOODS WHSLE,Wholesale Trade,Core,"9335 AIRWAY RD 200 , SAN DIEGO, CA 92154-7930","3761 Acacia St, San Diego, California, 92113",100.0,-117.113305850473,32.689508214914
1996008869,C & R TRANSFER CO,CORP,5803 KEARNY VILLA RD ,SAN DIEGO,CA,92123-1113,484,TRUCK TRANSPORTATION,Transportation and Warehousing,Core,"5803 KEARNY VILLA RD , SAN DIEGO, CA 92123-1113","5803 Kearny Villa Rd, San Diego, California, 92123",100.0,-117.131410006961,32.839543653111
2003009206,C & V TOWING,SOLE,3761 ACACIA ST ,SAN DIEGO,CA,92113-3954,48841,MOTOR VEHICLE TOWING,Transportation and Warehousing,Core,"3761 ACACIA ST , SAN DIEGO, CA 92113-3954","1453 Powell Rd, Oceanside, California, 92056",100.0,-117.269226851533,33.240160068143
2025007319,C AND K TRUCK PROS,SOLE,1453 POWELL RD ,OCEANSIDE,CA,92056-1839,484,TRUCK TRANSPORTATION,Transportation and Warehousing,Core,"1453 POWELL RD , OCEANSIDE, CA 92056-1839","7738 Arjons Dr, San Diego, California, 92126",100.0,-117.152157983348,32.893877957433
1995009016,C C IMEX DBA EMBI TEC,CORP,7738 ARJONS DR ,SAN DIEGO,CA,92126-4365,339,MISCELLANEOUS MFG,Manufacturing,Core,"7738 ARJONS DR , SAN DIEGO, CA 92126-4365","9346 Customhouse Plz, San Diego, California, 92154",100.0,-116.942780556596,32.551750001755
2014012921,C C INDUSTRIAL SUPPLY LLC,LLC,601 E PALOMAR ST C PMB 426 ,CHULA VISTA,CA,91911-6976,421,"WHOLESALE TRADE, DURABLE GOODS",Wholesale Trade,Core,"601 E PALOMAR ST C PMB 426 , CHULA VISTA, CA 91911-6976","4600 Lamont St, Unit 119, San Diego, California, 92109",100.0,-117.236104084755,32.803372597696
2026003308,C CALI DE BAJA NORTE INC,CORP,4600 LAMONT ST 119 ,SAN DIEGO,CA,92109-3529,4842,SPECIALIZED FREIGHT TRUCKING,Transportation and Warehousing,Core,"4600 LAMONT ST 119 , SAN DIEGO, CA 92109-3529","11318 Pegasus Ave, San Diego, California, 92126",100.0,-117.129734464516,32.927978389397
2006015044,C H & D LOGISTICS INC,CORP,9346 CUSTOMHOUSE PLZ ,SAN DIEGO,CA,92154-7615,48899,OTHER TRANSPORTATION SUPPORT ACTIVITIES,Transportation and Warehousing,Core,"9346 CUSTOMHOUSE PLZ , SAN DIEGO, CA 92154-7615","10832 Scripps Ranch Boulevard, #109, San Diego, California, 92131",100.0,-117.110748950909,32.915563743056
2008009253,C J NESLON CONTRACT PILOT,SOLE,11318 PEGASUS AVE ,SAN DIEGO,CA,92126-1535,48819,OTHER AIR TRANSPORTATION SUPPORT ACTIVITIES,Transportation and Warehousing,Core,"11318 PEGASUS AVE , SAN DIEGO, CA 92126-1535","6590 Top Gun St, San Diego, California, 92121",100.0,-117.175880697172,32.9082666677
2010018855,C TECH LLC,LLC,10832 SCRIPPS RANCH BLVD 109 ,SAN DIEGO,CA,92131-6021,42112,MOTOR VEHICLE SUPPLIES & NEW PARTS WHSLE,Wholesale Trade,Core,"10832 SCRIPPS RANCH BLVD 109 , SAN DIEGO, CA 92131-6021","Avenida de la Fuente N, San Diego, California, 92154",96.67,-116.950109620222,32.559617952848
2017002885,C&C DOORS & FRAMES INC,SCORP,6590 TOP GUN ST ,SAN DIEGO,CA,92121-4122,42139,OTHER CONSTRUCTION MATERIAL WHSLE,Wholesale Trade,Core,"6590 TOP GUN ST , SAN DIEGO, CA 92121-4122","601 E Palomar St, Suite C, Chula Vista, California, 91911",98.0,-117.026413258643,32.614566624451
2010040827,C&M RELOCATION SYSTEMS INC,CORP,3358 F ST ,SAN DIEGO,CA,92102-3333,48421,USED HOUSEHOLD & OFFICE GOODS MOVING,Transportation and Warehousing,Core,"3358 F ST , SAN DIEGO, CA 92102-3333","1953 Dunning Cir, San Diego, California, 92154",100.0,-117.092198458078,32.578302949005
2024008365,C&S TOWING & TRANSPORT,SOLE,1953 DUNNING CIR ,SAN DIEGO,CA,92154-2009,48841,MOTOR VEHICLE TOWING,Transportation and Warehousing,Core,"1953 DUNNING CIR , SAN DIEGO, CA 92154-2009","3358 F St, San Diego, California, 92102",100.0,-117.121943904609,32.713836018329
2025004393,C-BEAMS TRUCKING,SOLE,694 VISTA SAN RAFAEL ,SAN DIEGO,CA,92154-5503,4841,GENERAL FREIGHT TRUCKING,Transportation and Warehousing,Core,"694 VISTA SAN RAFAEL , SAN DIEGO, CA 92154-5503","694 Vista San Rafael, San Diego, California, 92154",100.0,-117.013294909621,32.581704576771
2025023625,C. MARTINEZ TRUCKING INC,CORP,543 E WASHINGTON AVE ,EL CAJON,CA,92020-5323,4842,SPECIALIZED FREIGHT TRUCKING,Transportation and Warehousing,Core,"543 E WASHINGTON AVE , EL CAJON, CA 92020-5323","908 Fesler St, El Cajon, California, 92020",100.0,-116.974054024077,32.808998237741
2012008721,C.P. RICHARDS SIGNS  INC,CORP,908 FESLER ST ,EL CAJON,CA,92020-1808,339,MISCELLANEOUS MFG,Manufacturing,Core,"908 FESLER ST , EL CAJON, CA 92020-1808","543 E Washington Ave, El Cajon, California, 92020",100.0,-116.955218043623,32.787641064631
1983008519,CA BOTANA INTERNATIONAL INC,CORP,9505 CHESAPEAKE DR ,SAN DIEGO,CA,92123-1304,339,MISCELLANEOUS MFG,Manufacturing,Core,"9505 CHESAPEAKE DR , SAN DIEGO, CA 92123-1304","9505 Chesapeake Dr, San Diego, California, 92123",100.0,-117.12435655162,32.836238836328
1995007925,CA FRAGRANCE & ACCESSORIES DBA ISLANDER GIFTSI,SOLE,16079 BIG SPRINGS WAY ,SAN DIEGO,CA,92127-2023,421,"WHOLESALE TRADE, DURABLE GOODS",Wholesale Trade,Core,"16079 BIG SPRINGS WAY , SAN DIEGO, CA 92127-2023","8431 Neva Ave, San Diego, California, 92123",100.0,-117.145807099131,32.799610799551
2017001026,CABINET CONNECTIONS,CORP,8431 NEVA AVE ,SAN DIEGO,CA,92123-2821,42199,OTHER MISCELLANEOUS DURABLE GOODS WHSLE,Wholesale Trade,Core,"8431 NEVA AVE , SAN DIEGO, CA 92123-2821","16079 Big Springs Way, San Diego, California, 92127",100.0,-117.085198646917,33.00707266806
1995005425,CABINETS GALORE,CORP,9279 CABOT DR C ,SAN DIEGO,CA,92126-4364,337,FURNITURE & RELATED PRODUCT MFG,Manufacturing,Core,"9279 CABOT DR C , SAN DIEGO, CA 92126-4364","9279 Cabot Dr, Suite C, San Diego, California, 92126",100.0,-117.143492017474,32.890652810638
1989006004,CABLE TECHNIQUES,CORP,4891 RONSON CT C ,SAN DIEGO,CA,92111-1815,339,MISCELLANEOUS MFG,Manufacturing,Core,"4891 RONSON CT C , SAN DIEGO, CA 92111-1815","7198 Convoy Ct, San Diego, California, 92111",100.0,-117.162773915177,32.834711234474
1991009104,CABLECONN INDUSTRIES INC,SCORP,7198 CONVOY CT ,SAN DIEGO,CA,92111-1019,339,MISCELLANEOUS MFG,Manufacturing,Core,"7198 CONVOY CT , SAN DIEGO, CA 92111-1019","4891 Ronson Ct, Suite C, San Diego, California, 92111",100.0,-117.145804165465,32.83137527892
2026001177,CACAO FOR BEINGS,LLC,3040 CAMINITO TERCER VERDE ,DEL MAR,CA,92014-3913,3399,OTHER MISCELLANEOUS MFG,Manufacturing,Core,"3040 CAMINITO TERCER VERDE , DEL MAR, CA 92014-3913","3040 Caminito Tercer Verde, Del Mar, California, 92014",100.0,-117.245074565171,32.985511772794
2026000243,CACTUS TEXTILES & IMPRESSIONS,PARTNR,1205 J ST I ,SAN DIEGO,CA,92101-7500,42191,SPORTING & RECREATIONAL GOODS & SUPPLY WHSLE,Wholesale Trade,Core,"1205 J ST I , SAN DIEGO, CA 92101-7500","6585 Osler St, San Diego, California, 92111",99.09,-117.175999384921,32.792156856876
2021007053,CACTUSVIEW PRINTING COMPANY,SOLE,6585 OSLER ST 101 ,SAN DIEGO,CA,92111-5424,33999,ALL OTHER MISC MFG,Manufacturing,Core,"6585 OSLER ST 101 , SAN DIEGO, CA 92111-5424","6867 Osler St, San Diego, California, 92111",100.0,-117.172265786408,32.792703968914
2023003147,CADER SAFE DRIVE LLC,LLC,6867 OSLER ST ,SAN DIEGO,CA,92111-5521,488,TRANSPORTATION SUPPORT ACTIVITIES,Transportation and Warehousing,Core,"6867 OSLER ST , SAN DIEGO, CA 92111-5521","9404 Chesapeake Dr, San Diego, California, 92123",100.0,-117.125299767184,32.837961065973
2023005126,CAES SYSTEMS LLC,LLC,9404 CHESAPEAKE DR ,SAN DIEGO,CA,92123-1303,334419,OTHER ELECTRONIC COMPONENT MFG,Manufacturing,Core,"9404 CHESAPEAKE DR , SAN DIEGO, CA 92123-1303","1205 J St, Suite I, San Diego, California, 92101",100.0,-117.153399594665,32.709377097296
2026000310,CAFE CONCEPTS INC,SCORP,29822 AVENIDA DE LAS BANDERA ,RANCHO SANTA MARGARITA,CA,92688-2602,4219,MISCELLANEOUS DURABLE GOODS WHSLE,Wholesale Trade,Core,"29822 AVENIDA DE LAS BANDERA , RANCHO SANTA MARGARITA, CA 92688-2602","2619 National Ave, San Diego, California, 92113",100.0,-117.137678161793,32.695885376397
2022002176,CAFE DAPH,SOLE,1423 CUYAMACA ST ,EL CAJON,CA,92020-1508,311,FOOD MFG,Manufacturing,Core,"1423 CUYAMACA ST , EL CAJON, CA 92020-1508","1423 N Cuyamaca St, El Cajon, California, 92020",99.55,-116.979616171205,32.814609921917
1998012170,CAFE MOTO,CORP,2619 NATIONAL AVE ,SAN DIEGO,CA,92113-3617,421,"WHOLESALE TRADE, DURABLE GOODS",Wholesale Trade,Core,"2619 NATIONAL AVE , SAN DIEGO, CA 92113-3617","29822 Avenida de las Bandera, Rancho Santa Margarita, California, 92688",100.0,-117.609816769888,33.628348719156
1995012021,CAFFE CALABRIA COFFEE ROASTERS,CORP,3933 30TH ST ,SAN DIEGO,CA,92104-3004,31192,COFFEE & TEA MFG,Manufacturing,Core,"3933 30TH ST , SAN DIEGO, CA 92104-3004","3085 Reynard Way, San Diego, California, 92103",100.0,-117.169872297519,32.737593726598
2002006937,CAKE,CORP,3085 REYNARD WAY ,SAN DIEGO,CA,92103-5440,311811,RETAIL BAKERIES,Manufacturing,Core,"3085 REYNARD WAY , SAN DIEGO, CA 92103-5440","1423 N Cuyamaca St, El Cajon, California, 92020",99.55,-116.979616171205,32.814609921917
2025023211,CAKE BY SIERRA LLC,LLC,1423 CUYAMACA ST ,EL CAJON,CA,92020-1508,3118,BAKERIES & TORTILLA MFG,Manufacturing,Core,"1423 CUYAMACA ST , EL CAJON, CA 92020-1508","5921 Balboa Ave, San Diego, California, 92111",100.0,-117.177488094744,32.820177223915
2022008362,CAKEY BAKEY,CORP,5921 BALBOA AVE ,SAN DIEGO,CA,92111-2711,31181,BREAD & BAKERY PRODUCT MFG,Manufacturing,Core,"5921 BALBOA AVE , SAN DIEGO, CA 92111-2711","3933 30th St, San Diego, California, 92104",100.0,-117.130108213578,32.749201950035
2017018502,CAL AUTO INC,CORP,8375 SAINT ANDREWS AVE ,SAN DIEGO,CA,92154-8214,42111,AUTOMOBILE & OTHER MOTOR VEHICLE WHSLE,Wholesale Trade,Core,"8375 SAINT ANDREWS AVE , SAN DIEGO, CA 92154-8214","8375 Saint Andrews Ave, San Diego, California, 92154",100.0,-116.963527527155,32.565927529971
2013022737,CAL-AMERICAN FOOD COMPANY INC,CORP,5656 LA JOLLA BLVD 6 ,LA JOLLA,CA,92037-7523,4224,GROCERY & RELATED PRODUCT WHSLE,Wholesale Trade,Core,"5656 LA JOLLA BLVD 6 , LA JOLLA, CA 92037-7523","5656 La Jolla Blvd, La Jolla, California, 92037",99.71,-117.270364443432,32.814999931871
1992000862,CAL-MX VENDING DISTRIBUTOR,SOLE,5134 CORTE PLAYA SAN JUAN ,SAN DIEGO,CA,92124-1541,422,"WHOLESALE TRADE, NONDURABLE GOODS",Wholesale Trade,Core,"5134 CORTE PLAYA SAN JUAN , SAN DIEGO, CA 92124-1541","5134 Corte Playa San Juan, San Diego, California, 92124",100.0,-117.082276296375,32.836250445264
2025002931,CALAM MANUFACTURING,SOLE,8425 OTAY MESA RD ,SAN DIEGO,CA,92154-6846,3359,OTHER ELECTRICAL EQUIPMENT & COMPONENT MFG,Manufacturing,Core,"8425 OTAY MESA RD , SAN DIEGO, CA 92154-6846","8425 Otay Mesa Rd, San Diego, California, 92154",100.0,-116.960855795518,32.567630858425
2024013585,CALBAJA LOGISTICS,SOLE,7920 AIRWAY RD A1 ,SAN DIEGO,CA,92154-8311,48851,FREIGHT TRANSPORTATION ARRANGEMENT,Transportation and Warehousing,Core,"7920 AIRWAY RD A1 , SAN DIEGO, CA 92154-8311","2439 Sea Breeze Dr, San Diego, California, 92139",100.0,-117.061299914221,32.675324969696
2024006312,CALCRAFT CORPORATION,CORP,1426 S WILLOW AVE ,RIALTO,CA,92376-7720,3312,STEEL PRODUCT MFG FROM PURCHASED STEEL,Manufacturing,Core,"1426 S WILLOW AVE , RIALTO, CA 92376-7720","1426 S Willow Ave, Rialto, California, 92376",100.0,-117.374680413574,34.075010323001
2020017082,CALEXICO FORWARDING OF CALIFORNIA INC,CORP,9505 AIRWAY RD 300 ,SAN DIEGO,CA,92154-7937,493,WAREHOUSING & STORAGE,Transportation and Warehousing,Core,"9505 AIRWAY RD 300 , SAN DIEGO, CA 92154-7937","7920 Airway Rd, Suite A 1, San Diego, California, 92154",100.0,-116.969938006704,32.560657743626
2023007654,CALI ADVENTURE SERVICES LLC,LLC,2439 SEA BREEZE DR ,SAN DIEGO,CA,92139,483,WATER TRANSPORTATION,Transportation and Warehousing,Core,"2439 SEA BREEZE DR , SAN DIEGO, CA 92139","2110 Hancock St, Suite 201, San Diego, California, 92110",100.0,-117.189993810463,32.745140876037
2016007933,CALI AUTO SALES,LLC,2110 HANCOCK ST 201 ,SAN DIEGO,CA,92110-2063,42111,AUTOMOBILE & OTHER MOTOR VEHICLE WHSLE,Wholesale Trade,Core,"2110 HANCOCK ST 201 , SAN DIEGO, CA 92110-2063","8967 Complex Dr, San Diego, California, 92123",100.0,-117.134677524275,32.830373348124
2025001562,CALI CABINETS WHOLESALE SD INC,CORP,7343 CARROLL RD ,SAN DIEGO,CA,92121-2339,4212,FURNITURE & HOME FURNISHING WHSLE,Wholesale Trade,Core,"7343 CARROLL RD , SAN DIEGO, CA 92121-2339","7343 Carroll Rd, San Diego, California, 92121",100.0,-117.163988369128,32.885644455853
2016003488,CALI ICE INC,SCORP,8967 COMPLEX DR ,SAN DIEGO,CA,92123-1405,312113,ICE MFG,Manufacturing,Core,"8967 COMPLEX DR , SAN DIEGO, CA 92123-1405","9505 Airway Rd, San Diego, California, 92154",99.12,-116.94008015885,32.560120086446
2022008639,CALI MINT CO,SOLE,202 SATINWOOD WAY ,SAN DIEGO,CA,92114-7221,323,PRINTING & RELATED SUPPORT ACTIVITIES,Manufacturing,Core,"202 SATINWOOD WAY , SAN DIEGO, CA 92114-7221","6265 Greenwich Dr, Suite 250, San Diego, California, 92122",100.0,-117.184899289713,32.854461387198
2024009595,CALI ONE AUTO,CORP,524 W CALLE PRIMERA 1006L ,SAN YSIDRO,CA,92173-2836,4211,MOTOR VEHICLE/MOTOR VEHICLE PT & SUPPLY WHSLE,Wholesale Trade,Core,"524 W CALLE PRIMERA 1006L , SAN YSIDRO, CA 92173-2836","524 W Calle Primera, Suite 1006, San Ysidro, California, 92173",98.95,-117.054665552943,32.554807426666
2015031988,CALIBAJA P&T INC,CORP,6265 GREENWICH DR 250 ,SAN DIEGO,CA,92122-5956,32199,ALL OTHER WOOD PRODUCT MFG,Manufacturing,Core,"6265 GREENWICH DR 250 , SAN DIEGO, CA 92122-5956","202 Satinwood Way, San Diego, California, 92114",100.0,-117.032724161182,32.699402716336
2016021596,CALICORN POPCORN LLC,LLC,847 MISSOURI ST A ,SAN DIEGO,CA,92109-0510,42249,OTHER GROCERY & RELATED PRODUCTS WHSLE,Wholesale Trade,Core,"847 MISSOURI ST A , SAN DIEGO, CA 92109-0510","5177 Chino Ave, Chino, California, 91710",100.0,-117.691406969769,34.011371016508
2009028367,CALIFORNIA AIR TOOLS INC,CORP,8560 SIEMPRE VIVA RD 3A ,SAN DIEGO,CA,92154-6270,42149,OTH PROFESSIONAL EQUIPMENT & SUPPLIES WHSLE,Wholesale Trade,Core,"8560 SIEMPRE VIVA RD 3A , SAN DIEGO, CA 92154-6270","8580 Miramar Rd, San Diego, California, 92126",100.0,-117.139086321527,32.891972415565
2003009155,CALIFORNIA AUTO IMPORT INC,CORP,8580 MIRAMAR RD ,SAN DIEGO,CA,92126-4325,4211,MOTOR VEHICLE/MOTOR VEHICLE PT & SUPPLY WHSLE,Wholesale Trade,Core,"8580 MIRAMAR RD , SAN DIEGO, CA 92126-4325","8560 Siempre Viva Rd, San Diego, California, 92154",99.47,-116.95936323002,32.553393148144
2025008013,CALIFORNIA CHEMICAL,CORP,5177 CHINO AVE ,CHINO,CA,91710-5110,42199,OTHER MISCELLANEOUS DURABLE GOODS WHSLE,Wholesale Trade,Core,"5177 CHINO AVE , CHINO, CA 91710-5110","847 Missouri St, Apartment A, San Diego, California, 92109",100.0,-117.255627968002,32.800491067022
2011029305,CALIFORNIA ELECTRIC SUPPLY,CORP,1011 BAY BLVD ,CHULA VISTA,CA,91911-1648,4216,ELECTRICAL GOODS WHSLE,Wholesale Trade,Core,"1011 BAY BLVD , CHULA VISTA, CA 91911-1648","1011 Bay Blvd, Chula Vista, California, 91911",100.0,-117.092052193867,32.610439417237
2007002712,CALIFORNIA PAINT & SUPPLIES,CORP,6151 PROGRESSIVE AVE A600 ,SAN DIEGO,CA,92154-6645,42269,OTHER CHEMICAL & ALLIED PRODUCTS WHSLE,Wholesale Trade,Core,"6151 PROGRESSIVE AVE A600 , SAN DIEGO, CA 92154-6645","6151 Progressive Ave, San Diego, California, 92154",99.02,-117.003080051859,32.57101605766
1997000812,CALIFORNIA PARATRANSIT SERVICE INC,CORP,2654 IMPERIAL AVE ,SAN DIEGO,CA,92102-4002,488999,ALL OTHER TRANSPORTATION SUPPORT ACTIVITIES,Transportation and Warehousing,Core,"2654 IMPERIAL AVE , SAN DIEGO, CA 92102-4002","2654 Imperial Ave, San Diego, California, 92102",100.0,-117.136971315898,32.706379644902
2021010412,CALIFORNIA RUNNERS DELIVERY SERVICES LLC,LLC,402 63RD ST 182 ,SAN DIEGO,CA,92114-4265,4922,LOCAL MESSENGERS & LOCAL DELIVERY,Transportation and Warehousing,Core,"402 63RD ST 182 , SAN DIEGO, CA 92114-4265","2350 Marconi Pl, Suite 105, San Diego, California, 92154",100.0,-116.930007290528,32.555416330022
2001003017,CALIFORNIA SPLENDOR INC,CORP,7684 SAINT ANDREWS AVE A ,SAN DIEGO,CA,92154-8236,311421,FRUIT & VEGETABLE CANNING,Manufacturing,Core,"7684 SAINT ANDREWS AVE A , SAN DIEGO, CA 92154-8236","3341 Hancock St, San Diego, California, 92110",100.0,-117.206855517443,32.75528377516
2014029296,CALIFORNIA STAMP COMPANY,CORP,3341 HANCOCK ST ,SAN DIEGO,CA,92110-4302,33994,OFFICE SUPPLIES (EXC PAPER) MFG,Manufacturing,Core,"3341 HANCOCK ST , SAN DIEGO, CA 92110-4302","7684 Saint Andrews Ave, Suite A, San Diego, California, 92154",100.0,-116.975979514875,32.566020150001
2023011534,"CALIFORNIA STAR VENTURES, INC.",CORP,2350 MARCONI PL 105 ,SAN DIEGO,CA,92154-7256,493,WAREHOUSING & STORAGE,Transportation and Warehousing,Core,"2350 MARCONI PL 105 , SAN DIEGO, CA 92154-7256","7112 Enrico Fermi Pl, San Diego, California, 92154",100.0,-116.926898967513,32.558488428527
2025010635,CALIFORNIA SUGAR REFINERS LLC,LLC,7112 ENRICO FERMI PL ,SAN DIEGO,CA,92154,31131,SUGAR MFG,Manufacturing,Core,"7112 ENRICO FERMI PL , SAN DIEGO, CA 92154","402 63rd St, Office 182, San Diego, California, 92114",100.0,-117.062358715136,32.708074214267
2025020301,CALIFORNIA TOWING & RENTALS,SOLE,2148 PASEO DE LAS AMERICAS ,SAN DIEGO,CA,92154,48841,MOTOR VEHICLE TOWING,Transportation and Warehousing,Core,"2148 PASEO DE LAS AMERICAS , SAN DIEGO, CA 92154","4202 Sorrento Valley Blvd, San Diego, California, 92121",100.0,-117.214362266108,32.904906320807
2015051213,CALIFORNIA WILD ALES,LLC,4202 SORRENTO VALLEY BLVD ,SAN DIEGO,CA,92121-1447,3121,BEVERAGE MFG,Manufacturing,Core,"4202 SORRENTO VALLEY BLVD , SAN DIEGO, CA 92121-1447","2148 Paseo de Las Americas, San Diego, California, 92154",100.0,-116.936080597189,32.559231916857
1996009563,CALMAT CO,CORP,10051 BLACK MOUNTAIN RD ,SAN DIEGO,CA,92126-4516,4213,LUMBER & OTHER CONSTRUCTION MATERIALS WHSLE,Wholesale Trade,Core,"10051 BLACK MOUNTAIN RD , SAN DIEGO, CA 92126-4516","6998 Camino Amero, San Diego, California, 92111",100.0,-117.167591330208,32.772452469344
1998003978,CALPHIL TRADING & GEN MERCH,SOLE,6998 CAMINO AMERO ,SAN DIEGO,CA,92111-7634,422,"WHOLESALE TRADE, NONDURABLE GOODS",Wholesale Trade,Core,"6998 CAMINO AMERO , SAN DIEGO, CA 92111-7634","1385 Pama Ln, Suite 111, Las Vegas, Nevada, 89119",100.0,-115.133001261918,36.06628694854
2024011858,CALTROL INC,CORP,1385 PAMA LN 111 ,LAS VEGAS,NV,89119-3849,488,TRANSPORTATION SUPPORT ACTIVITIES,Transportation and Warehousing,Core,"1385 PAMA LN 111 , LAS VEGAS, NV 89119-3849","6957 Cactus Ct, San Diego, California, 92154",100.0,-116.989524586587,32.55155558351
2009002829,CAM TECH ( U S ) INC,SCORP,7750 DAGGET ST 212B ,SAN DIEGO,CA,92111-2234,3261,PLASTICS PRODUCT MFG,Manufacturing,Core,"7750 DAGGET ST 212B , SAN DIEGO, CA 92111-2234","10051 Black Mountain Rd, San Diego, California, 92126",100.0,-117.123808634526,32.901936683833
1998003958,CAMACHO BROKERS INC,CORP,6957 CACTUS CT ,SAN DIEGO,CA,92154-8012,488999,ALL OTHER TRANSPORTATION SUPPORT ACTIVITIES,Transportation and Warehousing,Core,"6957 CACTUS CT , SAN DIEGO, CA 92154-8012","2344 Avenida Costa del Sol, San Diego, California, 92154",100.0,-116.9604747542,32.555726753807
2000000712,CAMACHOS TRUCKING IN,CORP,2344 AVENIDA COSTA DEL SOL ,SAN DIEGO,CA,92154-6268,493,WAREHOUSING & STORAGE,Transportation and Warehousing,Core,"2344 AVENIDA COSTA DEL SOL , SAN DIEGO, CA 92154-6268","4857 El Cajon Blvd, San Diego, California, 92115",100.0,-117.089759491891,32.756312779503
1996006131,CAMAU BAKERY & DELI,SOLE,4857 EL CAJON BLVD ,SAN DIEGO,CA,92115,311811,RETAIL BAKERIES,Manufacturing,Core,"4857 EL CAJON BLVD , SAN DIEGO, CA 92115","433 Cypress Ln, El Cajon, California, 92020",100.0,-116.966357173848,32.816828569778
2005003728,CAMEO PAPER AND SUPPLY INC,CORP,433 CYPRESS LN ,EL CAJON,CA,92020-1605,4229,MISCELLANEOUS NONDURABLE GOODS WHSLE,Wholesale Trade,Core,"433 CYPRESS LN , EL CAJON, CA 92020-1605","7750 Dagget St, Suite 212, San Diego, California, 92111",98.94,-117.156236785071,32.823624239687
2015042066,CAMMEX SOLUTION LLC,LLC,9543 HEINRICH HERTZ DR 7-202 ,SAN DIEGO,CA,92154-7921,4218,"MACHINERY, EQUIPMENT & SUPPLIES WHSLE",Wholesale Trade,Core,"9543 HEINRICH HERTZ DR 7-202 , SAN DIEGO, CA 92154-7921","9543 Heinrich Hertz Dr, Suite 7, San Diego, California, 92154",100.0,-116.940199936247,32.558888910598
2019022640,CAMPLIFE CUSTOMS LLC,LLC,2191 MAIN ST B ,SAN DIEGO,CA,92113-2217,336111,AUTOMOBILE MFG,Manufacturing,Core,"2191 MAIN ST B , SAN DIEGO, CA 92113-2217","9839 Downey Norwalk Rd, Downey, California, 90241",100.0,-118.111252225056,33.924787884543
2024011992,CAMRON'S EXPORT SERVICES,SOLE,1295 UNIVERSITY AVE 5 ,SAN DIEGO,CA,92103-3333,488,TRANSPORTATION SUPPORT ACTIVITIES,Transportation and Warehousing,Core,"1295 UNIVERSITY AVE 5 , SAN DIEGO, CA 92103-3333","1295 University Ave, Apartment 5, San Diego, California, 92103",100.0,-117.151484497428,32.748414973145
2018011538,CAN LINES ENGINEERING,CORP,9839 DOWNEY NORWALK RD ,DOWNEY,CA,90241-5502,339,MISCELLANEOUS MFG,Manufacturing,Core,"9839 DOWNEY NORWALK RD , DOWNEY, CA 90241-5502","10264 Saluda Ave, San Diego, California, 92126",100.0,-117.142836301188,32.904511155982
2022014780,CANDY PROS LLC,LLC,9874 VIA DE LA AMISTAD ,SAN DIEGO,CA,92154-7297,4229,MISCELLANEOUS NONDURABLE GOODS WHSLE,Wholesale Trade,Core,"9874 VIA DE LA AMISTAD , SAN DIEGO, CA 92154-7297","2191 Main St, San Diego, California, 92113",99.67,-117.142189385901,32.695937721383
2021003528,CANO MOBILE WELDING,SOLE,10264 SALUDA AVE ,SAN DIEGO,CA,92126-3666,333992,WELDING & SOLDERING EQUIPMENT MFG,Manufacturing,Core,"10264 SALUDA AVE , SAN DIEGO, CA 92126-3666","9874 Via de la Amistad, San Diego, California, 92154",100.0,-116.933025278586,32.552861651663
2025000020,CANON U S A INC,CORP,5910 PACIFIC CENTER BLVD ,SAN DIEGO,CA,92121-6301,4219,MISCELLANEOUS DURABLE GOODS WHSLE,Wholesale Trade,Core,"5910 PACIFIC CENTER BLVD , SAN DIEGO, CA 92121-6301","5910 Pacific Center Blvd, San Diego, California, 92121",100.0,-117.190767460126,32.905230071817
2024001370,CANTINE MASSIMO LEONE COMPANY,SCORP,2389 WORDEN ST ,SAN DIEGO,CA,92107-1613,31213,WINERIES,Manufacturing,Core,"2389 WORDEN ST , SAN DIEGO, CA 92107-1613","2389 Worden St, San Diego, California, 92107",100.0,-117.228052680021,32.744352306586
2018003961,CANTOR BIOCONNECT LLC,LLC,9450 CUYAMACA ST 103 ,SANTEE,CA,92071-5917,33911,MEDICAL EQUIPMENT & SUPPLIES MFG,Manufacturing,Core,"9450 CUYAMACA ST 103 , SANTEE, CA 92071-5917","9450 Cuyamaca St, #103, Santee, California, 92071",100.0,-116.985015960869,32.848967007757
2021005298,CANVAS SERVICES LLC,LLC,2826 CANON ST ,SAN DIEGO,CA,92106-2742,31491,TEXTILE BAG & CANVAS MILLS,Manufacturing,Core,"2826 CANON ST , SAN DIEGO, CA 92106-2742","987 Guatay Ave, Chula Vista, California, 91911",100.0,-117.052667726321,32.622836419671
2023011372,CAPETILLO TRUCKING,SCORP,987 GUATAY AVE ,CHULA VISTA,CA,91911-2317,48411,"GENERAL FREIGHT TRUCKING, LOCAL",Transportation and Warehousing,Core,"987 GUATAY AVE , CHULA VISTA, CA 91911-2317","2826 Canon St, San Diego, California, 92106",100.0,-117.230395757235,32.720626910553
2003004334,CAPITAL L MANUFACTURING INC,SCORP,3640 JACKDAW ST 3640 ,SAN DIEGO,CA,92103-3838,33992,SPORTING & ATHLETIC GOODS MFG,Manufacturing,Core,"3640 JACKDAW ST 3640 , SAN DIEGO, CA 92103-3838","3322 Mount Tami Ln, San Diego, California, 92111",100.0,-117.18217265661,32.801817712747
2007015491,CAPS & TABS INC,CORP,3111 CAMINO DEL RIO NORTH N 400 ,SAN DIEGO,CA,92108-5724,42221,DRUGS & DRUGGISTS' SUNDRIES WHSLE,Wholesale Trade,Core,"3111 CAMINO DEL RIO NORTH N 400 , SAN DIEGO, CA 92108-5724","3640 Jackdaw St, San Diego, California, 92103",98.89,-117.174036929931,32.744124779824
2017018171,CAPTAIN DON MARINE,SOLE,1561 SHELTER ISLAND DR 106 ,SAN DIEGO,CA,92106-3102,4883,WATER TRANSPORTATION SUPPORT ACTIVITIES,Transportation and Warehousing,Core,"1561 SHELTER ISLAND DR 106 , SAN DIEGO, CA 92106-3102","1561 Shelter Island Dr, San Diego, California, 92106",99.27,-117.230923565678,32.710808810178
2024009866,CAPTAIN JIMS SPORTFISHING AND MARINE SERVICES,SOLE,3322 MOUNT TAMI LN ,SAN DIEGO,CA,92111-4637,48839,OTHER WATER TRANSPORTATION SUPPORT ACTIVITIES,Transportation and Warehousing,Core,"3322 MOUNT TAMI LN , SAN DIEGO, CA 92111-4637","3111 Camino del Rio N, Suite 400, San Diego, California, 92108",99.95,-117.127683664266,32.77520734946
2023002331,CAR SHIPPING TRANSPORT USA,SOLE,13376 TORREY MEADOWS DR 24 ,SAN DIEGO,CA,92129-4640,484,TRUCK TRANSPORTATION,Transportation and Warehousing,Core,"13376 TORREY MEADOWS DR 24 , SAN DIEGO, CA 92129-4640","3304 National Ave, San Diego, California, 92113",100.0,-117.12328073894,32.696045254752
2016019520,CARA STOODY,SOLE,3304 NATIONAL AVE ,SAN DIEGO,CA,92113-2639,339999,ALL OTHER MISCELLANEOUS MFG,Manufacturing,Core,"3304 NATIONAL AVE , SAN DIEGO, CA 92113-2639","13376 Torrey Meadows Dr, San Diego, California, 92129",99.51,-117.152523601964,32.963931012416
1988013748,CARDINAL HEALTH 200 LLC,LLC,4551 EAST PHILADELPHIA ,ONTARIO,CA,91761,4229,MISCELLANEOUS NONDURABLE GOODS WHSLE,Wholesale Trade,Core,"4551 EAST PHILADELPHIA , ONTARIO, CA 91761","9665 Via Excelencia, San Diego, California, 92126",100.0,-117.118118246381,32.898208713775
2000011515,CARE MEDICAL TRANSPORTATION INC,CORP,9665 VIA EXCELENCIA ,SAN DIEGO,CA,92126-4536,488999,ALL OTHER TRANSPORTATION SUPPORT ACTIVITIES,Transportation and Warehousing,Core,"9665 VIA EXCELENCIA , SAN DIEGO, CA 92126-4536","4551 E Philadelphia St, Ontario, California, 91761",98.84,-117.552989142739,34.033490020798
2007003928,CARESTREAM HEALTH INC,CORP,1565 JEFFERSON RD 280 ,ROCHESTER,NY,14623-3178,327999,ALL OTH MISC NONMETALLIC MINERAL PRODUCT MFG,Manufacturing,Core,"1565 JEFFERSON RD 280 , ROCHESTER, NY 14623-3178","1423 Broadway, El Cajon, California, 92021",100.0,-116.930220358507,32.807622557882
2025019907,CAREY SAN DIEGO,SOLE,1423 BROADWAY ,EL CAJON,CA,92021-5127,4922,LOCAL MESSENGERS & LOCAL DELIVERY,Transportation and Warehousing,Core,"1423 BROADWAY , EL CAJON, CA 92021-5127","5052 Mount Harris Dr, San Diego, California, 92117",100.0,-117.18591492492,32.82370009591
2011020445,CARI L BUCKMAN & PAUL T MURPHY,H-W,5052 MOUNT HARRIS DR ,SAN DIEGO,CA,92117-4818,81131,COMMERCIAL EQUIPMENT (EXC AUTO & ELEC) R&M,Industrial Machinery Repair,Core,"5052 MOUNT HARRIS DR , SAN DIEGO, CA 92117-4818","1565 Jefferson Rd, Suite 280, Rochester, New York, 14623",100.0,-77.588030964876,43.08298613554
2026005161,CARI RECYCLING,SOLE,9015 PASEO DE LA FUENTE 4 ,SAN DIEGO,CA,92154,4889,OTHER TRANSPORTATION SUPPORT ACTIVITIES,Transportation and Warehousing,Core,"9015 PASEO DE LA FUENTE 4 , SAN DIEGO, CA 92154","8024 Donzee St, San Diego, California, 92123",100.0,-117.15279296579,32.804373355257
2019020254,CARIOCA FOODS CO,SCORP,8024 DONZEE ST ,SAN DIEGO,CA,92123-1908,311,FOOD MFG,Manufacturing,Core,"8024 DONZEE ST , SAN DIEGO, CA 92123-1908","2044 Harrison Ave, San Diego, California, 92113",100.0,-117.138651300752,32.703022734589
2023006594,CARLIFORNIA LOGISTICS LLC,LLC,4332 W POINT LOMA BLVD G ,SAN DIEGO,CA,92107-1180,484,TRUCK TRANSPORTATION,Transportation and Warehousing,Core,"4332 W POINT LOMA BLVD G , SAN DIEGO, CA 92107-1180","4332 W Point Loma Blvd, Apartment G, San Diego, California, 92107",100.0,-117.230138516626,32.752540797346
2025018894,CARLOS E ONTIVEROS HERNAND ,SOLE,2044 HARRISON AVE ,SAN DIEGO,CA,92113-1228,48411,"GENERAL FREIGHT TRUCKING, LOCAL",Transportation and Warehousing,Core,"2044 HARRISON AVE , SAN DIEGO, CA 92113-1228","708 Gage Dr, San Diego, California, 92106",100.0,-117.241897991505,32.716577906495
2025014990,CARLOS MORALES,SOLE,632 A ST 21 ,RAMONA,CA,92065-2066,333,MACHINERY MFG,Manufacturing,Core,"632 A ST 21 , RAMONA, CA 92065-2066","632 A St, Unit 21, Ramona, California, 92065",100.0,-116.864292666718,33.046875308755
1974010464,CAROL MENDEL PUBLICATIONS,SOLE,708 GAGE DR ,SAN DIEGO,CA,92106-2902,323,PRINTING & RELATED SUPPORT ACTIVITIES,Manufacturing,Core,"708 GAGE DR , SAN DIEGO, CA 92106-2902","5335 El Cajon Blvd, San Diego, California, 92115",100.0,-117.080903256815,32.757530250939
1981003749,CAROL'S CUSTOM DRAPES,SOLE,5335 EL CAJON BLVD A ,SAN DIEGO,CA,92115-4730,339999,ALL OTHER MISCELLANEOUS MFG,Manufacturing,Core,"5335 EL CAJON BLVD A , SAN DIEGO, CA 92115-4730","7135 Siempre Viva Rd, San Diego, California, 92154",100.0,-116.988144673867,32.553526504223
2007026363,CAROLINA TRUCKING INC,CORP,7135 SIEMPRE VIVA RD ,SAN DIEGO,CA,92154-7415,4841,GENERAL FREIGHT TRUCKING,Transportation and Warehousing,Core,"7135 SIEMPRE VIVA RD , SAN DIEGO, CA 92154-7415","9015 Paseo de la Fuente N, San Diego, California, 92154",98.4,-116.950853841249,32.558802584084
1996013537,CARPET CUSHION COMPANY,PARTNR,2895 MARKET ST ,SAN DIEGO,CA,92102-3104,42199,OTHER MISCELLANEOUS DURABLE GOODS WHSLE,Wholesale Trade,Core,"2895 MARKET ST , SAN DIEGO, CA 92102-3104","7016 Jackson Dr, San Diego, California, 92119",100.0,-117.031976914514,32.797194632142
1994005324,CARS & TRUCKS L T D,SOLE,7016 JACKSON DR ,SAN DIEGO,CA,92119-3007,421,"WHOLESALE TRADE, DURABLE GOODS",Wholesale Trade,Core,"7016 JACKSON DR , SAN DIEGO, CA 92119-3007","4844 Mount Harris Dr, San Diego, California, 92117",100.0,-117.188720096456,32.825038224843
1994000802,CARS UNLIMITED EXPO ,SOLE,4844 MOUNT HARRIS DR ,SAN DIEGO,CA,92117-3909,421,"WHOLESALE TRADE, DURABLE GOODS",Wholesale Trade,Core,"4844 MOUNT HARRIS DR , SAN DIEGO, CA 92117-3909","2895 Market St, San Diego, California, 92102",100.0,-117.132355820915,32.711601402942
2020012160,CARTIER,PARTNR,7007 FRIARS RD 358B ,SAN DIEGO,CA,92108-1148,42199,OTHER MISCELLANEOUS DURABLE GOODS WHSLE,Wholesale Trade,Core,"7007 FRIARS RD 358B , SAN DIEGO, CA 92108-1148","3444 Tripp Ct, Suite B, San Diego, California, 92121",100.0,-117.233728821033,32.915231358686
2019022692,CARTURNER INC,CORP,3444 TRIPP CT B ,SAN DIEGO,CA,92121-1000,339999,ALL OTHER MISCELLANEOUS MFG,Manufacturing,Core,"3444 TRIPP CT B , SAN DIEGO, CA 92121-1000","1043 Thermal Ave, San Diego, California, 92154",100.0,-117.097021321346,32.577428506956
2020008932,CASA MARQUEZ BREWING COMPANY,CORP,1043 THERMAL AVE ,SAN DIEGO,CA,92154-1978,31,MANUFACTURING,Manufacturing,Core,"1043 THERMAL AVE , SAN DIEGO, CA 92154-1978","10280 Glenoaks Blvd, Pacoima, California, 91331",100.0,-118.395023820174,34.256988062643
2011023414,CASIGNS,CORP,10280 GLENOAKS BLVD ,PACOIMA,CA,91331-1604,339,MISCELLANEOUS MFG,Manufacturing,Core,"10280 GLENOAKS BLVD , PACOIMA, CA 91331-1604","14643 Via Bettona, San Diego, California, 92127",100.0,-117.160332685877,32.98933488456
2021007891,CASK & COAST SPIRITS CO LLC,LLC,14643 VIA BETTONA ,SAN DIEGO,CA,92127-3825,31214,DISTILLERIES,Manufacturing,Core,"14643 VIA BETTONA , SAN DIEGO, CA 92127-3825","7007 Friars Rd, Suite 358, San Diego, California, 92108",98.94,-117.168336397581,32.769578817658
2013061415,CASTLEHOUSE CONSTRUCTION ,CORP,5735 KEARNY VILLA RD 103 ,SAN DIEGO,CA,92123-1138,42139,OTHER CONSTRUCTION MATERIAL WHSLE,Wholesale Trade,Core,"5735 KEARNY VILLA RD 103 , SAN DIEGO, CA 92123-1138","6794 Calle de Linea, Suite 106, San Diego, California, 92154",100.0,-116.993407419414,32.547683018515
2002007279,CASTOR TRANSPORT LLC,LLC,6794 CALLE DE LINEA 106 ,SAN DIEGO,CA,92154-8018,493,WAREHOUSING & STORAGE,Transportation and Warehousing,Core,"6794 CALLE DE LINEA 106 , SAN DIEGO, CA 92154-8018","524 W Calle Primera, Suite 1006, San Ysidro, California, 92173",98.95,-117.054665552943,32.554807426666
2024004659,CC MFG GROUP,CORP,524 W CALLE PRIMERA 1006H ,SAN YSIDRO,CA,92173-2836,4219,MISCELLANEOUS DURABLE GOODS WHSLE,Wholesale Trade,Core,"524 W CALLE PRIMERA 1006H , SAN YSIDRO, CA 92173-2836","5735 Kearny Villa Rd, San Diego, California, 92123",99.23,-117.134344175986,32.838245296309
2018016688,CDW GOVERNMENT LLC,LLC,4980 N HARBOR DR 200 ,SAN DIEGO,CA,92106-2370,4216,ELECTRICAL GOODS WHSLE,Wholesale Trade,Core,"4980 N HARBOR DR 200 , SAN DIEGO, CA 92106-2370","1413 Irving St, Riverside, California, 92504",100.0,-117.4060641869,33.890805134499
1997005763,CECILIA'S COMPUTER DESIGN,SOLE,7166 KEIGHLEY ST ,SAN DIEGO,CA,92120-1259,422,"WHOLESALE TRADE, NONDURABLE GOODS",Wholesale Trade,Core,"7166 KEIGHLEY ST , SAN DIEGO, CA 92120-1259","7166 Keighley St, San Diego, California, 92120",100.0,-117.081796600056,32.801352978126
2015023690,CEMEX CONSTRUCTION MATERIAL PACIFIC LLC,LLC,10051 BLACK MOUNTAIN RD ,SAN DIEGO,CA,92126-4516,32731,CEMENT MFG,Manufacturing,Core,"10051 BLACK MOUNTAIN RD , SAN DIEGO, CA 92126-4516","2499 Qualcomm Way, San Diego, California, 92108",100.0,-117.141624142442,32.777662585375
2015023730,CEMEX CONSTRUCTION MATERIAL PACIFIC LLC,CORP,2499 QUALCOMM WAY ,SAN DIEGO,CA,92108-4300,32731,CEMENT MFG,Manufacturing,Core,"2499 QUALCOMM WAY , SAN DIEGO, CA 92108-4300","10051 Black Mountain Rd, San Diego, California, 92126",100.0,-117.123808634526,32.901936683833
2026001693,CENMAR AUTO PARTS INC,SCORP,2475 PASEO DE LAS AMERICAS 2712 ,SAN DIEGO,CA,92154-7255,4211,MOTOR VEHICLE/MOTOR VEHICLE PT & SUPPLY WHSLE,Wholesale Trade,Core,"2475 PASEO DE LAS AMERICAS 2712 , SAN DIEGO, CA 92154-7255","3065 Beyer Blvd, Suite 103, San Diego, California, 92154",99.94,-117.065326998506,32.572089737548
2021009077,CENTINELA US IMPORTS LLC,LLC,3065 BEYER BLVD B-103 ,SAN DIEGO,CA,92154-3499,42112,MOTOR VEHICLE SUPPLIES & NEW PARTS WHSLE,Wholesale Trade,Core,"3065 BEYER BLVD B-103 , SAN DIEGO, CA 92154-3499","2475 Paseo de las Americas, San Diego, California, 92154",99.11,-116.935868252505,32.553304383789
1974000623,CENTRAL MEAT & PROVISION CO INC,CORP,1603 NATIONAL AVE ,SAN DIEGO,CA,92113-1008,4224,GROCERY & RELATED PRODUCT WHSLE,Wholesale Trade,Core,"1603 NATIONAL AVE , SAN DIEGO, CA 92113-1008","1603 National Ave, San Diego, California, 92113",100.0,-117.149966031848,32.704006895751
2020016575,CENTRAL VALLEY HARDWARE,CORP,924 E CHURCH ST ,STOCKTON,CA,95203-3631,42171,HARDWARE WHSLE,Wholesale Trade,Core,"924 E CHURCH ST , STOCKTON, CA 95203-3631","7910 Dunbrook Rd, San Diego, California, 92126",100.0,-117.150896590739,32.89259611298
1981011282,CENTURY TUBES INC,CORP,7910 DUNBROOK RD ,SAN DIEGO,CA,92126-4371,3314,NONFERROUS (EXC ALUM) PRODUCTION & PROCESSING,Manufacturing,Core,"7910 DUNBROOK RD , SAN DIEGO, CA 92126-4371","3300 Admiral Boland Way, San Diego, California, 92101",100.0,-117.178238023621,32.734101993374
2024002296,CEREP DELICIUS,SOLE,4545 N LA JOLLA VILLAGE N DR FC7 ,SAN DIEGO,CA,92122-1673,311811,RETAIL BAKERIES,Manufacturing,Core,"4545 N LA JOLLA VILLAGE N DR FC7 , SAN DIEGO, CA 92122-1673","924 E Church St, Stockton, California, 95203",100.0,-121.277294280602,37.949671087763
2009030499,CERTIFIED AVIATION SERVICES LLC,LLC,3300 ADMIRAL BOLAND WAY ,SAN DIEGO,CA,92101-1102,48819,OTHER AIR TRANSPORTATION SUPPORT ACTIVITIES,Transportation and Warehousing,Core,"3300 ADMIRAL BOLAND WAY , SAN DIEGO, CA 92101-1102","2360 Michael Faraday Dr, San Diego, California, 92154",100.0,-116.932038393306,32.555490593685
2015022876,CERVANTES TRANSPORT LLC,LLC,2360 MICHAEL FARADAY DR ,SAN DIEGO,CA,92154-7254,484,TRUCK TRANSPORTATION,Transportation and Warehousing,Core,"2360 MICHAEL FARADAY DR , SAN DIEGO, CA 92154-7254","8445 Camino Santa Fe, Suite 104, San Diego, California, 92121",100.0,-117.171687398651,32.880782574825
2018028089,CGX LLC,LLC,8445 CAMINO SANTA FE 104 ,SAN DIEGO,CA,92121-2649,33399,ALL OTHER GENERAL PURPOSE MACHINERY MFG,Manufacturing,Core,"8445 CAMINO SANTA FE 104 , SAN DIEGO, CA 92121-2649","4575 Ruffner St, San Diego, California, 92111",100.0,-117.157337748053,32.823954696219
2014026765,CHAMPION MOTORING,LLC,4575 RUFFNER ST ,SAN DIEGO,CA,92111-2215,42111,AUTOMOBILE & OTHER MOTOR VEHICLE WHSLE,Wholesale Trade,Core,"4575 RUFFNER ST , SAN DIEGO, CA 92111-2215","7860 Mission Center Ct, Suite 201, San Diego, California, 92108",100.0,-117.154975979195,32.773704641859
2023000699,"CHANSHOW BIOTECHNOLOGY, INC",SOLE,7860 MISSION CENTER CT 201 ,SAN DIEGO,CA,92108-1331,339,MISCELLANEOUS MFG,Manufacturing,Core,"7860 MISSION CENTER CT 201 , SAN DIEGO, CA 92108-1331","7832 Ostrow St, San Diego, California, 92111",100.0,-117.155916428732,32.814349244728
2025019004,CHARLES E BASLOW ,SOLE,1810 FELTON ST ,SAN DIEGO,CA,92102-1230,4842,SPECIALIZED FREIGHT TRUCKING,Transportation and Warehousing,Core,"1810 FELTON ST , SAN DIEGO, CA 92102-1230","1810 Felton St, San Diego, California, 92102",100.0,-117.122788306727,32.7250397071
2024009583,CHARTER INDUSTRIAL SUPPLY,LLC,7832 OSTROW ST ,SAN DIEGO,CA,92111-3603,422,"WHOLESALE TRADE, NONDURABLE GOODS",Wholesale Trade,Core,"7832 OSTROW ST , SAN DIEGO, CA 92111-3603","7580 Fay Ave, Suite 101, La Jolla, California, 92037",100.0,-117.27424107365,32.841638416444
2024010442,CHASITY GREEN,SOLE,1317 S 36TH ST ,SAN DIEGO,CA,92113-3123,4922,LOCAL MESSENGERS & LOCAL DELIVERY,Transportation and Warehousing,Core,"1317 S 36TH ST , SAN DIEGO, CA 92113-3123","4536 Natalie Dr, San Diego, California, 92115",100.0,-117.093558673325,32.760834774357
1984008013,CHAYET TRAVEL NETWORK,CORP,7580 FAY AVE 101 ,LA JOLLA,CA,92037-4848,488999,ALL OTHER TRANSPORTATION SUPPORT ACTIVITIES,Transportation and Warehousing,Core,"7580 FAY AVE 101 , LA JOLLA, CA 92037-4848","6960 Camino Maquiladora, Suite K, San Diego, California, 92154",100.0,-116.990074439435,32.566893250946
1979056695,CHAZZ MACK MUSIC,SOLE,4536 NATALIE DR ,SAN DIEGO,CA,92115-3123,323,PRINTING & RELATED SUPPORT ACTIVITIES,Manufacturing,Core,"4536 NATALIE DR , SAN DIEGO, CA 92115-3123","7150 Siempre Viva Rd, San Diego, California, 92154",100.0,-116.986141399008,32.553569377658
2021008017,CHC TECHNOLOGY LLC,LLC,6960 CAMINO MAQUILADORA K ,SAN DIEGO,CA,92154-7516,42143,COMPUTER & PERIPHERAL EQUIP & SOFTWARE WHSLE,Wholesale Trade,Core,"6960 CAMINO MAQUILADORA K , SAN DIEGO, CA 92154-7516","1317 S 36th St, San Diego, California, 92113",100.0,-117.116765564828,32.692647153834
2023011383,CHECKO STORAGE AND AUTO TRANSPORT INC,CORP,7150 SIEMPRE VIVA RD ,SAN DIEGO,CA,92154-7409,49311,GENERAL WAREHOUSING & STORAGE,Transportation and Warehousing,Core,"7150 SIEMPRE VIVA RD , SAN DIEGO, CA 92154-7409","4545 La Jolla Village Dr, San Diego, California, 92122",96.27,-117.209700754476,32.872836279158
2011001218,CHEETAH DELIVERY & CONSULTING,H-W,3658 RUFFIN RD ,SAN DIEGO,CA,92123-1889,4922,LOCAL MESSENGERS & LOCAL DELIVERY,Transportation and Warehousing,Core,"3658 RUFFIN RD , SAN DIEGO, CA 92123-1889","3658 Ruffin Rd, San Diego, California, 92123",100.0,-117.119497897625,32.810326769394
2004005133,CHEF CITY,SCORP,9150 CLAIREMONT MESA BLVD ,SAN DIEGO,CA,92123-1210,42199,OTHER MISCELLANEOUS DURABLE GOODS WHSLE,Wholesale Trade,Core,"9150 CLAIREMONT MESA BLVD , SAN DIEGO, CA 92123-1210","9150 Clairemont Mesa Blvd, San Diego, California, 92123",100.0,-117.132606272182,32.83150855118
2006007645,CHEM-AQUA INC,CORP,2727 CHEMSEARCH BLVD ,IRVING,TX,75062-6454,4226,CHEMICAL & ALLIED PRODUCTS WHSLE,Wholesale Trade,Core,"2727 CHEMSEARCH BLVD , IRVING, TX 75062-6454","2727 Chemsearch Blvd, Irving, Texas, 75062",100.0,-96.92242318621,32.839180926252
1993005110,CHEMINNOVATION SOFTWARE INC,CORP,7949 ECLIPSE RD ,SAN DIEGO,CA,92129,339999,ALL OTHER MISCELLANEOUS MFG,Manufacturing,Core,"7949 ECLIPSE RD , SAN DIEGO, CA 92129","7949 Eclipse Rd, San Diego, California, 92129",100.0,-117.153070353508,32.946684115076
2009017599,CHEMTRONICS USA INC,CORP,7841 BALBOA AVE 205 ,SAN DIEGO,CA,92111-2313,42299,OTHER MISCELLANEOUS NONDURABLE GOODS WHSLE,Wholesale Trade,Core,"7841 BALBOA AVE 205 , SAN DIEGO, CA 92111-2313","7841 Balboa Ave, Suite 205, San Diego, California, 92111",100.0,-117.153806871341,32.821671340066
1986000420,CHERUB MARKETING/CHERUB INTERNATIONAL,CORP,10436 ARTESIAN SPRINGS CT ,SPRING VALLEY,CA,91977-3454,421,"WHOLESALE TRADE, DURABLE GOODS",Wholesale Trade,Core,"10436 ARTESIAN SPRINGS CT , SPRING VALLEY, CA 91977-3454","4525 Cherokee Ave, Apartment 3, San Diego, California, 92116",100.0,-117.114131719393,32.759495974872
1974011294,CHEVRON U.S.A. WHOLESALE,CORP,2351 E HARBOR DR ,SAN DIEGO,CA,92113-3637,4226,CHEMICAL & ALLIED PRODUCTS WHSLE,Wholesale Trade,Core,"2351 E HARBOR DR , SAN DIEGO, CA 92113-3637","4105 Georgia St, Apartment 305, San Diego, California, 92103",100.0,-117.144967819166,32.752484219499
2025013578,CHEZ BAIN DE LA SORCIERE,SOLE,4525 CHEROKEE AVE 3 ,SAN DIEGO,CA,92116-3698,32561,SOAP & CLEANING COMPOUND MFG,Manufacturing,Core,"4525 CHEROKEE AVE 3 , SAN DIEGO, CA 92116-3698","10436 Artesian Springs Ct, Spring Valley, California, 91977",100.0,-116.978628950649,32.722405508497
2015020990,CHI GROUP LLC,LLC,4105 GEORGIA ST 305 ,SAN DIEGO,CA,92103-2548,48899,OTHER TRANSPORTATION SUPPORT ACTIVITIES,Transportation and Warehousing,Core,"4105 GEORGIA ST 305 , SAN DIEGO, CA 92103-2548","1203 Piccard Ave, San Diego, California, 92154",100.0,-117.049836738524,32.574867793627
2023006390,CHICANO TRANSPORTATION & MORE,SOLE,1203 PICCARD AVE ,SAN DIEGO,CA,92154-3765,484,TRUCK TRANSPORTATION,Transportation and Warehousing,Core,"1203 PICCARD AVE , SAN DIEGO, CA 92154-3765","9226 Soldin Ln, El Cajon, California, 92021",100.0,-116.865896041202,32.846291046427
2017004725,CHIPMAN RELOCATION AND LOGISTICS,SCORP,1320 AIR WING RD ,SAN DIEGO,CA,92154-7707,48421,USED HOUSEHOLD & OFFICE GOODS MOVING,Transportation and Warehousing,Core,"1320 AIR WING RD , SAN DIEGO, CA 92154-7707","1320 Air Wing Rd, San Diego, California, 92154",100.0,-116.955871999709,32.572252011193
2014002285,CHOCO'S AUTO SALES,SOLE,1578 ORO VISTA RD 270 ,SAN DIEGO,CA,92154-5001,42111,AUTOMOBILE & OTHER MOTOR VEHICLE WHSLE,Wholesale Trade,Core,"1578 ORO VISTA RD 270 , SAN DIEGO, CA 92154-5001","2351 Harbor Dr, San Diego, California, 92113",98.87,-117.140248723859,32.693166622283
2023004515,CHOSEN CRAFT CO,SOLE,9226 SOLDIN LN ,EL CAJON,CA,92021-2871,3219,OTHER WOOD PRODUCT MFG,Manufacturing,Core,"9226 SOLDIN LN , EL CAJON, CA 92021-2871","1578 Oro Vista Road, #270, San Diego, California, 92154",100.0,-117.077818297352,32.567330199558
2025021360,CHRISTIAN DELGADO AGUILAR,SOLE,1556 BRIDGEVIEW DR ,SAN DIEGO,CA,92105-5920,4922,LOCAL MESSENGERS & LOCAL DELIVERY,Transportation and Warehousing,Core,"1556 BRIDGEVIEW DR , SAN DIEGO, CA 92105-5920","1556 Bridgeview Dr, San Diego, California, 92105",100.0,-117.115203094257,32.721944210456
1996009111,CHRISTIAN PRINTING/BUDGET BUSINESS SERVICES,SOLE,8060 WING SPAN DR ,SAN DIEGO,CA,92119-1775,323,PRINTING & RELATED SUPPORT ACTIVITIES,Manufacturing,Core,"8060 WING SPAN DR , SAN DIEGO, CA 92119-1775","2916 Larkin Pl, San Diego, California, 92123",100.0,-117.134414416335,32.796350951677
2017004384,CHRISTIAN RAMIREZ LOYA,SOLE,13655 HILLSIDE ESTATES DR ,JAMUL,CA,91935-3275,49221,LOCAL MESSENGERS & LOCAL DELIVERY,Transportation and Warehousing,Core,"13655 HILLSIDE ESTATES DR , JAMUL, CA 91935-3275","8060 Wing Span Dr, San Diego, California, 92119",100.0,-117.025015073374,32.807790195946
2025015744,CHRISTINE LIAO ,SOLE,2916 LARKIN PL ,SAN DIEGO,CA,92123-3024,3271,CLAY PRODUCT & REFRACTORY MFG,Manufacturing,Core,"2916 LARKIN PL , SAN DIEGO, CA 92123-3024","5773 Menorca Dr, San Diego, California, 92124",100.0,-117.098605920141,32.83652172556
2016016434,CHRISTOPHER T GLEBA,SOLE,2635 02ND AVE 1123 ,SAN DIEGO,CA,92103-6567,48321,INLAND WATER TRANSPORTATION,Transportation and Warehousing,Core,"2635 02ND AVE 1123 , SAN DIEGO, CA 92103-6567","13655 Hillside Estates Dr, Jamul, California, 91935",100.0,-116.854214853073,32.715591021215
2025015748,CHRISTOPHER T HAYDEN ,SOLE,5773 MENORCA DR ,SAN DIEGO,CA,92124-1105,332,FABRICATED METAL PRODUCT MFG,Manufacturing,Core,"5773 MENORCA DR , SAN DIEGO, CA 92124-1105","3710 Voltaire St, #101, San Diego, California, 92107",99.69,-117.229180548912,32.740283898423
1989005176,CHRISTY'S DONUTS,SOLE,3710 VOLTAIRE ST 101 ,SAN DIEGO,CA,92106,311811,RETAIL BAKERIES,Manufacturing,Core,"3710 VOLTAIRE ST 101 , SAN DIEGO, CA 92106","92103-6567, San Diego, California",86.5,-117.163010033389,32.732833979061
1990008505,CHRONTROL CORPORATION,CORP,7525 MISSION GORGE RD D ,SAN DIEGO,CA,92120-1300,334419,OTHER ELECTRONIC COMPONENT MFG,Manufacturing,Core,"7525 MISSION GORGE RD D , SAN DIEGO, CA 92120-1300","2173 Camino del Este, Apartment 6102, San Diego, California, 92108",100.0,-117.144954659578,32.773387931647
2023008936,CHUCKYS TRANSPORT INC,CORP,2173 CAMINO DEL ESTE 6102 ,SAN DIEGO,CA,92108-1551,48899,OTHER TRANSPORTATION SUPPORT ACTIVITIES,Transportation and Warehousing,Core,"2173 CAMINO DEL ESTE 6102 , SAN DIEGO, CA 92108-1551","7525 Mission Gorge Rd, Suite D, San Diego, California, 92120",100.0,-117.076845661307,32.807355007533
2025000298,CHULA VISTA FRESH PRODUCE,SOLE,1445 30TH ST E ,SAN DIEGO,CA,92154-3496,49312,REFRIGERATED WAREHOUSING & STORAGE,Transportation and Warehousing,Core,"1445 30TH ST E , SAN DIEGO, CA 92154-3496","2325 Marconi Ct, San Diego, California, 92154",100.0,-116.933992131117,32.555952352731
1992000050,CI-FABRICS,CORP,2325 MARCONI CT ,SAN DIEGO,CA,92154-7241,314999,ALL OTHER MISCELLANEOUS TEXTILE PRODUCT MILLS,Manufacturing,Core,"2325 MARCONI CT , SAN DIEGO, CA 92154-7241","4901 Morena Blvd, Suite 316, San Diego, California, 92117",100.0,-117.230346136368,32.826846410906
2016001972,CIBO DISTRIBUTION LLC,LLC,4901 MORENA BLVD 316 ,SAN DIEGO,CA,92117-3388,42249,OTHER GROCERY & RELATED PRODUCTS WHSLE,Wholesale Trade,Core,"4901 MORENA BLVD 316 , SAN DIEGO, CA 92117-3388","4363 Clairemont Mesa Blvd, San Diego, California, 92117",100.0,-117.199111728556,32.833989804068
2004010531,CIGS & GARS 2,CORP,2939 ALTA VIEW DR O ,SAN DIEGO,CA,92139-3394,312221,CIGARETTE MFG,Manufacturing,Core,"2939 ALTA VIEW DR O , SAN DIEGO, CA 92139-3394","7814 Miramar Rd, San Diego, California, 92126",100.0,-117.149620445981,32.885877766128
2023001796,CIMARRONES TRUCKING,SOLE,4363 CLAIREMONT MESA BLVD ,SAN DIEGO,CA,92117-1946,4841,GENERAL FREIGHT TRUCKING,Transportation and Warehousing,Core,"4363 CLAIREMONT MESA BLVD , SAN DIEGO, CA 92117-1946","2939 Alta View Dr, Suite O, San Diego, California, 92139",100.0,-117.039014444239,32.675994994434
2021012162,CIRCA LIGHTING,LLC,7814 MIRAMAR RD ,SAN DIEGO,CA,92126-4204,4216,ELECTRICAL GOODS WHSLE,Wholesale Trade,Core,"7814 MIRAMAR RD , SAN DIEGO, CA 92126-4204","3615 University Ave, San Diego, California, 92104",100.0,-117.115201836971,32.749706331058
2024010683,CITRINE IVY,SOLE,10222 PINECASTLE ST ,SAN DIEGO,CA,92131-2279,422,"WHOLESALE TRADE, NONDURABLE GOODS",Wholesale Trade,Core,"10222 PINECASTLE ST , SAN DIEGO, CA 92131-2279","10222 Pinecastle St, San Diego, California, 92131",100.0,-117.062723076466,32.906608601523
2026003365,CITY WORKSHOPS LLC,LLC,3615 UNIVERSITY AVE ,SAN DIEGO,CA,92104-2316,32191,MILLWORK,Manufacturing,Core,"3615 UNIVERSITY AVE , SAN DIEGO, CA 92104-2316","10935 Decatur Rd, San Diego, California, 92126",100.0,-117.130777676185,32.918224452491
2004008628,CITYWIDE COURIER,SOLE,8374 RIDGE ROUTE RD ,SAN DIEGO,CA,92120-1737,4921,COURIERS,Transportation and Warehousing,Core,"8374 RIDGE ROUTE RD , SAN DIEGO, CA 92120-1737","8515 Avenida de la Fuente, San Diego, California, 92154",100.0,-116.959973181114,32.556944602428
2026005605,CJ KITCHEN LLC,LLC,10935 DECATUR RD ,SAN DIEGO,CA,92126-2425,4224,GROCERY & RELATED PRODUCT WHSLE,Wholesale Trade,Core,"10935 DECATUR RD , SAN DIEGO, CA 92126-2425","2275 Michael Faraday Dr, Suite 6, San Diego, California, 92154",100.0,-116.932007128807,32.557698596529
2023006129,CJK EXPORTS LLC,LLC,8515 AVENIDA DE LA FUENTE ,SAN DIEGO,CA,92154-6257,4841,GENERAL FREIGHT TRUCKING,Transportation and Warehousing,Core,"8515 AVENIDA DE LA FUENTE , SAN DIEGO, CA 92154-6257","1445 E 30th St, National City, California, 91950",98.88,-117.084849686006,32.661005764515
2004011925,CJRP FREIGHT FORWARDING SERVICES LLC,LLC,2275 MICHAEL FARADAY DR 6 ,SAN DIEGO,CA,92154-7927,4931,WAREHOUSING & STORAGE,Transportation and Warehousing,Core,"2275 MICHAEL FARADAY DR 6 , SAN DIEGO, CA 92154-7927","159 N Garden Ave, Roselle, Illinois, 60172",100.0,-88.102498011711,41.985283629962
2004016396,CK DIAMONDS INC,CORP,861 06TH AVE 170 ,SAN DIEGO,CA,92101-6326,42194,JEWELRY/WATCH/PRECIOUS STONE & METAL WHSLE,Wholesale Trade,Core,"861 06TH AVE 170 , SAN DIEGO, CA 92101-6326","8374 Ridge Route Rd, San Diego, California, 92120",100.0,-117.060711335885,32.809076063712
2017009245,CLARK MADE,SOLE,3744 TEXAS ST ,SAN DIEGO,CA,92104-3319,3271,CLAY PRODUCT & REFRACTORY MFG,Manufacturing,Core,"3744 TEXAS ST , SAN DIEGO, CA 92104-3319","3744 Texas St, San Diego, California, 92104",100.0,-117.13901591354,32.746437095453
2006009995,CLARKE MOSQUITO CONTROL PRODUCTS INC,SCORP,159 N GARDEN AVE ,ROSELLE,IL,60172-1734,339,MISCELLANEOUS MFG,Manufacturing,Core,"159 N GARDEN AVE , ROSELLE, IL 60172-1734","7920 Arjons Dr, Suite F, San Diego, California, 92126",100.0,-117.148406159667,32.894462846636
2014009431,CLARY ICON,SCORP,12335 WORLD TRADE DR 9 ,SAN DIEGO,CA,92128-3783,3359,OTHER ELECTRICAL EQUIPMENT & COMPONENT MFG,Manufacturing,Core,"12335 WORLD TRADE DR 9 , SAN DIEGO, CA 92128-3783","12335 World Trade Dr, Suite 9, San Diego, California, 92128",100.0,-117.0702151568,32.987496104551
2005002065,CLASSIQUE EYEWEAR INC,SCORP,7920 ARJONS DR F ,SAN DIEGO,CA,92126-6301,42199,OTHER MISCELLANEOUS DURABLE GOODS WHSLE,Wholesale Trade,Core,"7920 ARJONS DR F , SAN DIEGO, CA 92126-6301","92101-6326, San Diego, California",86.5,-117.159229040686,32.714230009687
2024008667,CLEAN AIR SOLUTIONS,SOLE,1343 OAKDALE AVE 2 ,EL CAJON,CA,92021-8545,8113,COMMERCIAL EQUIPMENT (EXC AUTO & ELEC) R&M,Industrial Machinery Repair,Core,"1343 OAKDALE AVE 2 , EL CAJON, CA 92021-8545","1343 Oakdale Ave, Apartment 2, El Cajon, California, 92021",100.0,-116.934431678119,32.80202436857
2022008369,CLEAN ENERGY RENEWABLE FUELS LLC,LLC,4675 MACARTHUR CT 800 ,NEWPORT BEACH,CA,92660-1895,32512,INDUSTRIAL GAS MFG,Manufacturing,Core,"4675 MACARTHUR CT 800 , NEWPORT BEACH, CA 92660-1895","4114 Trailing Dr, San Diego, California, 92105",100.0,-117.107124615976,32.726095096546
2026004921,CLEANOUT JUNK REMOVAL,SOLE,4114 TRAILING DR ,SAN DIEGO,CA,92105-5149,4841,GENERAL FREIGHT TRUCKING,Transportation and Warehousing,Core,"4114 TRAILING DR , SAN DIEGO, CA 92105-5149","4351 Moraga Ave, San Diego, California, 92117",100.0,-117.213567577868,32.822646071586
2025015509,CLEAR COAST DISPOSAL,PARTNR,399 J ST ,CHULA VISTA,CA,91910-5834,48421,USED HOUSEHOLD & OFFICE GOODS MOVING,Transportation and Warehousing,Core,"399 J ST , CHULA VISTA, CA 91910-5834","4675 Macarthur Ct, Suite 800, Newport Beach, California, 92660",100.0,-117.861904854822,33.669561028327
2004013639,CLEAR CUT CREATIONS,H-W,4351 MORAGA AVE ,SAN DIEGO,CA,92117-4503,33999,ALL OTHER MISC MFG,Manufacturing,Core,"4351 MORAGA AVE , SAN DIEGO, CA 92117-4503","399 J St, Chula Vista, California, 91910",100.0,-117.078417603429,32.626424838149
1998004001,CLEAR PRODUCTS INC,SOLE,4569 MISSION GORGE PL B ,SAN DIEGO,CA,92120-4112,422,"WHOLESALE TRADE, NONDURABLE GOODS",Wholesale Trade,Core,"4569 MISSION GORGE PL B , SAN DIEGO, CA 92120-4112","11440 W Bernardo Ct, Suite 274, San Diego, California, 92127",100.0,-117.083598625419,33.021939943089
2016007084,CLEER INC,CORP,11440 W BERNARDO CT 274 ,SAN DIEGO,CA,92127-1643,42169,OTHER ELECTRONIC PARTS & EQUIPMENT WHSLE,Wholesale Trade,Core,"11440 W BERNARDO CT 274 , SAN DIEGO, CA 92127-1643","4569 Mission Gorge Pl, Suite B, San Diego, California, 92120",100.0,-117.095296325672,32.782914090335
2015049747,CLEMENTE TEXTILES,SOLE,8617 FROBISHER ST ,SAN DIEGO,CA,92126-3201,42299,OTHER MISCELLANEOUS NONDURABLE GOODS WHSLE,Wholesale Trade,Core,"8617 FROBISHER ST , SAN DIEGO, CA 92126-3201","11662 Sardis Pl, San Diego, California, 92131",100.0,-117.080049895253,32.930892525674
2013025047,CLICK VENTURES LLC,SOLE,11662 SARDIS PL ,SAN DIEGO,CA,92131-3858,4223,"APPAREL, PIECE GOODS & NOTIONS WHSLE",Wholesale Trade,Core,"11662 SARDIS PL , SAN DIEGO, CA 92131-3858","8617 Frobisher St, San Diego, California, 92126",100.0,-117.138898902172,32.909733500755
2020007669,CLICS LLC,LLC,610 W ASH ST 1400 ,SAN DIEGO,CA,92101-3348,339999,ALL OTHER MISCELLANEOUS MFG,Manufacturing,Core,"610 W ASH ST 1400 , SAN DIEGO, CA 92101-3348","7665 Formula Pl, Suite A, San Diego, California, 92121",100.0,-117.15679351108,32.887880286615
1988004526,CLINT PRECISION MANUFACTURING,CORP,7665 FORMULA PL A ,SAN DIEGO,CA,92121-3429,332,FABRICATED METAL PRODUCT MFG,Manufacturing,Core,"7665 FORMULA PL A , SAN DIEGO, CA 92121-3429","610 W Ash St, Suite 1400, San Diego, California, 92101",100.0,-117.168480063401,32.719875682481
1997006878,CLIPPER OIL,CORP,2488 HISTORIC DECATUR RD 250 ,SAN DIEGO,CA,92106-6181,4227,PETROLEUM & PETROLEUM PRODUCTS WHSLE,Wholesale Trade,Core,"2488 HISTORIC DECATUR RD 250 , SAN DIEGO, CA 92106-6181","8441 Arjons Dr, Suite A, San Diego, California, 92126",100.0,-117.1406849181,32.894510874941
1993002280,CLOPAY DISTRIBUTION CENTER,CORP,8441 ARJONS DR A ,SAN DIEGO,CA,92126-4376,4213,LUMBER & OTHER CONSTRUCTION MATERIALS WHSLE,Wholesale Trade,Core,"8441 ARJONS DR A , SAN DIEGO, CA 92126-4376","2488 Historic Decatur Rd, Suite 250, San Diego, California, 92106",100.0,-117.214641048207,32.736382164404
2024011700,CLOSE BY TOWING,SOLE,10325 CAMINITO CUERVO 198 ,SAN DIEGO,CA,92108-1855,488,TRANSPORTATION SUPPORT ACTIVITIES,Transportation and Warehousing,Core,"10325 CAMINITO CUERVO 198 , SAN DIEGO, CA 92108-1855","10325 Caminito Cuervo, Unit 198, San Diego, California, 92108",100.0,-117.11178948037,32.787074280338
2019015472,CLOSET FACTORY,CORP,8375 CAMINO SANTA FE ,SAN DIEGO,CA,92121-2634,337,FURNITURE & RELATED PRODUCT MFG,Manufacturing,Core,"8375 CAMINO SANTA FE , SAN DIEGO, CA 92121-2634","3860 Capitol Ave, City Of Industry, California, 90601",100.0,-118.043684530092,34.0205668863
1997009250,CLOSET WORLD INC,CORP,3860 CAPITOL AV ,WHITTIER,CA,90601,337,FURNITURE & RELATED PRODUCT MFG,Manufacturing,Core,"3860 CAPITOL AV , WHITTIER, CA 90601","8375 Camino Santa Fe, San Diego, California, 92121",100.0,-117.17059506903,32.881377270856
1990004270,CLS SECURITY ELECTRONICS,CORP,5624 LA JOLLA HERMOSA AVE ,LA JOLLA,CA,92037-7546,4216,ELECTRICAL GOODS WHSLE,Wholesale Trade,Core,"5624 LA JOLLA HERMOSA AVE , LA JOLLA, CA 92037-7546","6175 Progressive Ave, Suite 500, San Diego, California, 92154",100.0,-117.0024878704,32.571016225298
2017001973,CLUTTER INC,CORP,5160 MERCURY PT D ,SAN DIEGO,CA,92111-1225,49319,OTHER WAREHOUSING & STORAGE,Transportation and Warehousing,Core,"5160 MERCURY PT D , SAN DIEGO, CA 92111-1225","5160 Mercury Pt, Suite D, San Diego, California, 92111",100.0,-117.147862760885,32.835969106683
2022006072,CNC AZTEC,SCORP,6175 PROGRESSIVE AVE 500 ,SAN DIEGO,CA,92154-6648,33399,ALL OTHER GENERAL PURPOSE MACHINERY MFG,Manufacturing,Core,"6175 PROGRESSIVE AVE 500 , SAN DIEGO, CA 92154-6648","5624 La Jolla Hermosa Ave, La Jolla, California, 92037",100.0,-117.268914038906,32.814636408731
2005011543,CNC MANUFACTURING,SCORP,7015 MANYA CIR ,SAN DIEGO,CA,92154-4711,339999,ALL OTHER MISCELLANEOUS MFG,Manufacturing,Core,"7015 MANYA CIR , SAN DIEGO, CA 92154-4711","7015 Manya Cir, San Diego, California, 92154",100.0,-117.085177021606,32.593917051607
2010000180,COAST AGGREGATES,CORP,2617 HIXSON MESA WAY ,SAN DIEGO,CA,92154-7508,49319,OTHER WAREHOUSING & STORAGE,Transportation and Warehousing,Core,"2617 HIXSON MESA WAY , SAN DIEGO, CA 92154-7508","2617 Hixson Mesa Way, San Diego, California, 92154",100.0,-116.982325872864,32.550813072618
2021004373,COAST AIR CHARTERS LLC,LLC,3760 GLENN CURTISS RD ,SAN DIEGO,CA,92123-1731,481,AIR TRANSPORTATION,Transportation and Warehousing,Core,"3760 GLENN CURTISS RD , SAN DIEGO, CA 92123-1731","4408 Twain Ave, San Diego, California, 92120",100.0,-117.099441679707,32.785030898072
1974004521,COAST APPLIANCE PARTS,CORP,4408 TWAIN AVE ,SAN DIEGO,CA,92120-3406,421,"WHOLESALE TRADE, DURABLE GOODS",Wholesale Trade,Core,"4408 TWAIN AVE , SAN DIEGO, CA 92120-3406","3760 Glenn Curtiss Rd, San Diego, California, 92123",100.0,-117.144373877507,32.812167100055
2019025271,COAST AVIATION SERVICES LLC,LP,3760 GLENN CURTISS RD 25 ,SAN DIEGO,CA,92123-1731,48819,OTHER AIR TRANSPORTATION SUPPORT ACTIVITIES,Transportation and Warehousing,Core,"3760 GLENN CURTISS RD 25 , SAN DIEGO, CA 92123-1731","7597 Bristow Ct, San Diego, California, 92154",100.0,-116.977509379842,32.551684078086
1974000888,COAST CITRUS DISTRIBUTORS,CORP,7597 BRISTOW CT ,SAN DIEGO,CA,92154-7419,4224,GROCERY & RELATED PRODUCT WHSLE,Wholesale Trade,Core,"7597 BRISTOW CT , SAN DIEGO, CA 92154-7419","3760 Glenn Curtiss Rd, San Diego, California, 92123",99.49,-117.144373877507,32.812167100055
1987000918,COAST CUSTOM LABEL,SOLE,8841 PRODUCTION AVE ,SAN DIEGO,CA,92121-2220,323,PRINTING & RELATED SUPPORT ACTIVITIES,Manufacturing,Core,"8841 PRODUCTION AVE , SAN DIEGO, CA 92121-2220","8841 Production Ave, San Diego, California, 92121",100.0,-117.165039375967,32.884931910264
2014020027,COAST HANGER COMPANY LLC,LLC,4655 CASS ST 201 ,SAN DIEGO,CA,92109-2813,4229,MISCELLANEOUS NONDURABLE GOODS WHSLE,Wholesale Trade,Core,"4655 CASS ST 201 , SAN DIEGO, CA 92109-2813","8636 Commerce Ave, San Diego, California, 92121",100.0,-117.167690488123,32.881324548685
1979055603,COAST PRECISION ENTERPRISES,CORP,8636 COMMERCE AVE ,SAN DIEGO,CA,92121-2613,339,MISCELLANEOUS MFG,Manufacturing,Core,"8636 COMMERCE AVE , SAN DIEGO, CA 92121-2613","4655 Cass St, Suite 201, San Diego, California, 92109",100.0,-117.252443766805,32.799438844807
2024000872,COAST RECREATION INC,CORP,14688 EL MOLINO ST ,FONTANA,CA,92335-6205,42299,OTHER MISCELLANEOUS NONDURABLE GOODS WHSLE,Wholesale Trade,Core,"14688 EL MOLINO ST , FONTANA, CA 92335-6205","14688 El Molino St, Fontana, California, 92335",100.0,-117.484538162818,34.075094728766
1989006141,COAST WOODWORKS,SOLE,10934 CANYON MESA LN ,SAN DIEGO,CA,92126-2083,321,WOOD PRODUCT MFG,Manufacturing,Core,"10934 CANYON MESA LN , SAN DIEGO, CA 92126-2083","10934 Canyon Mesa Ln, San Diego, California, 92126",100.0,-117.159546211902,32.917424022647
2024003403,COASTAL DISPATCH,SOLE,5286 UNIVERSITY AVE F ,SAN DIEGO,CA,92105,48851,FREIGHT TRANSPORTATION ARRANGEMENT,Transportation and Warehousing,Core,"5286 UNIVERSITY AVE F , SAN DIEGO, CA 92105","5286 University Ave, San Diego, California, 92105",99.7,-117.081211581489,32.749178789891
1997014214,COASTAL PRIDE TOWING,CORP,3290 NATIONAL AVE ,SAN DIEGO,CA,92113-2637,48841,MOTOR VEHICLE TOWING,Transportation and Warehousing,Core,"3290 NATIONAL AVE , SAN DIEGO, CA 92113-2637","3290 National Ave, San Diego, California, 92113",100.0,-117.123456838133,32.696013745245
2005006307,COASTAL TRANSPORT CO INC,CORP,9950 SAN DIEGO MISSION RD ,SAN DIEGO,CA,92108-1705,4841,GENERAL FREIGHT TRUCKING,Transportation and Warehousing,Core,"9950 SAN DIEGO MISSION RD , SAN DIEGO, CA 92108-1705","1207 Bangor St, San Diego, California, 92106",100.0,-117.238133762608,32.725099410268
2018022091,COASTLINE INTERNATIONAL INC,CORP,1207 BANGOR ST ,SAN DIEGO,CA,92106-2407,33531,ELECTRICAL EQUIPMENT MFG,Manufacturing,Core,"1207 BANGOR ST , SAN DIEGO, CA 92106-2407","9950 San Diego Mission Rd, San Diego, California, 92108",100.0,-117.116249155773,32.786760880979
2023001952,COBAN TECHNOLOGIES INC,CORP,9411 S SAM HOUSTON W PKWY 300 ,MISSOURI CITY,TX,77489-1530,3343,AUDIO & VIDEO EQUIPMENT MFG,Manufacturing,Core,"9411 S SAM HOUSTON W PKWY 300 , MISSOURI CITY, TX 77489-1530","7680 Paseo de la Fuente, San Diego, California, 92154",100.0,-116.911894584499,32.56438236803
2024013402,COBRA TRANSPORTE,CORP,7680 PASEO DE LA FUENTE ,SAN DIEGO,CA,92154-5743,48841,MOTOR VEHICLE TOWING,Transportation and Warehousing,Core,"7680 PASEO DE LA FUENTE , SAN DIEGO, CA 92154-5743","4770 Home Ave, Apartment 207, San Diego, California, 92105",100.0,-117.092372298749,32.736377428629
2015042480,COCO TRANSPORT,SOLE,4770 HOME AVE 207 ,SAN DIEGO,CA,92105-4475,48412,"GENERAL FREIGHT TRUCKING, LONG-DISTANCE",Transportation and Warehousing,Core,"4770 HOME AVE 207 , SAN DIEGO, CA 92105-4475","1057 Sorrento Dr, San Diego, California, 92107",100.0,-117.252101030784,32.727644407529
2023008933,CODA MX INC,SCORP,4660 LA JOLLA VILLAGE DR 100 ,SAN DIEGO,CA,92122-4604,337,FURNITURE & RELATED PRODUCT MFG,Manufacturing,Core,"4660 LA JOLLA VILLAGE DR 100 , SAN DIEGO, CA 92122-4604","9617 Distribution Ave, San Diego, California, 92121",100.0,-117.163096953725,32.881545328014
1999002644,COI CERAMICS INC,CORP,9617 DISTRIBUTION AVE ,SAN DIEGO,CA,92121-2307,339,MISCELLANEOUS MFG,Manufacturing,Core,"9617 DISTRIBUTION AVE , SAN DIEGO, CA 92121-2307","4660 La Jolla Village Dr, Suite 100, San Diego, California, 92122",100.0,-117.206883261542,32.874214138312
2024009143,COINS & COMICS,SOLE,1057 SORRENTO DR ,SAN DIEGO,CA,92107-4140,4219,MISCELLANEOUS DURABLE GOODS WHSLE,Wholesale Trade,Core,"1057 SORRENTO DR , SAN DIEGO, CA 92107-4140","1666 Rosecrans St, San Diego, California, 92106",100.0,-117.226174714615,32.728337968108
2017007563,COINSTAR ASSET HOLDINGS LLC,LLC,1666 ROSECRANS ST ,SAN DIEGO,CA,92106-2264,333311,AUTOMATIC VENDING MACHINE MFG,Manufacturing,Core,"1666 ROSECRANS ST , SAN DIEGO, CA 92106-2264","7895 Highland Village Pl, San Diego, California, 92129",99.13,-117.153349387065,32.962008413375
2017007623,COINSTAR ASSET HOLDINGS LLC ,LLC,7895 HIGHLANDS VILLAGE PL ,SAN DIEGO,CA,92129-5180,333311,AUTOMATIC VENDING MACHINE MFG,Manufacturing,Core,"7895 HIGHLANDS VILLAGE PL , SAN DIEGO, CA 92129-5180","4705 Clairemont Dr, Suite B, San Diego, California, 92117",100.0,-117.206110030974,32.829754218846
2022014193,COLD STONE CREAMERY,LLC,4705 CLAIREMONT DR B ,SAN DIEGO,CA,92117-2755,31152,ICE CREAM & FROZEN DESSERT MFG,Manufacturing,Core,"4705 CLAIREMONT DR B , SAN DIEGO, CA 92117-2755","9411 S Sam Houston Pkwy W, Missouri City, Texas, 77489",94.37,-95.522832942905,29.629857530645
1997010483,COLLECTIBLES BY CAROL INC,CORP,6630 DWANE AVE ,SAN DIEGO,CA,92120-3929,421,"WHOLESALE TRADE, DURABLE GOODS",Wholesale Trade,Core,"6630 DWANE AVE , SAN DIEGO, CA 92120-3929","6630 Dwane Ave, San Diego, California, 92120",100.0,-117.051554861037,32.785021887526
2024008199,COLLEGE DUDES DOIN' MOVES,LLC,6977 NAVAJO RD ,SAN DIEGO,CA,92119-1503,48421,USED HOUSEHOLD & OFFICE GOODS MOVING,Transportation and Warehousing,Core,"6977 NAVAJO RD , SAN DIEGO, CA 92119-1503","6977 Navajo Rd, San Diego, California, 92119",100.0,-117.044962494189,32.80426912606
2018001447,COLLEGE POSTAL PLUS,SCORP,6161 EL CAJON BLVD B ,SAN DIEGO,CA,92115-3987,492,COURIERS & MESSENGERS,Transportation and Warehousing,Core,"6161 EL CAJON BLVD B , SAN DIEGO, CA 92115-3987","6161 El Cajon Blvd, Suite B, San Diego, California, 92115",100.0,-117.065087527533,32.76250960434
2025018807,COLLIN E MULRY ,SOLE,2240 SHELTER ISLAND DR 102 ,SAN DIEGO,CA,92106-3136,483,WATER TRANSPORTATION,Transportation and Warehousing,Core,"2240 SHELTER ISLAND DR 102 , SAN DIEGO, CA 92106-3136","8701 Siempre Viva Rd, San Diego, California, 92154",100.0,-116.955500849036,32.55313024975
2026002405,COLLISION AUTO PARTS,LLC,8701 SIEMPRE VIVA RD ,SAN DIEGO,CA,92154-6294,4211,MOTOR VEHICLE/MOTOR VEHICLE PT & SUPPLY WHSLE,Wholesale Trade,Core,"8701 SIEMPRE VIVA RD , SAN DIEGO, CA 92154-6294","2240 Shelter Island Dr, #102, San Diego, California, 92106",100.0,-117.222808961395,32.718280983492
2007017329,COLOSSEUM MARBLE & GRANITE INC,CORP,4747 OLD CLIFFS RD A ,SAN DIEGO,CA,92120-1134,327991,CUT STONE & STONE PRODUCT MFG,Manufacturing,Core,"4747 OLD CLIFFS RD A , SAN DIEGO, CA 92120-1134","7949 Silverton Ave, Suite 915, San Diego, California, 92126",100.0,-117.14966813901,32.890688810912
1998005794,COMBI-BLOCKS INC,CORP,7949 SILVERTON AVE 915 ,SAN DIEGO,CA,92126-6354,325,CHEMICAL MFG,Manufacturing,Core,"7949 SILVERTON AVE 915 , SAN DIEGO, CA 92126-6354","4747 Old Cliffs Rd, San Diego, California, 92120",100.0,-117.090956260027,32.799460302479
2023007360,COMFY STEPS BY BRANDY,LLC,8400 MIRAMAR RD 229A ,SAN DIEGO,CA,92126-4387,3391,MEDICAL EQUIPMENT & SUPPLIES MFG,Manufacturing,Core,"8400 MIRAMAR RD 229A , SAN DIEGO, CA 92126-4387","7817 Wilkerson Ct, San Diego, California, 92111",100.0,-117.156094208898,32.815486962355
2015024180,COMMERCIAL CUSTOM SEATING AND UPHOLSTERY INC,CORP,12601 WESTERN AVE ,GARDEN GROVE,CA,92841-4014,3379,OTHER FURNITURE RELATED PRODUCT MFG,Manufacturing,Core,"12601 WESTERN AVE , GARDEN GROVE, CA 92841-4014","8400 Miramar Rd, Suite 229-A, San Diego, California, 92126",100.0,-117.139753269562,32.891588650128
1998006718,COMMERCIAL VAN INTERIORS LLC,LLC,7817 WILKERSON CT ,SAN DIEGO,CA,92111-3606,4211,MOTOR VEHICLE/MOTOR VEHICLE PT & SUPPLY WHSLE,Wholesale Trade,Core,"7817 WILKERSON CT , SAN DIEGO, CA 92111-3606","12601 Western Ave, Garden Grove, California, 92841",100.0,-118.00144996401,33.779109317706
2022013427,COMMONLANDS LLC,LLC,8170 RONSON RD A ,SAN DIEGO,CA,92111-2008,333314,OPTICAL INSTRUMENT & LENS MFG,Manufacturing,Core,"8170 RONSON RD A , SAN DIEGO, CA 92111-2008","7876 Convoy Ct, San Diego, California, 92111",100.0,-117.151187275141,32.834657129289
1994009331,COMMONWEALTH PACKAGING COMPANY,CORP,7652 TRADE ST B ,SAN DIEGO,CA,92121-2469,422,"WHOLESALE TRADE, NONDURABLE GOODS",Wholesale Trade,Core,"7652 TRADE ST B , SAN DIEGO, CA 92121-2469","17181 Castello Cir, San Diego, California, 92127",100.0,-117.121287433953,33.025641642988
2010003303,COMMUNICATIONS SUPPLY CORPORATION,CORP,7876 CONVOY CT ,SAN DIEGO,CA,92111-1210,42161,ELEC EQUIP/WIRING SUPP/CONST MATERIAL WHSLE,Wholesale Trade,Core,"7876 CONVOY CT , SAN DIEGO, CA 92111-1210","7652 Trade St, #B, San Diego, California, 92121",100.0,-117.155645693259,32.889576783818
2021015184,COMPLIANCE WEST USA,PARTNR,650 GATEWAY CENTER WAY D ,SAN DIEGO,CA,92102-4547,334515,ELECTRICITY MEASURING/TESTING INSTRUMENT MFG,Manufacturing,Core,"650 GATEWAY CENTER WAY D , SAN DIEGO, CA 92102-4547","8170 Ronson Rd, Suite A, San Diego, California, 92111",100.0,-117.1470286777,32.829127587764
2012068681,COMPRESSED CYLINDER SERVICES INC,CORP,17181 CASTELLO CIR ,SAN DIEGO,CA,92127-2803,4218,"MACHINERY, EQUIPMENT & SUPPLIES WHSLE",Wholesale Trade,Core,"17181 CASTELLO CIR , SAN DIEGO, CA 92127-2803","7950 Silverton Ave, Suite 103, San Diego, California, 92126",100.0,-117.150135011016,32.890873170873
2001010574,COMPUTER MODULES INC,CORP,7950 SILVERTON AVE 103 ,SAN DIEGO,CA,92126-6343,4216,ELECTRICAL GOODS WHSLE,Wholesale Trade,Core,"7950 SILVERTON AVE 103 , SAN DIEGO, CA 92126-6343","2987 Melbourne Dr, San Diego, California, 92123",100.0,-117.126903476718,32.797790627367
1986005618,COMSTOCK LETTER,H-W,7397 BARKER WAY ,SAN DIEGO,CA,92119-1321,323,PRINTING & RELATED SUPPORT ACTIVITIES,Manufacturing,Core,"7397 BARKER WAY , SAN DIEGO, CA 92119-1321","7397 Barker Way, San Diego, California, 92119",100.0,-117.01674816991,32.814286422364
1999009876,COMWORKS,SOLE,2987 MELBOURNE DR ,SAN DIEGO,CA,92123,42184,INDUSTRIAL SUPPLIES WHSLE,Wholesale Trade,Core,"2987 MELBOURNE DR , SAN DIEGO, CA 92123","5452 Oberlin Dr, San Diego, California, 92121",100.0,-117.199987302162,32.891619537441
2000010353,CONCISYS LLC,LLC,5452 OBERLIN DR ,SAN DIEGO,CA,92121-1715,3344,SEMICONDUCTOR & OTH ELECTRONIC COMPONENT MFG,Manufacturing,Core,"5452 OBERLIN DR , SAN DIEGO, CA 92121-1715","6262 Ferris Sq, San Diego, California, 92121",100.0,-117.181411076887,32.890139670526
2025023163,CONFERENCE TECHNOLOGIES INC,SCORP,9883 PACIFIC HEIGHTS BLVD ,SAN DIEGO,CA,92121-4709,334,COMPUTER & ELECTRONIC PRODUCT MFG,Manufacturing,Core,"9883 PACIFIC HEIGHTS BLVD , SAN DIEGO, CA 92121-4709","650 Gateway Center Way, Suite D, San Diego, California, 92102",100.0,-117.112404544425,32.712573577982
2012007303,CONGATEC INC,CORP,6262 FERRIS SQ ,SAN DIEGO,CA,92121-3205,33411,COMPUTER & PERIPHERAL EQUIPMENT MFG,Manufacturing,Core,"6262 FERRIS SQ , SAN DIEGO, CA 92121-3205","9883 Pacific Heights Blvd, San Diego, California, 92121",100.0,-117.188818248542,32.899372923607
2025006746,CONKOR SUPPLIES,LLC,5771 CALLE SAL SI PUEDES ,SAN DIEGO,CA,92139-3517,422,"WHOLESALE TRADE, NONDURABLE GOODS",Wholesale Trade,Core,"5771 CALLE SAL SI PUEDES , SAN DIEGO, CA 92139-3517","5771 Calle Sal Si Puedes, San Diego, California, 92139",100.0,-117.063407626498,32.666372821045
2026002404,CONQUERING CLUTTER CLOSETS & CABINETS,CORP,550 3RD ST ,LAKE ELSINORE,CA,92530,3371,HH & INSTITUTIONAL FURNITURE & KI CABNT MFG,Manufacturing,Core,"550 3RD ST , LAKE ELSINORE, CA 92530","2860 W Canyon Ave, San Diego, California, 92123",100.0,-117.119696213454,32.798332810774
2022015363,CONSERVENTI VALVE LLC,LLC,2860 W CANYON AVE ,SAN DIEGO,CA,92123-4648,339,MISCELLANEOUS MFG,Manufacturing,Core,"2860 W CANYON AVE , SAN DIEGO, CA 92123-4648","2400 Kettner Blvd, Suite 216, San Diego, California, 92101",100.0,-117.171593688974,32.729104409334
1988009759,CONSOLIDATED ELECTRICAL DIST INC,CORP,5457 RUFFIN RD ,SAN DIEGO,CA,92123-1312,4216,ELECTRICAL GOODS WHSLE,Wholesale Trade,Core,"5457 RUFFIN RD , SAN DIEGO, CA 92123-1312","5457 Ruffin Rd, San Diego, California, 92123",100.0,-117.126648331585,32.834068007224
1998005732,CONSTANCE ATHENS,SOLE,2400 KETTNER BLVD 216 ,SAN DIEGO,CA,92101-1260,421,"WHOLESALE TRADE, DURABLE GOODS",Wholesale Trade,Core,"2400 KETTNER BLVD 216 , SAN DIEGO, CA 92101-1260","326 Juniper St, Unit 218, San Diego, California, 92101",100.0,-117.161706312169,32.729322422635
2023009423,CONSTANTIN DESIGN STUDIOS,SOLE,326 JUNIPER ST 218 ,SAN DIEGO,CA,92101-1553,3352,HOUSEHOLD APPLIANCE MFG,Manufacturing,Core,"326 JUNIPER ST 218 , SAN DIEGO, CA 92101-1553","7573 Prairie Mound Way, San Diego, California, 92139",100.0,-117.031056665364,32.693756247262
2015029604,CONSTRUGAS  INC,CORP,1425 30TH ST E ,SAN DIEGO,CA,92154-3498,421,"WHOLESALE TRADE, DURABLE GOODS",Wholesale Trade,Core,"1425 30TH ST E , SAN DIEGO, CA 92154-3498","7710 Kenamar Ct, San Diego, California, 92121",100.0,-117.155117214264,32.886692235659
2022008327,CONSUELLA S CREATIONS,SOLE,7573 PRAIRIE MOUND WAY ,SAN DIEGO,CA,92139-1405,33999,ALL OTHER MISC MFG,Manufacturing,Core,"7573 PRAIRIE MOUND WAY , SAN DIEGO, CA 92139-1405","5466 Complex St, Suite 207, San Diego, California, 92123",100.0,-117.134700742147,32.833535295368
2020007860,CONSUMERS PIPE AND SUPPLY CO,CORP,5466 COMPLEX ST 207 ,SAN DIEGO,CA,92123-1124,42139,OTHER CONSTRUCTION MATERIAL WHSLE,Wholesale Trade,Core,"5466 COMPLEX ST 207 , SAN DIEGO, CA 92123-1124","550 3rd St, Lake Elsinore, California, 92530",100.0,-117.338769993437,33.68561471984
1989013657,CONTINENTAL CONTROLS CORPORATION,CORP,7710 KENAMAR CT ,SAN DIEGO,CA,92121-2425,334419,OTHER ELECTRONIC COMPONENT MFG,Manufacturing,Core,"7710 KENAMAR CT , SAN DIEGO, CA 92121-2425","214 W Sly St, Dorris, California, 96023",100.0,-121.920279377103,41.970151486793
1986006216,CONTINENTAL E & J WHOLESALE,CORP,4744 OLD CLIFFS RD ,SAN DIEGO,CA,92120-1135,4224,GROCERY & RELATED PRODUCT WHSLE,Wholesale Trade,Core,"4744 OLD CLIFFS RD , SAN DIEGO, CA 92120-1135","4744 Old Cliffs Rd, San Diego, California, 92120",100.0,-117.091123478995,32.799529453181
1982004658,CONTINENTAL FEATURES/CONTINENTAL NEWS SERVICE,SOLE,214 W SLY ST ,DORRIS,CA,96023,323,PRINTING & RELATED SUPPORT ACTIVITIES,Manufacturing,Core,"214 W SLY ST , DORRIS, CA 96023","1995 Bay Front St, San Diego, California, 92113",100.0,-117.150137022673,32.694977532465
2024001074,CONTINENTAL MARITIME OF SAN DIEGO LLC,LLC,1995 BAY FRONT ST ,SAN DIEGO,CA,92113-2122,336611,SHIP BUILDING & REPAIRING,Manufacturing,Core,"1995 BAY FRONT ST , SAN DIEGO, CA 92113-2122","43300 Business Park Dr, #A106, Temecula, California, 92590",100.0,-117.164443003556,33.501129994868
2001002477,CONTRERAS TRUCKING INC,CORP,2330 ENRICO FERMI DR L ,SAN DIEGO,CA,92154-7204,484,TRUCK TRANSPORTATION,Transportation and Warehousing,Core,"2330 ENRICO FERMI DR L , SAN DIEGO, CA 92154-7204","2330 Enrico Fermi Dr, San Diego, California, 92154",99.73,-116.927876275465,32.554594777783
2013048419,CONTROL TECH WEST INC,SCORP,43300 BUSINESS PARK DR A106 ,TEMECULA,CA,92590-3649,421,"WHOLESALE TRADE, DURABLE GOODS",Wholesale Trade,Core,"43300 BUSINESS PARK DR A106 , TEMECULA, CA 92590-3649","1425 E 30th St, National City, California, 91950",98.88,-117.084958799295,32.66097430162
2025007506,COPA AIRLINES,CORP,2441 NW 93RD AVE 108 ,DORAL,FL,33172-4800,481111,SCHEDULED PASSENGER AIR TRANSPORTATION,Transportation and Warehousing,Core,"2441 NW 93RD AVE 108 , DORAL, FL 33172-4800","2441 NW 93rd Ave, Suite 108, Doral, Florida, 33172",100.0,-80.346551677373,25.796004899682
2005010131,COPART,CORP,7847 AIRWAY RD ,SAN DIEGO,CA,92154-8305,42111,AUTOMOBILE & OTHER MOTOR VEHICLE WHSLE,Wholesale Trade,Core,"7847 AIRWAY RD , SAN DIEGO, CA 92154-8305","4304 Benhurst Ave, San Diego, California, 92122",100.0,-117.198035156912,32.853747374776
2023001844,COPPER & BONE APOTHECARY,SOLE,4304 BENHURST AVE ,SAN DIEGO,CA,92122-3014,339,MISCELLANEOUS MFG,Manufacturing,Core,"4304 BENHURST AVE , SAN DIEGO, CA 92122-3014","9245 Dowdy Dr, Suite 101, San Diego, California, 92126",100.0,-117.146360556197,32.889536927869
2000013578,COPY 2 COPY,CORP,8975 COMPLEX DR ,SAN DIEGO,CA,92123-1405,32311,PRINTING,Manufacturing,Core,"8975 COMPLEX DR , SAN DIEGO, CA 92123-1405","8975 Complex Dr, San Diego, California, 92123",100.0,-117.134677608094,32.83039786519
1985002132,COPY KRAFT,CORP,9245 DOWDY DR 101 ,SAN DIEGO,CA,92126-6315,323119,OTHER COMMERCIAL PRINTING,Manufacturing,Core,"9245 DOWDY DR 101 , SAN DIEGO, CA 92126-6315","7847 Airway Rd, San Diego, California, 92154",100.0,-116.972809479094,32.556505851707
2020013635,CORDX INC,CORP,9540 WAPLES ST C ,SAN DIEGO,CA,92121-2970,325413,IN-VITRO DIAGNOSTIC SUBSTANCE MFG,Manufacturing,Core,"9540 WAPLES ST C , SAN DIEGO, CA 92121-2970","6088 Federal Blvd, San Diego, California, 92114",100.0,-117.0664909934,32.727959189903
2021005431,CORDX UNION INC,CORP,9540 WAPLES ST C ,SAN DIEGO,CA,92121-2970,33911,MEDICAL EQUIPMENT & SUPPLIES MFG,Manufacturing,Core,"9540 WAPLES ST C , SAN DIEGO, CA 92121-2970","12500 W Creek Pkwy, Richmond, Virginia, 23238",100.0,-77.644632029181,37.604284709135
2014015545,CORE & MAIN LP,LP,6088 FEDERAL BLVD ,SAN DIEGO,CA,92114-1303,42299,OTHER MISCELLANEOUS NONDURABLE GOODS WHSLE,Wholesale Trade,Core,"6088 FEDERAL BLVD , SAN DIEGO, CA 92114-1303","10046 Marathon Pkwy, Lakeside, California, 92040",100.0,-116.951241165843,32.856593449999
2024007670,CORE & MAIN LP,LP,10046 MARATHON PKY ,LAKESIDE,CA,92040-2795,421,"WHOLESALE TRADE, DURABLE GOODS",Wholesale Trade,Core,"10046 MARATHON PKY , LAKESIDE, CA 92040-2795","9540 Waples St, Suite C, San Diego, California, 92121",100.0,-117.182618322402,32.903092141684
2025015538,CORE MARK US LLC,LLC,12500 WEST CREEK PKWY ,RICHMOND,VA,23238-1110,4224,GROCERY & RELATED PRODUCT WHSLE,Wholesale Trade,Core,"12500 WEST CREEK PKWY , RICHMOND, VA 23238-1110","9540 Waples St, Suite C, San Diego, California, 92121",100.0,-117.182618322402,32.903092141684
2024013234,COREDUX USA LLC,LLC,6721 COBRA WAY ,SAN DIEGO,CA,92121-4110,33271,MACHINE SHOPS,Manufacturing,Core,"6721 COBRA WAY , SAN DIEGO, CA 92121-4110","2380 Marconi Ct, San Diego, California, 92154",100.0,-116.934054827753,32.554703030062
2025014402,COREDUX USA LLC,LLC,6440 FLANDERS DR B ,SAN DIEGO,CA,92121-4149,333,MACHINERY MFG,Manufacturing,Core,"6440 FLANDERS DR B , SAN DIEGO, CA 92121-4149","6721 Cobra Way, San Diego, California, 92121",100.0,-117.175208887633,32.910603248938
2004002416,CORES DEPOT INC,CORP,2380 MARCONI CT ,SAN DIEGO,CA,92154-7265,42112,MOTOR VEHICLE SUPPLIES & NEW PARTS WHSLE,Wholesale Trade,Core,"2380 MARCONI CT , SAN DIEGO, CA 92154-7265","6440 Flanders Dr, Suite B, San Diego, California, 92121",100.0,-117.177574344528,32.909586063078
2023005522,CORODATA CORPORATION,SCORP,12375 KERRAN ST ,POWAY,CA,92064-6801,493,WAREHOUSING & STORAGE,Transportation and Warehousing,Core,"12375 KERRAN ST , POWAY, CA 92064-6801","12375 Kerran St, Poway, California, 92064",100.0,-117.055186488226,32.939692895366
2018009089,CORONA FARMS INC,CORP,482 W SAN YSIDRO BLVD 1356 ,SAN YSIDRO,CA,92173-2444,4224,GROCERY & RELATED PRODUCT WHSLE,Wholesale Trade,Core,"482 W SAN YSIDRO BLVD 1356 , SAN YSIDRO, CA 92173-2444","482 W San Ysidro Blvd, San Ysidro, California, 92173",99.02,-117.054633701711,32.556043925023
2011023128,CORONADO BREWING COMPANY,CORP,1205 KNOXVILLE ST ,SAN DIEGO,CA,92110-3718,31212,BREWERIES,Manufacturing,Core,"1205 KNOXVILLE ST , SAN DIEGO, CA 92110-3718","1899 Meeks Bay Dr, Chula Vista, California, 91913",100.0,-116.980339361811,32.638050747401
2006008464,CORONADO MANUFACTURING,PARTNR,1899 MEEKS BAY DR ,CHULA VISTA,CA,91913-1651,339,MISCELLANEOUS MFG,Manufacturing,Core,"1899 MEEKS BAY DR , CHULA VISTA, CA 91913-1651","1205 Knoxville St, San Diego, California, 92110",100.0,-117.204817206228,32.772075409429
2007014716,CORONADO MOBILE STORAGE,CORP,2555 MAIN ST ,CHULA VISTA,CA,91911-4613,49319,OTHER WAREHOUSING & STORAGE,Transportation and Warehousing,Core,"2555 MAIN ST , CHULA VISTA, CA 91911-4613","2555 Main St, Chula Vista, California, 91911",100.0,-117.078582726921,32.594765006841
2018009855,CORPINCO AUTO GROUP LLC,LLC,1516 W REDWOOD ST 104 ,SAN DIEGO,CA,92101-1107,42111,AUTOMOBILE & OTHER MOTOR VEHICLE WHSLE,Wholesale Trade,Core,"1516 W REDWOOD ST 104 , SAN DIEGO, CA 92101-1107","9668 Heinrich Hertz Dr, Suite G, San Diego, California, 92154",100.0,-116.936668137525,32.558586114346
2003000107,CORPORACION LOGISTICA LLC,LLC,9668 HEINRICH HERTZ DR G ,SAN DIEGO,CA,92154-7919,42299,OTHER MISCELLANEOUS NONDURABLE GOODS WHSLE,Wholesale Trade,Core,"9668 HEINRICH HERTZ DR G , SAN DIEGO, CA 92154-7919","1516 W Redwood St, Suite 104, San Diego, California, 92101",100.0,-117.175760919776,32.734895340509
1989014991,CORPORATE HELICOPTERS OF SAN DIEGO/HAWKINS PRODTNS,CORP,3753 JOHN J MONTGOMERY DR 2 ,SAN DIEGO,CA,92123-1732,481,AIR TRANSPORTATION,Transportation and Warehousing,Core,"3753 JOHN J MONTGOMERY DR 2 , SAN DIEGO, CA 92123-1732","3753 John J Montgomery Dr, San Diego, California, 92123",99.76,-117.142416870753,32.812862630381
2025021808,CORREO INTERNACIONAL,CORP,7577 AIRWAY RD 106 ,SAN DIEGO,CA,92154-8306,4841,GENERAL FREIGHT TRUCKING,Transportation and Warehousing,Core,"7577 AIRWAY RD 106 , SAN DIEGO, CA 92154-8306","1340 N Jefferson St, Anaheim, California, 92807",100.0,-117.837029377854,33.863588424336
1997011032,CORREO INTERNATIONAL TRUCKING INC,CORP,8580 AVENIDA DE LA FUENTE C ,SAN DIEGO,CA,92154-6284,493,WAREHOUSING & STORAGE,Transportation and Warehousing,Core,"8580 AVENIDA DE LA FUENTE C , SAN DIEGO, CA 92154-6284","8580 Avenida de la Fuente, Suite C, San Diego, California, 92154",100.0,-116.958485309481,32.556476012131
2019015144,CORROSOLVE INC,CORP,2851 CAMINO DEL RIO SOUTH 210 ,SAN DIEGO,CA,92108-3843,81131,COMMERCIAL EQUIPMENT (EXC AUTO & ELEC) R&M,Industrial Machinery Repair,Core,"2851 CAMINO DEL RIO SOUTH 210 , SAN DIEGO, CA 92108-3843","2851 Camino del Rio S, Suite 210, San Diego, California, 92108",100.0,-117.132808611324,32.77034571989
2020004784,CORTECH ENGINEERING LLC - A DXP COMPANY,CORP,1340 N JEFFERSON ST ,ANAHEIM,CA,92807-1614,42183,INDUSTRIAL MACHINERY & EQUIPMENT WHSLE,Wholesale Trade,Core,"1340 N JEFFERSON ST , ANAHEIM, CA 92807-1614","7577 Airway Rd, Suite 106, San Diego, California, 92154",100.0,-116.979098756322,32.560571032837
2012003700,COSENTINO CENTER SAN DIEGO,SCORP,9020 ACTIVITY RD C ,SAN DIEGO,CA,92126-4454,49311,GENERAL WAREHOUSING & STORAGE,Transportation and Warehousing,Core,"9020 ACTIVITY RD C , SAN DIEGO, CA 92126-4454","135 Champa St, Vista, California, 92083",100.0,-117.246815737917,33.222124098438
2020008627,COSMOS TRADE USA LLC,LLC,340 RANCHEROS DR 168 ,SAN MARCOS,CA,92069-3474,4219,MISCELLANEOUS DURABLE GOODS WHSLE,Wholesale Trade,Core,"340 RANCHEROS DR 168 , SAN MARCOS, CA 92069-3474","340 Rancheros Dr, Suite 168, San Marcos, California, 92069",100.0,-117.15645848641,33.138810495445
2023009298,COSS BROS TRUCKING INC,CORP,2475 PASEO DE LAS AMERICAS 1657 ,SAN DIEGO,CA,92154-7255,48899,OTHER TRANSPORTATION SUPPORT ACTIVITIES,Transportation and Warehousing,Core,"2475 PASEO DE LAS AMERICAS 1657 , SAN DIEGO, CA 92154-7255","2475 Paseo de las Americas, San Diego, California, 92154",99.11,-116.935868252505,32.553304383789
2023009485,COSS TRUCKING INC,CORP,135 CHAMPA ST ,VISTA,CA,92083-1964,484,TRUCK TRANSPORTATION,Transportation and Warehousing,Core,"135 CHAMPA ST , VISTA, CA 92083-1964","9020 Activity Rd, Suite C, San Diego, California, 92126",100.0,-117.133107090897,32.896440933876
2014017540,COSTAL PEST SOLUTIONS,SOLE,1952 GOLDFIELD ST ,SAN DIEGO,CA,92110-3429,3253,"PESTICIDE, FERTILIZER & OTH AG CHEMICAL MFG",Manufacturing,Core,"1952 GOLDFIELD ST , SAN DIEGO, CA 92110-3429","1952 Goldfield St, San Diego, California, 92110",100.0,-117.205176873694,32.782025901965
2020010221,COSTCO #4186,LLC,10111 RIVERFORD RD ,LAKESIDE,CA,92040-2741,4841,GENERAL FREIGHT TRUCKING,Transportation and Warehousing,Core,"10111 RIVERFORD RD , LAKESIDE, CA 92040-2741","12350 Carmel Mountain Rd, San Diego, California, 92128",100.0,-117.075680073852,32.987425487017
2001009071,COSTCO WHOLESALE #452,CORP,12350 CARMEL MOUNTAIN RD ,SAN DIEGO,CA,92128-4616,4229,MISCELLANEOUS NONDURABLE GOODS WHSLE,Wholesale Trade,Core,"12350 CARMEL MOUNTAIN RD , SAN DIEGO, CA 92128-4616","4818 Ronson Ct, San Diego, California, 92111",99.39,-117.14595001058,32.829694497785
1974004067,COUNTY BURNER & MACHINE CORP,CORP,4818 1/2 RONSON CT ,SAN DIEGO,CA,92111-1804,4214,PROFESSIONAL & COMMERCIAL EQUIP & SUPP WHSLE,Wholesale Trade,Core,"4818 1/2 RONSON CT , SAN DIEGO, CA 92111-1804","9040 Kenamar Dr, Suite 403, San Diego, California, 92121",100.0,-117.155486688556,32.887065397989
1995001655,COY'S PRODUCE CO INC,CORP,9040 KENAMAR DR 403 ,SAN DIEGO,CA,92121-2433,422,"WHOLESALE TRADE, NONDURABLE GOODS",Wholesale Trade,Core,"9040 KENAMAR DR 403 , SAN DIEGO, CA 92121-2433","10111 Riverford Rd, Lakeside, California, 92040",100.0,-116.947232604468,32.860069509065
2020008575,COYOTAS,LLC,780 HOLLISTER ST 12 ,SAN DIEGO,CA,92154-1333,311,FOOD MFG,Manufacturing,Core,"780 HOLLISTER ST 12 , SAN DIEGO, CA 92154-1333","2025 Harbor Dr, San Diego, California, 92113",100.0,-117.144704962682,32.696054984208
2013056388,COZZY SACK,SOLE,3440 STERNE ST ,SAN DIEGO,CA,92106-1844,315999,OTHER APPAREL ACCESSORIES & OTHER APPAREL MFG,Manufacturing,Core,"3440 STERNE ST , SAN DIEGO, CA 92106-1844","3440 Sterne St, San Diego, California, 92106",100.0,-117.226927577158,32.735693130053
2015034961,CP KELCO US,CORP,2025 HARBOR DR ,SAN DIEGO,CA,92113-2214,3259,OTHER CHEMICAL PRODUCT & PREPARATION MFG,Manufacturing,Core,"2025 HARBOR DR , SAN DIEGO, CA 92113-2214","780 Hollister St, San Diego, California, 92154",99.43,-117.084118806331,32.582238839279
2012020434,CP MANUFACTURING  INC,SCORP,6795 CALLE DE LINEA ,SAN DIEGO,CA,92154-8017,339999,ALL OTHER MISCELLANEOUS MFG,Manufacturing,Core,"6795 CALLE DE LINEA , SAN DIEGO, CA 92154-8017","6795 Calle de Linea, San Diego, California, 92154",100.0,-116.993410269261,32.547645509498
2025014778,CPL LOGISTICS,SOLE,8684 AVENIDA DE LA FUENTE 7 ,SAN DIEGO,CA,92154-6220,488,TRANSPORTATION SUPPORT ACTIVITIES,Transportation and Warehousing,Core,"8684 AVENIDA DE LA FUENTE 7 , SAN DIEGO, CA 92154-6220","5605 Laurel St, San Diego, California, 92105",100.0,-117.075536994764,32.732824381782
2003020172,CR TRUCKING / CR PALLETTS,SOLE,5605 LAUREL ST ,SAN DIEGO,CA,92105-5037,48411,"GENERAL FREIGHT TRUCKING, LOCAL",Transportation and Warehousing,Core,"5605 LAUREL ST , SAN DIEGO, CA 92105-5037","2740 Pikake St, San Diego, California, 92154",100.0,-117.074834172183,32.56291943256
2019019578,CRAFTCETERA,SOLE,2740 PIKAKE ST ,SAN DIEGO,CA,92154-4272,32223,STATIONERY PRODUCT MFG,Manufacturing,Core,"2740 PIKAKE ST , SAN DIEGO, CA 92154-4272","8684 Avenida de la Fuente, Suite 7, San Diego, California, 92154",100.0,-116.956794931068,32.556272583341
1987008892,CRANEVEYOR CORP,CORP,1524 N POTRERO AV ,S EL MONTE,CA,91733,3314,NONFERROUS (EXC ALUM) PRODUCTION & PROCESSING,Manufacturing,Core,"1524 N POTRERO AV , S EL MONTE, CA 91733","4930 Baja Ct, San Diego, California, 92115",100.0,-117.075535905117,32.768083905228
2025017581,CRAVER GUITARS,SOLE,4930 BAJA CT ,SAN DIEGO,CA,92115-2230,337212,CUSTOM ARCHITECTURAL WOODWORK & MILLWORK MFG,Manufacturing,Core,"4930 BAJA CT , SAN DIEGO, CA 92115-2230","1524 Potrero Ave, South El Monte, California, 91733",98.83,-118.055627820108,34.046973736979
2009038479,CRB INTERNATIONAL LLC,LLC,8640 SIEMPRE VIVA RD 551 ,SAN DIEGO,CA,92154-6211,42162,ELECTRIC APPLIANCE/TV/RADIO SET WHSLE,Wholesale Trade,Core,"8640 SIEMPRE VIVA RD 551 , SAN DIEGO, CA 92154-6211","4650 Mayapan Dr, La Mesa, California, 91941",100.0,-116.960046355128,32.763252031413
2024005602,CRBROWN CERAMICS,SOLE,4650 MAYAPAN DR ,LA MESA,CA,91941-7148,33999,ALL OTHER MISC MFG,Manufacturing,Core,"4650 MAYAPAN DR , LA MESA, CA 91941-7148","8640 Siempre Viva Rd, San Diego, California, 92154",99.23,-116.957990358098,32.553385227245
2011021815,CREAPRAC USA  INC,CORP,2323 AVENIDA COSTA ESTE 300 ,SAN DIEGO,CA,92154-6255,42199,OTHER MISCELLANEOUS DURABLE GOODS WHSLE,Wholesale Trade,Core,"2323 AVENIDA COSTA ESTE 300 , SAN DIEGO, CA 92154-6255","5530 Peru Pl, San Diego, California, 92105",100.0,-117.076399157325,32.726401413198
2016009593,CREATING BRAND LEGACY WORLDWIDE LLC,LLC,10085 SCRIPPS RANCH CT C ,SAN DIEGO,CA,92131-1274,4223,"APPAREL, PIECE GOODS & NOTIONS WHSLE",Wholesale Trade,Core,"10085 SCRIPPS RANCH CT C , SAN DIEGO, CA 92131-1274","2323 Avenida Costa Este, Suite 300, San Diego, California, 92154",100.0,-116.955076054183,32.555247560402
2004015737,CREATIVE ACTIVE PRINTING,SOLE,5530 PERU PL ,SAN DIEGO,CA,92105-5513,323113,COMMERCIAL SCREEN PRINTING,Manufacturing,Core,"5530 PERU PL , SAN DIEGO, CA 92105-5513","10085 Scripps Ranch Ct, Suite C, San Diego, California, 92131",100.0,-117.109995333995,32.905279105951
2016019317,CREATIVE WOODWORKS,CORP,1050 PIONEER WAY A ,EL CAJON,CA,92020-1943,339,MISCELLANEOUS MFG,Manufacturing,Core,"1050 PIONEER WAY A , EL CAJON, CA 92020-1943","1050 Pioneer Way, Suite A, El Cajon, California, 92020",100.0,-116.967773128752,32.810308413026
2023005435,CREST  BEVERAGE LLC,LLC,1348 47TH ST ,SAN DIEGO,CA,92102-2510,3121,BEVERAGE MFG,Manufacturing,Core,"1348 47TH ST , SAN DIEGO, CA 92102-2510","2245 San Diego Ave, Suite 125, San Diego, California, 92110",100.0,-117.191452261615,32.74785619357
2009014487,CREST BEVERAGE LLC,LLC,1348 47TH ST ,SAN DIEGO,CA,92102-2510,4228,BEER/WINE/DISTILLED ALCOHOLIC BEVERAGE WHSLE,Wholesale Trade,Core,"1348 47TH ST , SAN DIEGO, CA 92102-2510","7933 Silverton Ave, Suite 715, San Diego, California, 92126",100.0,-117.150863146945,32.890839307984
1995007398,CRI 2000 LP,LP,2245 SAN DIEGO AVE 125 ,SAN DIEGO,CA,92110-2072,321999,ALL OTHER MISCELLANEOUS WOOD PRODUCT MFG,Manufacturing,Core,"2245 SAN DIEGO AVE 125 , SAN DIEGO, CA 92110-2072","8775 Aero Dr, San Diego, California, 92123",99.06,-117.139120268235,32.809656384778
1999011870,CRI LIGHTING SALES INC,CORP,7933 SILVERTON AVE 715 ,SAN DIEGO,CA,92126-6352,3344,SEMICONDUCTOR & OTH ELECTRONIC COMPONENT MFG,Manufacturing,Core,"7933 SILVERTON AVE 715 , SAN DIEGO, CA 92126-6352","1348 47th St, San Diego, California, 92102",100.0,-117.093619442123,32.719984647222
1984007993,CRITICAL AIR MEDICINE INC,CORP,8775 AERO DR 235 ,SAN DIEGO,CA,92123-1756,481,AIR TRANSPORTATION,Transportation and Warehousing,Core,"8775 AERO DR 235 , SAN DIEGO, CA 92123-1756","1348 47th St, San Diego, California, 92102",100.0,-117.093619442123,32.719984647222
2026001896,CRIVELLI CREATIONS,SOLE,6771 TUXEDO RD ,SAN DIEGO,CA,92119-1542,32711,"POTTERY, CERAMICS & PLUMBING FIXTURE MFG",Manufacturing,Core,"6771 TUXEDO RD , SAN DIEGO, CA 92119-1542","6771 Tuxedo Rd, San Diego, California, 92119",100.0,-117.050197998551,32.810654669446
2025023543,CROSS AND HIDE LEATHER GOODS LLC,LLC,8583 AERO DR 1104 ,SAN DIEGO,CA,92123-1738,3169,OTHER LEATHER & ALLIED PRODUCT MFG,Manufacturing,Core,"8583 AERO DR 1104 , SAN DIEGO, CA 92123-1738","8583 Aero Dr, Apartment 1104, San Diego, California, 92123",100.0,-117.14140777343,32.809609697577
2025001400,CROWN GOLD EXCHANGE,LLC,6690 MISSION GORGE RD K ,SAN DIEGO,CA,92120-2338,4215,METAL & MINERAL (EXCEPT PETROLEUM) WHSLE,Wholesale Trade,Core,"6690 MISSION GORGE RD K , SAN DIEGO, CA 92120-2338","4253 Van Dyke Ave, San Diego, California, 92105",100.0,-117.102882851109,32.754235826162
2008003558,CROWN XPRESS TRANSPORT,SCORP,9931 VIA DE LA AMISTAD ,SAN DIEGO,CA,92154-7208,488,TRANSPORTATION SUPPORT ACTIVITIES,Transportation and Warehousing,Core,"9931 VIA DE LA AMISTAD , SAN DIEGO, CA 92154-7208","9931 Via de la Amistad, San Diego, California, 92154",100.0,-116.930925276564,32.552770749923
2025022453,CRUMB & POP,SOLE,4253 VAN DYKE AVE ,SAN DIEGO,CA,92105-1219,31181,BREAD & BAKERY PRODUCT MFG,Manufacturing,Core,"4253 VAN DYKE AVE , SAN DIEGO, CA 92105-1219","2990 Midway Dr, Suite B, San Diego, California, 92110",100.0,-117.205764864202,32.749526413507
2023006261,CRUMBL COOKIES POINT LOMA,LLC,2990 MIDWAY DR B ,SAN DIEGO,CA,92110-3242,3118,BAKERIES & TORTILLA MFG,Manufacturing,Core,"2990 MIDWAY DR B , SAN DIEGO, CA 92110-3242","6690 Mission Gorge Rd, Suite K, San Diego, California, 92120",100.0,-117.097188288857,32.794032517259
1992009066,CRYOGEL,CORP,10855 SORRENTO VALLEY RD 202 ,SAN DIEGO,CA,92121-1615,4213,LUMBER & OTHER CONSTRUCTION MATERIALS WHSLE,Wholesale Trade,Core,"10855 SORRENTO VALLEY RD 202 , SAN DIEGO, CA 92121-1615","10030 Marconi Dr, San Diego, California, 92154",99.71,-116.929450648338,32.554305350666
2016000579,CSI SAN DIEGO,SOLE,10030 MARCONI DR D ,SAN DIEGO,CA,92154-7292,4214,PROFESSIONAL & COMMERCIAL EQUIP & SUPP WHSLE,Wholesale Trade,Core,"10030 MARCONI DR D , SAN DIEGO, CA 92154-7292","10855 Sorrento Valley Rd, Suite 202, San Diego, California, 92121",100.0,-117.222342005569,32.900461900467
2003009126,CSI WORLDWIDE LLC,LLC,2730 GATEWAY OAKS DR 100 ,SACRAMENTO,CA,95833-3503,8113,COMMERCIAL EQUIPMENT (EXC AUTO & ELEC) R&M,Industrial Machinery Repair,Core,"2730 GATEWAY OAKS DR 100 , SACRAMENTO, CA 95833-3503","2730 Gateway Oaks Dr, Suite 100, Sacramento, California, 95833",100.0,-121.517591793796,38.616550978561
2021007347,CT GRAPHIC SOLUTIONS LLC,LLC,2345 BANCROFT ST ,SAN DIEGO,CA,92104-5146,421,"WHOLESALE TRADE, DURABLE GOODS",Wholesale Trade,Core,"2345 BANCROFT ST , SAN DIEGO, CA 92104-5146","14670 Randall Ave, Fontana, California, 92335",100.0,-117.484874696231,34.084715477231
2024006451,CTOS CALIFORNIA LLC,LLC,14670 RANDALL AVE ,FONTANA,CA,92335-4200,42111,AUTOMOBILE & OTHER MOTOR VEHICLE WHSLE,Wholesale Trade,Core,"14670 RANDALL AVE , FONTANA, CA 92335-4200","2345 Bancroft St, San Diego, California, 92104",100.0,-117.124380356224,32.730524178003
1985009918,CTT CONTEMPORARY FURNITURE INC,CORP,7034 CARROLL RD ,SAN DIEGO,CA,92121-2213,337,FURNITURE & RELATED PRODUCT MFG,Manufacturing,Core,"7034 CARROLL RD , SAN DIEGO, CA 92121-2213","9233 Balboa Ave, San Diego, California, 92123",100.0,-117.131476140177,32.822191688615
2010030884,CUBE MOVING AND STORAGE INC,CORP,3208 OLD HEATHER RD ,SAN DIEGO,CA,92111-7716,48421,USED HOUSEHOLD & OFFICE GOODS MOVING,Transportation and Warehousing,Core,"3208 OLD HEATHER RD , SAN DIEGO, CA 92111-7716","9645 Aero Dr, San Diego, California, 92123",100.0,-117.121307718158,32.808185486499
2019013900,CUBESMART,LP,9645 AERO DR ,SAN DIEGO,CA,92123-1805,49319,OTHER WAREHOUSING & STORAGE,Transportation and Warehousing,Core,"9645 AERO DR , SAN DIEGO, CA 92123-1805","7034 Carroll Rd, San Diego, California, 92121",100.0,-117.169694936448,32.885268904681
1974008175,CUBIC DEFENSE APPLICATIONS INC,CORP,9233 BALBOA AVE ,SAN DIEGO,CA,92123-1513,3344,SEMICONDUCTOR & OTH ELECTRONIC COMPONENT MFG,Manufacturing,Core,"9233 BALBOA AVE , SAN DIEGO, CA 92123-1513","9233 Balboa Ave, San Diego, California, 92123",100.0,-117.131476140177,32.822191688615
1975018136,CUBIC TRANSPORTATION SYSTEMS INC,CORP,9233 BALBOA AVE ,SAN DIEGO,CA,92123-1513,334419,OTHER ELECTRONIC COMPONENT MFG,Manufacturing,Core,"9233 BALBOA AVE , SAN DIEGO, CA 92123-1513","3208 Old Heather Rd, San Diego, California, 92111",100.0,-117.177727733356,32.802495766805
1997004983,CUE INTERNATIONAL,PARTNR,11255 TIERRASANTA BLVD 123 ,SAN DIEGO,CA,92124-2890,42199,OTHER MISCELLANEOUS DURABLE GOODS WHSLE,Wholesale Trade,Core,"11255 TIERRASANTA BLVD 123 , SAN DIEGO, CA 92124-2890","7062 Convoy Ct, San Diego, California, 92111",100.0,-117.165072400665,32.834697320515
2023002526,CULTURE COVE INC,CORP,7062 CONVOY CT ,SAN DIEGO,CA,92111-1017,42199,OTHER MISCELLANEOUS DURABLE GOODS WHSLE,Wholesale Trade,Core,"7062 CONVOY CT , SAN DIEGO, CA 92111-1017","11255 Tierrasanta Boulevard, #123, San Diego, California, 92124",100.0,-117.085611120372,32.814247069328
2018003469,CUMMINS INC,CORP,310 N JOHNSON AVE ,EL CAJON,CA,92020-3114,42112,MOTOR VEHICLE SUPPLIES & NEW PARTS WHSLE,Wholesale Trade,Core,"310 N JOHNSON AVE , EL CAJON, CA 92020-3114","310 N Johnson Ave, El Cajon, California, 92020",100.0,-116.971066043233,32.798008305392
2008010432,CUPCAKES SQUARED INC,CORP,2216 GALVESTON ST ,SAN DIEGO,CA,92110-2301,311812,COMMERCIAL BAKERIES,Manufacturing,Core,"2216 GALVESTON ST , SAN DIEGO, CA 92110-2301","10818 Matinal Cir, San Diego, California, 92127",100.0,-117.084397756068,33.035338331496
2022012217,CURRIER PLANT BROKERING SERVICES,SOLE,10818 MATINAL CIR ,SAN DIEGO,CA,92127-1253,42293,FLOWER/NURSERY STOCK/FLORISTS' SUPPLIES WHSLE,Wholesale Trade,Core,"10818 MATINAL CIR , SAN DIEGO, CA 92127-1253","2216 Galveston St, San Diego, California, 92110",100.0,-117.200916855224,32.784535150409
2022010665,CUSTOM BY MAMAK,SOLE,920 KLINE ST 101 ,LA JOLLA,CA,92037-4318,31529,OTHER CUT & SEW APPAREL MFG,Manufacturing,Core,"920 KLINE ST 101 , LA JOLLA, CA 92037-4318","3065 Beyer Blvd, Suite 106, San Diego, California, 92154",100.0,-117.065525901069,32.572440394467
2007004752,CUSTOM CABS INC,CORP,2434 FENTON  ST 300 ,CHULA VISTA,CA,91914-3630,331,PRIMARY METAL MFG,Manufacturing,Core,"2434 FENTON  ST 300 , CHULA VISTA, CA 91914-3630","920 Kline St, Suite 101, La Jolla, California, 92037",100.0,-117.274240570736,32.843445806226
2001011422,CUSTOM DOORS AND MOULDINGS INC,CORP,3065 BEYER BLVD 106 ,SAN DIEGO,CA,92154-3499,4213,LUMBER & OTHER CONSTRUCTION MATERIALS WHSLE,Wholesale Trade,Core,"3065 BEYER BLVD 106 , SAN DIEGO, CA 92154-3499","8558 Miramar Pl, San Diego, California, 92121",100.0,-117.18092517796,32.882026616895
1996007200,CUSTOM ENGINEERING PLASTICS,PARTNR,8558 MIRAMAR PL ,SAN DIEGO,CA,92121-2530,32619,OTHER PLASTICS PRODUCT MFG,Manufacturing,Core,"8558 MIRAMAR PL , SAN DIEGO, CA 92121-2530","2434 Fenton St, Suite 300, Chula Vista, California, 91914",100.0,-116.957534382566,32.652268508753
1989009194,CUSTOM LOGOS,CORP,7889 CLAIREMONT MESA BLVD ,SAN DIEGO,CA,92111-1618,4223,"APPAREL, PIECE GOODS & NOTIONS WHSLE",Wholesale Trade,Core,"7889 CLAIREMONT MESA BLVD , SAN DIEGO, CA 92111-1618","7889 Clairemont Mesa Blvd, San Diego, California, 92111",100.0,-117.151903508767,32.832658967391
2020016667,CYMBIOTIKA LLC,LLC,5825 OBERLIN DR 5 ,SAN DIEGO,CA,92121-3777,42221,DRUGS & DRUGGISTS' SUNDRIES WHSLE,Wholesale Trade,Core,"5825 OBERLIN DR 5 , SAN DIEGO, CA 92121-3777","6830 Via del Oro, Suite 100, San Jose, California, 95119",100.0,-121.777975364485,37.231882115468
2026004004,CYNTHIA ALTERATIONS,SOLE,7362 CANYON BREEZE RD ,SAN DIEGO,CA,92126-2069,3152,CUT & SEW APPAREL MFG,Manufacturing,Core,"7362 CANYON BREEZE RD , SAN DIEGO, CA 92126-2069","5825 Oberlin Dr, Suite 5, San Diego, California, 92121",100.0,-117.193318324719,32.893921291872
2021001648,CYPRESS ENVIROSYSTEMS INC,CORP,6830 VIA DEL ORO 100 ,SAN JOSE,CA,95119-1353,334512,AUTOMATIC ENVIRONMENTAL CONTROL MFG,Manufacturing,Core,"6830 VIA DEL ORO 100 , SAN JOSE, CA 95119-1353","7362 Canyon Breeze Rd, San Diego, California, 92126",100.0,-117.163401384448,32.917306256908
2019023533,CYTORI THERAPEUTICS INC,CORP,8659 PRODUCTION AVE ,SAN DIEGO,CA,92121-2206,33911,MEDICAL EQUIPMENT & SUPPLIES MFG,Manufacturing,Core,"8659 PRODUCTION AVE , SAN DIEGO, CA 92121-2206","8659 Production Ave, San Diego, California, 92121",100.0,-117.165825682304,32.88256372925
2003023570,CZ CABINET MAKER,SOLE,3529 TOMPKINS ST ,SAN DIEGO,CA,92102-4429,321999,ALL OTHER MISCELLANEOUS WOOD PRODUCT MFG,Manufacturing,Core,"3529 TOMPKINS ST , SAN DIEGO, CA 92102-4429","3529 Tompkins St, San Diego, California, 92102",100.0,-117.118084960206,32.706873129451
2016010961,D & A TRUCK SERVICE INC,CORP,1425 SECOND AVE 173 ,CHULA VISTA,CA,91911-5024,48412,"GENERAL FREIGHT TRUCKING, LONG-DISTANCE",Transportation and Warehousing,Core,"1425 SECOND AVE 173 , CHULA VISTA, CA 91911-5024","1425 2nd Ave, Space 173, Chula Vista, California, 91911",100.0,-117.060243458049,32.602702291963
2003008118,D & D FABRICATION CO,SOLE,2416 TULIP ST ,SAN DIEGO,CA,92105-4531,332,FABRICATED METAL PRODUCT MFG,Manufacturing,Core,"2416 TULIP ST , SAN DIEGO, CA 92105-4531","2416 Tulip St, San Diego, California, 92105",100.0,-117.107689891526,32.731113761073
1998010297,D & D TECH INC,CORP,7965 DUNBROOK RD ,SAN DIEGO,CA,92126-6325,339999,ALL OTHER MISCELLANEOUS MFG,Manufacturing,Core,"7965 DUNBROOK RD , SAN DIEGO, CA 92126-6325","7965 Dunbrook Rd, San Diego, California, 92126",100.0,-117.150116989924,32.893310586407
2017007719,D C CUSTOM CABINETS INC,CORP,1515 OLIVELLA WAY ,SAN DIEGO,CA,92154-7716,321,WOOD PRODUCT MFG,Manufacturing,Core,"1515 OLIVELLA WAY , SAN DIEGO, CA 92154-7716","7461 Girard Ave, La Jolla, California, 92037",100.0,-117.272338046353,32.840037472937
1979054347,D G WILLS BOOKS,SOLE,7461 GIRARD AVE ,LA JOLLA,CA,92037-5143,421,"WHOLESALE TRADE, DURABLE GOODS",Wholesale Trade,Core,"7461 GIRARD AVE , LA JOLLA, CA 92037-5143","1515 Olivella Way, San Diego, California, 92154",100.0,-116.955585422439,32.569217259329
1998007067,D III TRANSPORT CORPORATION,CORP,9229 HARRIS PLANT RD 15 ,SAN DIEGO,CA,92145,484,TRUCK TRANSPORTATION,Transportation and Warehousing,Core,"9229 HARRIS PLANT RD 15 , SAN DIEGO, CA 92145","9064 Inverness Rd, Santee, California, 92071",100.0,-117.017685518143,32.839231636766
2023002648,D SESMA TRUCKING INC,CORP,9064 INVERNESS RD ,SANTEE,CA,92071-2217,484,TRUCK TRANSPORTATION,Transportation and Warehousing,Core,"9064 INVERNESS RD , SANTEE, CA 92071-2217","9229 Harris Plant Rd, Building 15, San Diego, California, 92145",100.0,-117.126214484277,32.860770403808
2025009857,D&S INTERNATIONAL TRUCKING,SOLE,1448 14TH ST ,IMPERIAL BEACH,CA,91932-3804,484,TRUCK TRANSPORTATION,Transportation and Warehousing,Core,"1448 14TH ST , IMPERIAL BEACH, CA 91932-3804","1403 Laytonville Pl, Chula Vista, California, 91913",100.0,-116.996243101077,32.621318792282
2018021433,DAGUIAR,CORP,1403 LAYTONVILLE PL ,CHULA VISTA,CA,91913-1818,4224,GROCERY & RELATED PRODUCT WHSLE,Wholesale Trade,Core,"1403 LAYTONVILLE PL , CHULA VISTA, CA 91913-1818","10886 Buckhurst Ave, San Diego, California, 92126",100.0,-117.134877013571,32.916244814599
2021006110,DAHGOOZ DRIVING,SOLE,10886 BUCKHURST AVE ,SAN DIEGO,CA,92126-2722,49221,LOCAL MESSENGERS & LOCAL DELIVERY,Transportation and Warehousing,Core,"10886 BUCKHURST AVE , SAN DIEGO, CA 92126-2722","1448 14th St, Imperial Beach, California, 91932",100.0,-117.103611149194,32.57023837658
2004009903,DAIKIN COMFORT TECHNOLOGIES DISTRIBUTION INC,CORP,4400 RUFFIN RD 200 ,SAN DIEGO,CA,92123-2491,42169,OTHER ELECTRONIC PARTS & EQUIPMENT WHSLE,Wholesale Trade,Core,"4400 RUFFIN RD 200 , SAN DIEGO, CA 92123-2491","4400 Ruffin Rd, San Diego, California, 92123",99.12,-117.127276052315,32.820481445091
1998013036,DAILY DISPOSAL SERVICES INC,CORP,12535 VIGILANTE RD ,LAKESIDE,CA,92040-1167,488999,ALL OTHER TRANSPORTATION SUPPORT ACTIVITIES,Transportation and Warehousing,Core,"12535 VIGILANTE RD , LAKESIDE, CA 92040-1167","1631 Garnet Ave, San Diego, California, 92109",100.0,-117.240064701643,32.799926126748
2022012549,DAISY EMBROIDERY,SCORP,1631 GARNET AVE ,SAN DIEGO,CA,92109-3117,31499,ALL OTHER TEXTILE PRODUCT MILLS,Manufacturing,Core,"1631 GARNET AVE , SAN DIEGO, CA 92109-3117","8680 Miralani Dr, Suite 123, San Diego, California, 92126",100.0,-117.136825470783,32.896192619994
2015016383,DAMICO DIAMONDS INC,SCORP,861 06TH AVE 725 ,SAN DIEGO,CA,92101-6329,42194,JEWELRY/WATCH/PRECIOUS STONE & METAL WHSLE,Wholesale Trade,Core,"861 06TH AVE 725 , SAN DIEGO, CA 92101-6329","3319 Tennyson St, San Diego, California, 92106",100.0,-117.225153463532,32.735473147005
1986010272,DAN O'LEARY ENTERPRISES/A-SHADE BETTER,SOLE,3319 TENNYSON ST ,SAN DIEGO,CA,92106-1832,421,"WHOLESALE TRADE, DURABLE GOODS",Wholesale Trade,Core,"3319 TENNYSON ST , SAN DIEGO, CA 92106-1832","12535 Vigilante Rd, Lakeside, California, 92040",100.0,-116.935518810961,32.904385008339
2021012576,DANG GOOD ICE CREAM INC,SOLE,8680 MIRALANI DR 123 ,SAN DIEGO,CA,92126-6391,3115,DAIRY PRODUCT MFG,Manufacturing,Core,"8680 MIRALANI DR 123 , SAN DIEGO, CA 92126-6391","4209 Monroe Ave, San Diego, California, 92116",100.0,-117.104602501311,32.758816998805
2006009783,DANIEL RAMIREZ TRANSPORT INC,SCORP,758 RAINBOW HILLS RD ,FALLBROOK,CA,92028-9294,484,TRUCK TRANSPORTATION,Transportation and Warehousing,Core,"758 RAINBOW HILLS RD , FALLBROOK, CA 92028-9294","92101-6329, San Diego, California",86.5,-117.159229040686,32.714230009687
2025015722,DANNY J HUERTA ,SOLE,4209 MONROE AVE ,SAN DIEGO,CA,92116-4813,3231,PRINTING & RELATED SUPPORT ACTIVITIES,Manufacturing,Core,"4209 MONROE AVE , SAN DIEGO, CA 92116-4813","10065 Via de la Amistad, Suite A 24, San Diego, California, 92154",100.0,-116.929152336404,32.552742167633
2003003688,DANTE CORPORATION,SCORP,6421 LONESTAR RD ,SAN DIEGO,CA,92154,49319,OTHER WAREHOUSING & STORAGE,Transportation and Warehousing,Core,"6421 LONESTAR RD , SAN DIEGO, CA 92154","6421 Lone Star Rd, San Diego, California, 92154",99.0,-116.957314860522,32.578648115778
2015020825,DANYA B,CORP,10065 VIA DE LA AMISTAD A24 ,SAN DIEGO,CA,92154-5213,4219,MISCELLANEOUS DURABLE GOODS WHSLE,Wholesale Trade,Core,"10065 VIA DE LA AMISTAD A24 , SAN DIEGO, CA 92154-5213","758 Rainbow Hills Rd, Fallbrook, California, 92028",100.0,-117.171368886331,33.399407804664
2025006731,DAOL ENGINEERING INC,CORP,10624 HALL MEADOW RD ,SAN DIEGO,CA,92131-3637,4218,"MACHINERY, EQUIPMENT & SUPPLIES WHSLE",Wholesale Trade,Core,"10624 HALL MEADOW RD , SAN DIEGO, CA 92131-3637","641 E San Ysidro Blvd, Suite B 3, San Ysidro, California, 92173",100.0,-117.033731498305,32.547520912507
2023005375,DARABY TRUCKING,H-W,641 E SAN YSIDRO BLVD B3-626 ,SAN YSIDRO,CA,92173-3129,4841,GENERAL FREIGHT TRUCKING,Transportation and Warehousing,Core,"641 E SAN YSIDRO BLVD B3-626 , SAN YSIDRO, CA 92173-3129","8096 Miramar Rd, San Diego, California, 92126",100.0,-117.144417882499,32.88888753992
1989006750,DARLING INTERNATIONAL INC,CORP,8096 MIRAMAR RD ,SAN DIEGO,CA,92126-4338,311612,MEAT PROCESSED FROM CARCASSES,Manufacturing,Core,"8096 MIRAMAR RD , SAN DIEGO, CA 92126-4338","10624 Hall Meadow Rd, San Diego, California, 92131",100.0,-117.099494988611,32.931474397393
1993004825,DARS CARS,SOLE,4055 PORTE LA PAZ 144 ,SAN DIEGO,CA,92122-1987,421,"WHOLESALE TRADE, DURABLE GOODS",Wholesale Trade,Core,"4055 PORTE LA PAZ 144 , SAN DIEGO, CA 92122-1987","4055 Porte La Paz, #144, San Diego, California, 92122",100.0,-117.228995811767,32.856154573549
2021012585,DAVE'S DELIVERY,SOLE,5329 CHOLLAS PKY ,SAN DIEGO,CA,92105-3216,48411,"GENERAL FREIGHT TRUCKING, LOCAL",Transportation and Warehousing,Core,"5329 CHOLLAS PKY , SAN DIEGO, CA 92105-3216","5329 Chollas Pkwy, San Diego, California, 92105",100.0,-117.081272647288,32.74303957482
2025015750,DAVID C WOHLWEND ,SOLE,455 54TH ST 102 ,SAN DIEGO,CA,92114-2220,332,FABRICATED METAL PRODUCT MFG,Manufacturing,Core,"455 54TH ST 102 , SAN DIEGO, CA 92114-2220","19307 Casner Rd, Ramona, California, 92065",100.0,-116.779412318384,33.063697997976
1985014075,DAVID H BILLICK,SOLE,19307 CASNER RD ,RAMONA,CA,92065,421,"WHOLESALE TRADE, DURABLE GOODS",Wholesale Trade,Core,"19307 CASNER RD , RAMONA, CA 92065","3269 Caminito Eastbluff, Unit 211, La Jolla, California, 92037",100.0,-117.232960116692,32.858467014906
2008002179,DAVID LEVI AND SONS JEWELERS,CORP,861 06TH AVE 105 ,SAN DIEGO,CA,92101-6311,42194,JEWELRY/WATCH/PRECIOUS STONE & METAL WHSLE,Wholesale Trade,Core,"861 06TH AVE 105 , SAN DIEGO, CA 92101-6311","455 54th St, #102, San Diego, California, 92114",100.0,-117.079620322715,32.709886549371
1987001262,DAVID M ATZ,SOLE,3269 CAMINITO EASTBLUFF 211 ,LA JOLLA,CA,92037,421,"WHOLESALE TRADE, DURABLE GOODS",Wholesale Trade,Core,"3269 CAMINITO EASTBLUFF 211 , LA JOLLA, CA 92037","2725 Congress St, Suite 1 B, San Diego, California, 92110",100.0,-117.198187372274,32.753539962114
1974009236,DAVID OF CALIFORNIA,SOLE,2725 CONGRESS ST 1B ,SAN DIEGO,CA,92110-2766,327,NONMETALLIC MINERAL PRODUCT MFG,Manufacturing,Core,"2725 CONGRESS ST 1B , SAN DIEGO, CA 92110-2766","176 2nd Ave, Chula Vista, California, 91910",100.0,-117.077479333187,32.646634109619
2016013901,DAVID SANDS,SOLE,176 SECOND AVE ,CHULA VISTA,CA,91910-1941,49211,COURIERS,Transportation and Warehousing,Core,"176 SECOND AVE , CHULA VISTA, CA 91910-1941","92101-6311, San Diego, California",86.5,-117.159229040686,32.714230009687
2006014156,DAVIS TRUCKING LLC,LLC,7345 MISSION GORGE RD ,SAN DIEGO,CA,92120-1270,484,TRUCK TRANSPORTATION,Transportation and Warehousing,Core,"7345 MISSION GORGE RD , SAN DIEGO, CA 92120-1270","7046 Murray Park Dr, San Diego, California, 92119",100.0,-117.045061735923,32.792831390534
2014016021,DAVISON DISTRIBUTION,SOLE,7046 MURRAY PARK DR ,SAN DIEGO,CA,92119-2936,42299,OTHER MISCELLANEOUS NONDURABLE GOODS WHSLE,Wholesale Trade,Core,"7046 MURRAY PARK DR , SAN DIEGO, CA 92119-2936","7345 Mission Gorge Rd, San Diego, California, 92120",100.0,-117.085816812276,32.803516221607
2021015244,DAWN CHARTERS,LLC,2756 PREECE ST ,SAN DIEGO,CA,92111-5416,483,WATER TRANSPORTATION,Transportation and Warehousing,Core,"2756 PREECE ST , SAN DIEGO, CA 92111-5416","1236 Pierre Way, El Cajon, California, 92021",100.0,-116.952724846524,32.811970041512
2013063874,DAY NIGHT POWERSWEEPING,LLC,1236 PIERRE WAY ,EL CAJON,CA,92021-4608,48849,OTHER ROAD TRANSPORTATION SUPPORT ACTIVITIES,Transportation and Warehousing,Core,"1236 PIERRE WAY , EL CAJON, CA 92021-4608","2756 Preece St, San Diego, California, 92111",100.0,-117.177293556384,32.793101927623
2025013074,DAYONE FREIGHT LLC,LLC,222 LATIMER ST ,SAN DIEGO,CA,92114-4128,4841,GENERAL FREIGHT TRUCKING,Transportation and Warehousing,Core,"222 LATIMER ST , SAN DIEGO, CA 92114-4128","100 Hunter Pl, Youngsville, North Carolina, 27596",100.0,-78.487101643573,36.033691235833
2026004256,DB RACKET STRINGING,SOLE,3008 PACIFIC PALM SW WAY ,SAN DIEGO,CA,92117-7800,33992,SPORTING & ATHLETIC GOODS MFG,Manufacturing,Core,"3008 PACIFIC PALM SW WAY , SAN DIEGO, CA 92117-7800","10601 Tierrasanta Blvd, San Diego, California, 92124",99.75,-117.102143250919,32.823198648553
2009004586,DBA SIRCHIE FINGER PRINT LABORATORIES,LLC,100 HUNTER PL ,YOUNGSVILLE,NC,27596-9447,33999,ALL OTHER MISC MFG,Manufacturing,Core,"100 HUNTER PL , YOUNGSVILLE, NC 27596-9447","222 Latimer St, San Diego, California, 92114",100.0,-117.068079028776,32.704787628122
2023003315,DBA THE UPS STORE #4357,CORP,10601 TIERRASANTA BLVD G ,SAN DIEGO,CA,921242616,49111,POSTAL SERVICE,Transportation and Warehousing,Core,"10601 TIERRASANTA BLVD G , SAN DIEGO, CA 921242616","9565 Heinrich Hertz Dr, San Diego, California, 92154",99.5,-116.939957531607,32.558747759349
2023012360,DC LOGISTICS LLC,LLC,9050 AIRWAY ROAD ,SAN DIEGO,CA,92154,493,WAREHOUSING & STORAGE,Transportation and Warehousing,Core,"9050 AIRWAY ROAD , SAN DIEGO, CA 92154","5148 Minneola Dr, Fallbrook, California, 92028",100.0,-117.249699783162,33.297398492367
2025001299,DCI INC,SCORP,9565 HEINRICH HERTZ DR A7 ,SAN DIEGO,CA,92154-7920,337,FURNITURE & RELATED PRODUCT MFG,Manufacturing,Core,"9565 HEINRICH HERTZ DR A7 , SAN DIEGO, CA 92154-7920","9050 Airway Rd, San Diego, California, 92154",100.0,-116.951998694315,32.560442069797
2013061385,DCS HORSE TRANSPORTATION COMPANY,CORP,5148 MINNEOLA DR ,FALLBROOK,CA,92028-7903,4842,SPECIALIZED FREIGHT TRUCKING,Transportation and Warehousing,Core,"5148 MINNEOLA DR , FALLBROOK, CA 92028-7903","3008 Pacific Palm Way, San Diego, California, 92117",96.25,-117.191896586303,32.797082608006
2012014075,DE LOS SANTOS TRANSPORT,CORP,10250 AIRWAY RD C ,SAN DIEGO,CA,92154-7904,48411,"GENERAL FREIGHT TRUCKING, LOCAL",Transportation and Warehousing,Core,"10250 AIRWAY RD C , SAN DIEGO, CA 92154-7904","7584 Trade St, San Diego, California, 92121",100.0,-117.161127457936,32.88871185523
1993007391,DE SOTO SPORT,CORP,7584 TRADE ST ,SAN DIEGO,CA,92121-2412,3159,APPAREL ACCESSORIES & OTHER APPAREL MFG,Manufacturing,Core,"7584 TRADE ST , SAN DIEGO, CA 92121-2412","10832 Canarywood Ct, San Diego, California, 92131",100.0,-117.082286857573,32.923005531972
2002004095,DEALER 101,CORP,10832 CANARYWOOD CT ,SAN DIEGO,CA,92131-2641,4211,MOTOR VEHICLE/MOTOR VEHICLE PT & SUPPLY WHSLE,Wholesale Trade,Core,"10832 CANARYWOOD CT , SAN DIEGO, CA 92131-2641","7630 Miramar Rd, Suite 2100, San Diego, California, 92126",100.0,-117.151120890468,32.885007095936
2008000366,DECORATIVE PAPER,SOLE,7630 MIRAMAR RD 2100 ,SAN DIEGO,CA,92126-4223,421,"WHOLESALE TRADE, DURABLE GOODS",Wholesale Trade,Core,"7630 MIRAMAR RD 2100 , SAN DIEGO, CA 92126-4223","2493 Crooked Trail Rd, Chula Vista, California, 91914",100.0,-116.965089159536,32.665702562158
2015043793,DEDICATED EXPRESS LOGISTICS INC,CORP,2493 CROOKED TRAIL RD ,CHULA VISTA,CA,91914-4143,4841,GENERAL FREIGHT TRUCKING,Transportation and Warehousing,Core,"2493 CROOKED TRAIL RD , CHULA VISTA, CA 91914-4143","4375 Georgia St, Unit 202, San Diego, California, 92103",100.0,-117.14498215222,32.756802534106
2024004351,DEFIANT LOGISTICS LLC,LLC,4375 GEORGIA ST 202 ,SAN DIEGO,CA,92103-2597,4841,GENERAL FREIGHT TRUCKING,Transportation and Warehousing,Core,"4375 GEORGIA ST 202 , SAN DIEGO, CA 92103-2597","6631 Tait St, Apartment 3, San Diego, California, 92111",100.0,-117.175936520647,32.780515063917
2023008495,DEGA COFFEE,SOLE,6631 TAIT ST 3 ,SAN DIEGO,CA,92111-6558,42249,OTHER GROCERY & RELATED PRODUCTS WHSLE,Wholesale Trade,Core,"6631 TAIT ST 3 , SAN DIEGO, CA 92111-6558","9885 Mesa Rim Rd, Suite 115, San Diego, California, 92121",100.0,-117.17944568823,32.898338261479
2024000410,DEGA COFFEE LLC,LLC,6631 TAIT ST 3 ,SAN DIEGO,CA,92111-6558,4224,GROCERY & RELATED PRODUCT WHSLE,Wholesale Trade,Core,"6631 TAIT ST 3 , SAN DIEGO, CA 92111-6558","10250 Airway Rd, San Diego, California, 92154",99.7,-116.924704479484,32.560177460574
2014014643,DEHBOK LOGISTICS INC,SCORP,9885 MESA RIM RD 115 ,SAN DIEGO,CA,92121-2982,48412,"GENERAL FREIGHT TRUCKING, LONG-DISTANCE",Transportation and Warehousing,Core,"9885 MESA RIM RD 115 , SAN DIEGO, CA 92121-2982","6631 Tait St, Apartment 3, San Diego, California, 92111",100.0,-117.175936520647,32.780515063917
2020003796,DEL MAR OCEANOGRAPHIC LLC,LLC,10457 ROSELLE ST A ,SAN DIEGO,CA,92121-1510,3399,OTHER MISCELLANEOUS MFG,Manufacturing,Core,"10457 ROSELLE ST A , SAN DIEGO, CA 92121-1510","11820 Via Hacienda, El Cajon, California, 92019",100.0,-116.935848890308,32.748422223492
1995012583,DELAFIELD FLUID TECHNOLOGIES,CORP,10695 TREENA ST 104 ,SAN DIEGO,CA,92131-2479,332999,ALL OTHER MISC FABRICATED METAL PRODUCT MFG,Manufacturing,Core,"10695 TREENA ST 104 , SAN DIEGO, CA 92131-2479","10457 Roselle St, San Diego, California, 92121",100.0,-117.219597183736,32.894846360616
2026003887,DELFIN DELIVERY,SOLE,2493 ROLL DR 202B ,SAN DIEGO,CA,92154-7230,484,TRUCK TRANSPORTATION,Transportation and Warehousing,Core,"2493 ROLL DR 202B , SAN DIEGO, CA 92154-7230","10695 Treena St, Suite 104, San Diego, California, 92131",100.0,-117.113829048869,32.912250334822
2026003543,DELIVERM,SOLE,11820 VIA HACIENDA ,EL CAJON,CA,92019-4099,49221,LOCAL MESSENGERS & LOCAL DELIVERY,Transportation and Warehousing,Core,"11820 VIA HACIENDA , EL CAJON, CA 92019-4099","18741 Caminito Pasadero, Unit 89, San Diego, California, 92128",100.0,-117.067644678553,33.051150037465
2025010193,DELIVERY INST,SOLE,2348 RUSSELL PARK WAY 337 ,SAN DIEGO,CA,92108-1290,49221,LOCAL MESSENGERS & LOCAL DELIVERY,Transportation and Warehousing,Core,"2348 RUSSELL PARK WAY 337 , SAN DIEGO, CA 92108-1290","10777 Elderwood Ln, San Diego, California, 92131",100.0,-117.074712802225,32.921910981146
2018000778,DELMAR GLOBAL,LLC,10777 ELDERWOOD LN ,SAN DIEGO,CA,92131-1541,42261,PLASTICS MATERIALS & BASIC FORMS/SHAPES WHSLE,Wholesale Trade,Core,"10777 ELDERWOOD LN , SAN DIEGO, CA 92131-1541","2348 Russell Park Way, Apartment 337, San Diego, California, 92108",100.0,-117.148218405036,32.77626958805
2021010662,DELPRO LLC,LLC,18741 CAMINITO PASADERO 89 ,SAN DIEGO,CA,92128-6140,49221,LOCAL MESSENGERS & LOCAL DELIVERY,Transportation and Warehousing,Core,"18741 CAMINITO PASADERO 89 , SAN DIEGO, CA 92128-6140","2493 Roll Dr, Suite 202, San Diego, California, 92154",98.94,-116.937412869622,32.553657555279
1974013294,DELTA AIR LINES INC,CORP,3835 N HARBOR DR ,SAN DIEGO,CA,92101-1073,481,AIR TRANSPORTATION,Transportation and Warehousing,Core,"3835 N HARBOR DR , SAN DIEGO, CA 92101-1073","10180 Scripps Ranch Blvd, San Diego, California, 92131",100.0,-117.108464882294,32.905195706014
2000010390,DELTA GROUP ELECTRONICS INC,CORP,10180 SCRIPPS RANCH BLVD ,SAN DIEGO,CA,92131-1234,3344,SEMICONDUCTOR & OTH ELECTRONIC COMPONENT MFG,Manufacturing,Core,"10180 SCRIPPS RANCH BLVD , SAN DIEGO, CA 92131-1234","3625 Ruffin Rd, Suite 108, San Diego, California, 92123",100.0,-117.11917712219,32.809326556888
2021006314,DELUXE BEAUTY BRANDS,CORP,3625 RUFFIN RD 108 ,SAN DIEGO,CA,92123-1841,42299,OTHER MISCELLANEOUS NONDURABLE GOODS WHSLE,Wholesale Trade,Core,"3625 RUFFIN RD 108 , SAN DIEGO, CA 92123-1841","3835 N Harbor Dr, San Diego, California, 92101",100.0,-117.205746004919,32.72943717089
2023004268,DENISON YACHTING,LLC,2353 SHELTER ISLAND DR ,SAN DIEGO,CA,92106-3109,42186,TRANSPORTATION EQUIP/SUPPLIES(EXC MV) WHSLE,Wholesale Trade,Core,"2353 SHELTER ISLAND DR , SAN DIEGO, CA 92106-3109","2353 Shelter Island Dr, San Diego, California, 92106",100.0,-117.224894378905,32.71893996872
2023004286,DENISON YACHTING,PARTNR,2353 SHELTER ISLAND DR ,SAN DIEGO,CA,92106-3109,42186,TRANSPORTATION EQUIP/SUPPLIES(EXC MV) WHSLE,Wholesale Trade,Core,"2353 SHELTER ISLAND DR , SAN DIEGO, CA 92106-3109","1084 Primrose Ln, Encinitas, California, 92024",100.0,-117.253832899618,33.06670416755
1999010513,DENNIS UNIFORM MFG LLC,LLC,135 SE HAWTHORNE BLVD ,PORTLAND,OR,97214-3310,314999,ALL OTHER MISCELLANEOUS TEXTILE PRODUCT MILLS,Manufacturing,Core,"135 SE HAWTHORNE BLVD , PORTLAND, OR 97214-3310","135 SE Hawthorne Blvd, Portland, Oregon, 97214",100.0,-122.664340419073,45.512329226133
2015034375,DESCO RECYCLING,SOLE,1084 PRIMROSE LN ,ENCINITAS,CA,92024-4527,4889,OTHER TRANSPORTATION SUPPORT ACTIVITIES,Transportation and Warehousing,Core,"1084 PRIMROSE LN , ENCINITAS, CA 92024-4527","2353 Shelter Island Dr, San Diego, California, 92106",100.0,-117.224894378905,32.71893996872
2026002608,DESERT TRUCK WRECKING,LLC,1581 RADAR RD ,SAN DIEGO,CA,92154-7814,42114,MOTOR VEHICLE PARTS (USED) WHSLE,Wholesale Trade,Core,"1581 RADAR RD , SAN DIEGO, CA 92154-7814","1581 Radar Rd, San Diego, California, 92154",100.0,-116.960115757287,32.568995013167
2018027741,DESIGN HARDWARE,SOLE,6053 W 3RD ST ,LOS ANGELES,CA,90036-3140,48899,OTHER TRANSPORTATION SUPPORT ACTIVITIES,Transportation and Warehousing,Core,"6053 W 3RD ST , LOS ANGELES, CA 90036-3140","7410 Trade St, San Diego, California, 92121",100.0,-117.162985474413,32.888703599055
2007004714,DESIGN SOLUTION & MACHINING,SOLE,7410 TRADE ST ,SAN DIEGO,CA,92121-2410,33399,ALL OTHER GENERAL PURPOSE MACHINERY MFG,Manufacturing,Core,"7410 TRADE ST , SAN DIEGO, CA 92121-2410","4140 Morena Blvd, San Diego, California, 92117",100.0,-117.219179513501,32.815366095312
1975018660,DESIGN SYNTHESIS INC,CORP,9855 BLACK MOUNTAIN RD ,SAN DIEGO,CA,92126-4512,337,FURNITURE & RELATED PRODUCT MFG,Manufacturing,Core,"9855 BLACK MOUNTAIN RD , SAN DIEGO, CA 92126-4512","8678 Highwood Dr, San Diego, California, 92119",100.0,-117.011153584817,32.810278866817
2026002962,DESIGNED BY DAWN,SOLE,8678 HIGHWOOD DR ,SAN DIEGO,CA,92119-1438,339999,ALL OTHER MISCELLANEOUS MFG,Manufacturing,Core,"8678 HIGHWOOD DR , SAN DIEGO, CA 92119-1438","9855 Black Mountain Rd, San Diego, California, 92126",100.0,-117.123304036038,32.899913430633
2015017025,DESIGNER GALLERY,SCORP,4140 MORENA BLVD ,SAN DIEGO,CA,92117-5237,42121,FURNITURE WHSLE,Wholesale Trade,Core,"4140 MORENA BLVD , SAN DIEGO, CA 92117-5237","10971 Patina Ct, San Diego, California, 92131",100.0,-117.080352649596,32.921826910657
1998001035,DESIGNER IMAGE,SOLE,1042 23RD ST ,SAN DIEGO,CA,92102-1916,422,"WHOLESALE TRADE, NONDURABLE GOODS",Wholesale Trade,Core,"1042 23RD ST , SAN DIEGO, CA 92102-1916","1138 D St, Ramona, California, 92065",100.0,-116.870575070787,33.039621567838
1999013612,DESIGNER STONE INC,CORP,1138 D ST ,RAMONA,CA,92065,42199,OTHER MISCELLANEOUS DURABLE GOODS WHSLE,Wholesale Trade,Core,"1138 D ST , RAMONA, CA 92065","6053 W 3rd St, Los Angeles, California, 90036",100.0,-118.352525224142,34.070237080599
2005000306,DESIGNERS UNLIMETED/ RAPID APPRAISAL,SOLE,10971 PATINA CT ,SAN DIEGO,CA,92131-2644,315299,ALL OTHER CUT & SEW APPAREL MFG,Manufacturing,Core,"10971 PATINA CT , SAN DIEGO, CA 92131-2644","4277 Quapaw Ave, San Diego, California, 92117",100.0,-117.211190470127,32.820571885826
2005013418,DESIRED DESIGN,SOLE,4277 QUAPAW AVE ,SAN DIEGO,CA,92117-4526,339999,ALL OTHER MISCELLANEOUS MFG,Manufacturing,Core,"4277 QUAPAW AVE , SAN DIEGO, CA 92117-4526","949 Diamond St, San Diego, California, 92109",100.0,-117.253375834438,32.799982704595
2025009605,DESPOSITO DESIGNS,SOLE,949 DIAMOND ST ,SAN DIEGO,CA,92109-2506,3399,OTHER MISCELLANEOUS MFG,Manufacturing,Core,"949 DIAMOND ST , SAN DIEGO, CA 92109-2506","12285 World Trade Dr, Suite D, San Diego, California, 92128",100.0,-117.072271405287,32.987881378731
1992005212,DETAILS,SOLE,12285 WORLD TRADE DR D ,SAN DIEGO,CA,92128-3772,421,"WHOLESALE TRADE, DURABLE GOODS",Wholesale Trade,Core,"12285 WORLD TRADE DR D , SAN DIEGO, CA 92128-3772","1042 23rd St, San Diego, California, 92102",100.0,-117.143208206232,32.716408005318
2021015775,DEVIL MOUNTAIN WHOLESALE NURSERY,LLC,4343 CARMEL VALLEY RD ,SAN DIEGO,CA,92130-2498,42299,OTHER MISCELLANEOUS NONDURABLE GOODS WHSLE,Wholesale Trade,Core,"4343 CARMEL VALLEY RD , SAN DIEGO, CA 92130-2498","2321 Morena Blvd, Suite D, San Diego, California, 92110",100.0,-117.206232322942,32.786576395289
2005010012,DEVLON ENTERPRISES INC ,SCORP,2321 MORENA BLVD D ,SAN DIEGO,CA,92110-4100,42143,COMPUTER & PERIPHERAL EQUIP & SOFTWARE WHSLE,Wholesale Trade,Core,"2321 MORENA BLVD D , SAN DIEGO, CA 92110-4100","4343 Carmel Valley Rd, San Diego, California, 92130",100.0,-117.197774982637,32.948656293074
2003015812,DEWITT COMPANIES LTD LLC ,LLC,9089 CLAIREMONT MESA BLVD 301 ,SAN DIEGO,CA,92123-1267,488,TRANSPORTATION SUPPORT ACTIVITIES,Transportation and Warehousing,Core,"9089 CLAIREMONT MESA BLVD 301 , SAN DIEGO, CA 92123-1267","9089 Clairemont Mesa Blvd, Suite 301, San Diego, California, 92123",100.0,-117.13335871563,32.831295525111
2002006358,DEXCOM INC,CORP,6340 SEQUENCE DR ,SAN DIEGO,CA,92121-4356,33451,NAV/MEASURING/MEDICAL/CONTROL  INSTRUMENTS MF,Manufacturing,Core,"6340 SEQUENCE DR , SAN DIEGO, CA 92121-4356","11620 Kirby Pl, San Diego, California, 92126",100.0,-117.126577923599,32.929582979032
2017019745,DH CONTAINERS SUPPLY,SOLE,11620 KIRBY PL ,SAN DIEGO,CA,92126-1500,4221,PAPER & PAPER PRODUCT WHSLE,Wholesale Trade,Core,"11620 KIRBY PL , SAN DIEGO, CA 92126-1500","6340 Sequence Dr, San Diego, California, 92121",100.0,-117.185377477289,32.906910852951
2024010711,DHE TRANSPORTATION,SCORP,9310 ACTIVITY RD B ,SAN DIEGO,CA,92126-4474,4841,GENERAL FREIGHT TRUCKING,Transportation and Warehousing,Core,"9310 ACTIVITY RD B , SAN DIEGO, CA 92126-4474","9525 Padgett St, San Diego, California, 92126",100.0,-117.12694052473,32.895767825141
2025007475,DHE TRANSPORTATION,CORP,9525 PADGETT ST ,SAN DIEGO,CA,92126-4403,4841,GENERAL FREIGHT TRUCKING,Transportation and Warehousing,Core,"9525 PADGETT ST , SAN DIEGO, CA 92126-4403","9310 Activity Rd, Suite B, San Diego, California, 92126",100.0,-117.126413303021,32.897094554686
2025004038,DHL EXPRESS,CORP,6690 MISSION GORGE RD G ,SAN DIEGO,CA,92120-2338,492,COURIERS & MESSENGERS,Transportation and Warehousing,Core,"6690 MISSION GORGE RD G , SAN DIEGO, CA 92120-2338","6690 Mission Gorge Rd, Suite G, San Diego, California, 92120",100.0,-117.097188288857,32.794032517259
2022005195,DHL EXPRESS USA INC,CORP,655 GATEWAY CENTER WAY 101 ,SAN DIEGO,CA,92102-4537,4921,COURIERS,Transportation and Warehousing,Core,"655 GATEWAY CENTER WAY 101 , SAN DIEGO, CA 92102-4537","655 Gateway Center Way, San Diego, California, 92102",99.27,-117.112182172533,32.711857553903
2007002810,DHL GLOBAL FORWARDING,CORP,6800 GATEWAY PARK DR ,SAN DIEGO,CA,92154-7536,48851,FREIGHT TRANSPORTATION ARRANGEMENT,Transportation and Warehousing,Core,"6800 GATEWAY PARK DR , SAN DIEGO, CA 92154-7536","6800 Gateway Park Dr, San Diego, California, 92154",100.0,-116.99300433369,32.563009244652
2008011448,DIALSA LLC,LLC,8640 SIEMPRE VIVA RD 1 ,SAN DIEGO,CA,92154-6211,42249,OTHER GROCERY & RELATED PRODUCTS WHSLE,Wholesale Trade,Core,"8640 SIEMPRE VIVA RD 1 , SAN DIEGO, CA 92154-6211","8640 Siempre Viva Rd, San Diego, California, 92154",99.73,-116.957990358098,32.553385227245
1993003296,DIAMOND JACK ENTERPRISES INC,CORP,690 ANITA ST C ,CHULA VISTA,CA,91911-4642,4224,GROCERY & RELATED PRODUCT WHSLE,Wholesale Trade,Core,"690 ANITA ST C , CHULA VISTA, CA 91911-4642","2104 National Ave, San Diego, California, 92113",100.0,-117.141549092318,32.69823549441
2016013067,DIAMONDS FROM THE MINE LLC,LLC,500 W HARBOR DR 401 ,SAN DIEGO,CA,92101-7720,42194,JEWELRY/WATCH/PRECIOUS STONE & METAL WHSLE,Wholesale Trade,Core,"500 W HARBOR DR 401 , SAN DIEGO, CA 92101-7720","4226 Camino Ticino, San Diego, California, 92122",100.0,-117.214814385965,32.861253913893
1974011168,DIEGO & SON PRINTING INC,CORP,2104 NATIONAL AVE ,SAN DIEGO,CA,92113-2209,323,PRINTING & RELATED SUPPORT ACTIVITIES,Manufacturing,Core,"2104 NATIONAL AVE , SAN DIEGO, CA 92113-2209","500 W Harbor Dr, Unit 401, San Diego, California, 92101",100.0,-117.166499922595,32.711237544525
2025000783,DIGGIN DUNCAN WUVY WAFFYS,SOLE,4226 CAMINO TICINO ,SAN DIEGO,CA,92122-1828,31111,ANIMAL FOOD MFG,Manufacturing,Core,"4226 CAMINO TICINO , SAN DIEGO, CA 92122-1828","9020 Kenamar Dr, Suite 201, San Diego, California, 92121",100.0,-117.155505547838,32.886192297044
1992008899,DIRECT SYSTEMS SUPPORT,CORP,9020 KENAMAR DR 201 ,SAN DIEGO,CA,92121-2431,4214,PROFESSIONAL & COMMERCIAL EQUIP & SUPP WHSLE,Wholesale Trade,Core,"9020 KENAMAR DR 201 , SAN DIEGO, CA 92121-2431","690 Anita St, Suite C, Chula Vista, California, 91911",100.0,-117.08294240622,32.598526972625
2023009940,DIRT TAXI INC,CORP,21631 WAITE ST ,WILDOMAR,CA,92595-8472,484,TRUCK TRANSPORTATION,Transportation and Warehousing,Core,"21631 WAITE ST , WILDOMAR, CA 92595-8472","21631 Waite St, Wildomar, California, 92595",100.0,-117.282207234428,33.629673227495
2015044292,DISCOUNT RESTAURANT SUPPLIES & EQUIPMENT INC,CORP,2828 CAMINO DEL RIO SOUTH ,SAN DIEGO,CA,92108-3809,42144,OTHER COMMERCIAL EQUIPMENT WHSLE,Wholesale Trade,Core,"2828 CAMINO DEL RIO SOUTH , SAN DIEGO, CA 92108-3809","2828 Camino del Rio S, San Diego, California, 92108",100.0,-117.133996997557,32.77016655671
2007029949,DISCREET COLLATERAL LOAN/LEXINGTON ESTATE BUYERS,CORP,12778 RANCHO PENASQUITOS BLVD C ,SAN DIEGO,CA,92129-2947,42194,JEWELRY/WATCH/PRECIOUS STONE & METAL WHSLE,Wholesale Trade,Core,"12778 RANCHO PENASQUITOS BLVD C , SAN DIEGO, CA 92129-2947","7940 Silverton Ave, #210, San Diego, California, 92126",100.0,-117.14981096664,32.891366990698
2026003575,DISNEY QUIALA,SOLE,1240 13TH ST ,IMPERIAL BEACH,CA,91932-3611,484,TRUCK TRANSPORTATION,Transportation and Warehousing,Core,"1240 13TH ST , IMPERIAL BEACH, CA 91932-3611","12778 Rancho Penasquitos Blvd, Suite C, San Diego, California, 92129",100.0,-117.1071242807,32.949657637137
1990004372,DISPLAY WAREHOUSE INC,CORP,7940 SILVERTON AVE 210 ,SAN DIEGO,CA,92126-6341,42199,OTHER MISCELLANEOUS DURABLE GOODS WHSLE,Wholesale Trade,Core,"7940 SILVERTON AVE 210 , SAN DIEGO, CA 92126-6341","1240 13th St, Imperial Beach, California, 91932",100.0,-117.105753420436,32.573977258324
2019002924,DISSIDENCE USA,CORP,9340 DOWDY DR 4 ,SAN DIEGO,CA,92126-9502,42199,OTHER MISCELLANEOUS DURABLE GOODS WHSLE,Wholesale Trade,Core,"9340 DOWDY DR 4 , SAN DIEGO, CA 92126-9502","9340 Dowdy Dr, San Diego, California, 92126",99.68,-117.146950055448,32.891284848047
2003010356,DISTINGUISHED FIRE EXTG SERVICE & EQUIPMENT CO,CORP,3263 ROCKY SAGE RD ,JAMUL,CA,91935-1828,81131,COMMERCIAL EQUIPMENT (EXC AUTO & ELEC) R&M,Industrial Machinery Repair,Core,"3263 ROCKY SAGE RD , JAMUL, CA 91935-1828","3263 Rocky Sage Rd, Jamul, California, 91935",100.0,-116.858750049425,32.73043013305
2025016587,DISTRIBUTION GO,SCORP,2285 MICHAEL FARADAY DR 8 ,SAN DIEGO,CA,92154-7926,4218,"MACHINERY, EQUIPMENT & SUPPLIES WHSLE",Wholesale Trade,Core,"2285 MICHAEL FARADAY DR 8 , SAN DIEGO, CA 92154-7926","2285 Michael Faraday Dr, Suite 8, San Diego, California, 92154",100.0,-116.932004698054,32.557651113047
1974010438,DIVING UNLIMITED INTERNATIONAL INC,CORP,1148 DELEVAN DR ,SAN DIEGO,CA,92102-2436,339,MISCELLANEOUS MFG,Manufacturing,Core,"1148 DELEVAN DR , SAN DIEGO, CA 92102-2436","1148 Delevan Dr, San Diego, California, 92102",100.0,-117.119093889892,32.717490737661
2024008685,DJ HOME DESIGN LLC,LLC,8474 COMMERCE AVE ,SAN DIEGO,CA,92121-2678,3371,HH & INSTITUTIONAL FURNITURE & KI CABNT MFG,Manufacturing,Core,"8474 COMMERCE AVE , SAN DIEGO, CA 92121-2678","8474 Commerce Ave, San Diego, California, 92121",100.0,-117.168147134207,32.879616610184
2018002350,DJ HOME PLUS INC,CORP,8474 COMMERCE AVE ,SAN DIEGO,CA,92121-2678,42139,OTHER CONSTRUCTION MATERIAL WHSLE,Wholesale Trade,Core,"8474 COMMERCE AVE , SAN DIEGO, CA 92121-2678","8474 Commerce Ave, San Diego, California, 92121",100.0,-117.168147134207,32.879616610184
2017006662,DJA GLOBAL LOGISTICS LLC,LLC,3065 BEYER BLVD 103 ,SAN DIEGO,CA,92154-3499,421,"WHOLESALE TRADE, DURABLE GOODS",Wholesale Trade,Core,"3065 BEYER BLVD 103 , SAN DIEGO, CA 92154-3499","3065 Beyer Blvd, Suite 103, San Diego, California, 92154",100.0,-117.065326998506,32.572089737548
2005005093,DJM ELECTRONICS,CORP,2907 SHELTER ISLAND DR 105-138 ,SAN DIEGO,CA,92106-2743,42299,OTHER MISCELLANEOUS NONDURABLE GOODS WHSLE,Wholesale Trade,Core,"2907 SHELTER ISLAND DR 105-138 , SAN DIEGO, CA 92106-2743","3858 Canning Ave, San Diego, California, 92111",100.0,-117.18372138086,32.81159101185
2025020430,DK WEIGHTS,SOLE,3858 CANNING AVE ,SAN DIEGO,CA,92111-3802,33992,SPORTING & ATHLETIC GOODS MFG,Manufacturing,Core,"3858 CANNING AVE , SAN DIEGO, CA 92111-3802","4645 Lehrer Dr, San Diego, California, 92117",100.0,-117.191080608028,32.838106030989
2017004990,DMG CORPORATION,CORP,7408 TRADE ST A ,SAN DIEGO,CA,92121-3415,42199,OTHER MISCELLANEOUS DURABLE GOODS WHSLE,Wholesale Trade,Core,"7408 TRADE ST A , SAN DIEGO, CA 92121-3415","2907 Shelter Island Dr, Suite 105, San Diego, California, 92106",100.0,-117.23036591766,32.722199607045
2008042532,DO INC,H-W,4645 LEHRER DR ,SAN DIEGO,CA,92117-1214,48321,INLAND WATER TRANSPORTATION,Transportation and Warehousing,Core,"4645 LEHRER DR , SAN DIEGO, CA 92117-1214","5450 Kiowa Dr, Unit 29, La Mesa, California, 91942",100.0,-117.040572304763,32.777912315343
2014037895,DOGHOOKCOM,SCORP,2390 SHELTER ISLAND DR 219 ,SAN DIEGO,CA,92106-3129,31,MANUFACTURING,Manufacturing,Core,"2390 SHELTER ISLAND DR 219 , SAN DIEGO, CA 92106-3129","7408 Trade St, Suite A, San Diego, California, 92121",100.0,-117.162876425852,32.88870406006
2026002232,DOLANI & BIERRE/CIVALI,SOLE,5450 KIOWA DR 29 ,LA MESA,CA,91942-1301,4223,"APPAREL, PIECE GOODS & NOTIONS WHSLE",Wholesale Trade,Core,"5450 KIOWA DR 29 , LA MESA, CA 91942-1301","2390 Shelter Island Dr, Suite 219, San Diego, California, 92106",100.0,-117.225180117984,32.719176841303
2026003858,DOLLOR AI,SOLE,12 TEABERRY LN ,RANCHO SANTA MARGARITA,CA,92688-8537,4922,LOCAL MESSENGERS & LOCAL DELIVERY,Transportation and Warehousing,Core,"12 TEABERRY LN , RANCHO SANTA MARGARITA, CA 92688-8537","12 Teaberry Ln, Rancho Santa Margarita, California, 92688",100.0,-117.603331859039,33.626080366609
2025003342,DOMINGUEZ DELIVERY,SOLE,235 COTTONWOOD RD ,SAN YSIDRO,CA,92173-2523,4922,LOCAL MESSENGERS & LOCAL DELIVERY,Transportation and Warehousing,Core,"235 COTTONWOOD RD , SAN YSIDRO, CA 92173-2523","1925 El Cajon Blvd, San Diego, California, 92104",100.0,-117.144594824475,32.755171499567
1999006390,DOMINO'S PIZZA,CORP,1925 EL CAJON BLVD ,SAN DIEGO,CA,92104-1004,311811,RETAIL BAKERIES,Manufacturing,Core,"1925 EL CAJON BLVD , SAN DIEGO, CA 92104-1004","235 Cottonwood Rd, San Ysidro, California, 92173",100.0,-117.047998838615,32.555780858992
1999006391,DOMINO'S PIZZA,CORP,6947 LINDA VISTA RD D-E ,SAN DIEGO,CA,92111-6363,311811,RETAIL BAKERIES,Manufacturing,Core,"6947 LINDA VISTA RD D-E , SAN DIEGO, CA 92111-6363","4701 El Cajon Blvd, San Diego, California, 92115",100.0,-117.09312365255,32.75589322334
1999006392,DOMINO'S PIZZA,CORP,4701 EL CAJON BLVD ,SAN DIEGO,CA,92115,311811,RETAIL BAKERIES,Manufacturing,Core,"4701 EL CAJON BLVD , SAN DIEGO, CA 92115","3520 Ashford St, San Diego, California, 92111",100.0,-117.159985507447,32.808285314966
1999006395,DOMINO'S PIZZA,CORP,3520 ASHFORD ST ,SAN DIEGO,CA,92111-4300,311811,RETAIL BAKERIES,Manufacturing,Core,"3520 ASHFORD ST , SAN DIEGO, CA 92111-4300","6947 Linda Vista Rd, Suite D, San Diego, California, 92111",100.0,-117.170331793451,32.786202017584
2025007533,DON TRANSPORTATION,SOLE,4137 CHAMOUNE AVE D ,SAN DIEGO,CA,92105-1859,492,COURIERS & MESSENGERS,Transportation and Warehousing,Core,"4137 CHAMOUNE AVE D , SAN DIEGO, CA 92105-1859","4137 Chamoune Ave, San Diego, California, 92105",99.71,-117.0964684321,32.75205177083
2026000232,DON WAPO LLC,LLC,11934 HIGHWAY 67 ,LAKESIDE,CA,92040-1150,3119,OTHER FOOD MFG,Manufacturing,Core,"11934 HIGHWAY 67 , LAKESIDE, CA 92040-1150","21955 Plummer St, Chatsworth, California, 91311",100.0,-118.605844443015,34.242719632687
2015039920,DON WOLF ASSOCIATES  INC,SCORP,21955 PLUMMER ST ,CHATSWORTH,CA,91311-4002,42199,OTHER MISCELLANEOUS DURABLE GOODS WHSLE,Wholesale Trade,Core,"21955 PLUMMER ST , CHATSWORTH, CA 91311-4002","11934 Highway 67, Lakeside, California, 92040",100.0,-116.934427654806,32.897795658976
1984017665,DONALD FRASER,SOLE,5238 STREAMVIEW DR ,SAN DIEGO,CA,92105-3204,327,NONMETALLIC MINERAL PRODUCT MFG,Manufacturing,Core,"5238 STREAMVIEW DR , SAN DIEGO, CA 92105-3204","2177 Britannia Blvd, San Diego, California, 92154",99.23,-116.979729326898,32.559088148437
2010011819,DONG CHUEL AMERICA INC,CORP,2177 BRITANNIA BLVD 206 ,SAN DIEGO,CA,92154-8307,31,MANUFACTURING,Manufacturing,Core,"2177 BRITANNIA BLVD 206 , SAN DIEGO, CA 92154-8307","4090 El Cajon Blvd, Suite H, San Diego, California, 92105",100.0,-117.107570533225,32.755272208133
2001009024,DONUT PLUS,SOLE,4090 EL CAJON BLVD H ,SAN DIEGO,CA,92105-1168,311811,RETAIL BAKERIES,Manufacturing,Core,"4090 EL CAJON BLVD H , SAN DIEGO, CA 92105-1168","5238 Streamview Dr, San Diego, California, 92105",100.0,-117.083106691522,32.743407163184
2022005575,DOORS AND MORE CORP,CORP,7985 ENGINEER S RD ,SAN DIEGO,CA,92111-1903,421,"WHOLESALE TRADE, DURABLE GOODS",Wholesale Trade,Core,"7985 ENGINEER S RD , SAN DIEGO, CA 92111-1903","1817 Morena Blvd, Suite A, San Diego, California, 92110",100.0,-117.20747988541,32.779515899149
2004008340,DORADO DENTAL SUPPLY INC,SCORP,1817 MORENA BLVD A ,SAN DIEGO,CA,92110-3651,42145,MEDICAL/DENTAL/HOSPITAL EQUIP & SUPP WHSLE,Wholesale Trade,Core,"1817 MORENA BLVD A , SAN DIEGO, CA 92110-3651","6677 Aviation Dr, San Diego, California, 92114",100.0,-117.05369199489,32.703820440315
2006011033,DORCO AMERICA INC,CORP,3914 MURPHY CANYON RD A134 ,SAN DIEGO,CA,92123-4466,421,"WHOLESALE TRADE, DURABLE GOODS",Wholesale Trade,Core,"3914 MURPHY CANYON RD A134 , SAN DIEGO, CA 92123-4466","3914 Murphy Canyon Rd, Suite A 134, San Diego, California, 92123",100.0,-117.116651151849,32.81577743721
2024011602,DORIAN TRUCKING,LLC,6677 AVIATION DR ,SAN DIEGO,CA,92114-5802,484,TRUCK TRANSPORTATION,Transportation and Warehousing,Core,"6677 AVIATION DR , SAN DIEGO, CA 92114-5802","4210 Highland Ave, San Diego, California, 92115",100.0,-117.098720668395,32.753484767281
2008005510,DOUG WHITING & JAMESINA WHITING,H-W,4210 HIGHLAND AVE ,SAN DIEGO,CA,92115-4824,492,COURIERS & MESSENGERS,Transportation and Warehousing,Core,"4210 HIGHLAND AVE , SAN DIEGO, CA 92115-4824","7660 Fay Ave, Suite H, La Jolla, California, 92037",98.81,-117.274665114132,32.842939706912
2025022039,DOVER FOXCROFT,H-W,7660 FAY AVE H801 ,LA JOLLA,CA,92037-0021,42199,OTHER MISCELLANEOUS DURABLE GOODS WHSLE,Wholesale Trade,Core,"7660 FAY AVE H801 , LA JOLLA, CA 92037-0021","7985 Engineer Rd, San Diego, California, 92111",96.88,-117.151828155458,32.825773653027
2025008713,DOVIE KATE,LLC,1950 CAMINO DE LA REINA 106 ,SAN DIEGO,CA,92108-5512,31599,APPAREL ACCESSORIES & OTHER APPAREL MFG,Manufacturing,Core,"1950 CAMINO DE LA REINA 106 , SAN DIEGO, CA 92108-5512","1950 Camino de la Reina, Unit 106, San Diego, California, 92108",100.0,-117.14378404298,32.771076496118
1999008642,DOWNTOWN DIGITAL INC,CORP,2643 04TH AVE ,SAN DIEGO,CA,92103-6514,323,PRINTING & RELATED SUPPORT ACTIVITIES,Manufacturing,Core,"2643 04TH AVE , SAN DIEGO, CA 92103-6514","3446 Cromwell Pl, San Diego, California, 92116",100.0,-117.118688373416,32.774028853874
2021006923,DOZAS TRUCKING SERVICES,CORP,32346 RINCON RANCHO RD ,PAUMA VALLEY,CA,92061-9607,484,TRUCK TRANSPORTATION,Transportation and Warehousing,Core,"32346 RINCON RANCHO RD , PAUMA VALLEY, CA 92061-9607","32346 Rincon Rancho Rd, Pauma Valley, California, 92061",100.0,-116.944063490696,33.30233258349
2008026141,DR CAR,CORP,6040 MISSION GORGE RD ,SAN DIEGO,CA,92120-4008,42111,AUTOMOBILE & OTHER MOTOR VEHICLE WHSLE,Wholesale Trade,Core,"6040 MISSION GORGE RD , SAN DIEGO, CA 92120-4008","92103-6514, San Diego, California",86.5,-117.16118596362,32.733020015402
1995004066,DR RITER'S HEALTH SYSTEMS,SOLE,3446 CROMWELL PL ,SAN DIEGO,CA,92116-1927,421,"WHOLESALE TRADE, DURABLE GOODS",Wholesale Trade,Core,"3446 CROMWELL PL , SAN DIEGO, CA 92116-1927","6040 Mission Gorge Rd, San Diego, California, 92120",100.0,-117.09800694934,32.783762716122
2014017537,DRAGON TRADE,CORP,614 05TH AVE D ,SAN DIEGO,CA,92101-6964,4229,MISCELLANEOUS NONDURABLE GOODS WHSLE,Wholesale Trade,Core,"614 05TH AVE D , SAN DIEGO, CA 92101-6964","11306 Red Cedar Ln, San Diego, California, 92131",100.0,-117.088126529515,32.907293905927
1976024678,DRAPERIES BY PICAZO INC,CORP,11306 RED CEDAR LN ,SAN DIEGO,CA,92131-1927,337,FURNITURE & RELATED PRODUCT MFG,Manufacturing,Core,"11306 RED CEDAR LN , SAN DIEGO, CA 92131-1927","4060 Morena Blvd, Suite A, San Diego, California, 92117",100.0,-117.218016692073,32.814323302738
2015013910,DRC SAN DIEGO LLC,LLC,4060 MORENA BLVD A ,SAN DIEGO,CA,92117-5256,42122,HOME FURNISHING WHSLE,Wholesale Trade,Core,"4060 MORENA BLVD A , SAN DIEGO, CA 92117-5256","2112 Emerald St, San Diego, California, 92109",100.0,-117.231922017984,32.803773210758
2024008843,DREAM FACTORY INDUSTRIES,SOLE,2112 EMERALD ST ,SAN DIEGO,CA,92109-3620,3112,GRAIN & OILSEED MILLING,Manufacturing,Core,"2112 EMERALD ST , SAN DIEGO, CA 92109-3620","2775 Montego Cv, Del Mar, California, 92014",100.0,-117.245029721989,32.946264810369
2025020083,DREAMSTYLES MILLWORKS AND DOORS,SOLE,3065 BEYER BLVD B103 ,SAN DIEGO,CA,92154-3499,3219,OTHER WOOD PRODUCT MFG,Manufacturing,Core,"3065 BEYER BLVD B103 , SAN DIEGO, CA 92154-3499","4874 Noyes St, San Diego, California, 92109",100.0,-117.232752748408,32.807824058834
1993005497,DREAMWORKS GLASS,SOLE,4874 NOYES ST ,SAN DIEGO,CA,92109-3653,339999,ALL OTHER MISCELLANEOUS MFG,Manufacturing,Core,"4874 NOYES ST , SAN DIEGO, CA 92109-3653","13006 Lumen Way, San Diego, California, 92130",100.0,-117.188463694038,32.963807924168
2002004376,DRIP IRRIGATION SYSTEMS,LLC,2775 MONTEGO CV ,DEL MAR,CA,92014-3506,339999,ALL OTHER MISCELLANEOUS MFG,Manufacturing,Core,"2775 MONTEGO CV , DEL MAR, CA 92014-3506","3065 Beyer Blvd, Suite 103, San Diego, California, 92154",98.94,-117.065326998506,32.572089737548
1975018142,DRISCOLL INC,CORP,2500 SHELTER ISLAND DR ,SAN DIEGO,CA,92106-3114,3361,MOTOR VEHICLE MFG,Manufacturing,Core,"2500 SHELTER ISLAND DR , SAN DIEGO, CA 92106-3114","11410 Ann Arbor Ln, San Diego, California, 92131",100.0,-117.091564199464,32.926303475595
2020012306,DRIVEEASE LLC,LLC,13006 LUMEN WAY ,SAN DIEGO,CA,92130-2983,492,COURIERS & MESSENGERS,Transportation and Warehousing,Core,"13006 LUMEN WAY , SAN DIEGO, CA 92130-2983","2500 Shelter Island Dr, San Diego, California, 92106",100.0,-117.227879174626,32.720715255812
2025019461,DRONA ACHARYA ,SOLE,11410 ANN ARBOR LN ,SAN DIEGO,CA,92131-3670,4922,LOCAL MESSENGERS & LOCAL DELIVERY,Transportation and Warehousing,Core,"11410 ANN ARBOR LN , SAN DIEGO, CA 92131-3670","614 D Ave, Coronado, California, 92118",90.51,-117.177686529283,32.692262002138
2021000912,DRUNK CONFECTIONS,SOLE,1357 ROSECRANS ST H ,SAN DIEGO,CA,92106-4606,3118,BAKERIES & TORTILLA MFG,Manufacturing,Core,"1357 ROSECRANS ST H , SAN DIEGO, CA 92106-4606","1357 Rosecrans St, Apartment H, San Diego, California, 92106",100.0,-117.229065968296,32.72464993071
2014003333,DSP DELIVERY SERVICE INC,CORP,4067 DAVES WAY ,SAN DIEGO,CA,92154-2525,492,COURIERS & MESSENGERS,Transportation and Warehousing,Core,"4067 DAVES WAY , SAN DIEGO, CA 92154-2525","4067 Daves Way, San Diego, California, 92154",100.0,-117.046844650547,32.580167629095
1991002509,DSV AIR & SEA INC,CORP,1425 CORPORATE CENTER DR 900 ,SAN DIEGO,CA,92154-6637,488999,ALL OTHER TRANSPORTATION SUPPORT ACTIVITIES,Transportation and Warehousing,Core,"1425 CORPORATE CENTER DR 900 , SAN DIEGO, CA 92154-6637","5332 Wild Blossom Ter, San Diego, California, 92121",100.0,-117.200161561929,32.910793182864
2006008695,DT WHOLESALE FURNITURE,SOLE,5332 WILD BLOSSOM TER ,SAN DIEGO,CA,92121-4223,42121,FURNITURE WHSLE,Wholesale Trade,Core,"5332 WILD BLOSSOM TER , SAN DIEGO, CA 92121-4223","1425 Corporate Center Dr, Suite 900, San Diego, California, 92154",100.0,-117.002856003588,32.572888868196
2017009139,DTECH PRECISION,SOLE,6334 THORN ST ,SAN DIEGO,CA,92115-6907,333,MACHINERY MFG,Manufacturing,Core,"6334 THORN ST , SAN DIEGO, CA 92115-6907","6334 Thorn St, San Diego, California, 92115",100.0,-117.060050841915,32.742259177725
2005015426,DUDS BY DUDES,LLC,7855 OSTROW ST A ,SAN DIEGO,CA,92111-3634,32312,PRINTING SUPPORT ACTIVITIES,Manufacturing,Core,"7855 OSTROW ST A , SAN DIEGO, CA 92111-3634","14945 Del Diablo Ln, San Diego, California, 92129",100.0,-117.08996736309,32.986410899547
2024007580,DUGMORE & DUNCAN INC,SCORP,11870 COMMUNITY RD 235 ,POWAY,CA,92064-8878,42171,HARDWARE WHSLE,Wholesale Trade,Core,"11870 COMMUNITY RD 235 , POWAY, CA 92064-8878","11870 Community Rd, Suite 235, Poway, California, 92064",100.0,-117.049620401603,32.933819360535
2007002361,DUNAWAY INDUSTRIES INC,SCORP,14945 DEL DIABLO LN ,SAN DIEGO,CA,92129-1522,42299,OTHER MISCELLANEOUS NONDURABLE GOODS WHSLE,Wholesale Trade,Core,"14945 DEL DIABLO LN , SAN DIEGO, CA 92129-1522","7855 Ostrow St, Suite A, San Diego, California, 92111",100.0,-117.155926235558,32.814280890307
2022011175,DURA ART STONE CONSTRUCTION CO INC,SCORP,1244 GREENBROOK DR ,DANVILLE,CA,94526-5016,32732,READY-MIX CONCRETE MFG,Manufacturing,Core,"1244 GREENBROOK DR , DANVILLE, CA 94526-5016","4380 Ayers Ave, Vernon, California, 90058",100.0,-118.18414988843,33.999269937165
2013054067,DURAN FREIGHT CORPORATION,CORP,7295 SIEMPRE VIVA RD ,SAN DIEGO,CA,92154-7412,48423,"SPECIALIZED FRGT (EXC USED) TRUCKING, LDIST",Transportation and Warehousing,Core,"7295 SIEMPRE VIVA RD , SAN DIEGO, CA 92154-7412","1244 Greenbrook Dr, Danville, California, 94526",100.0,-121.975596333843,37.804218077941
2001004763,DURAY/J F DUNCAN INDUSTRIES INC,CORP,4380 AYERS AVE ,VERNON,CA,90058-4306,332999,ALL OTHER MISC FABRICATED METAL PRODUCT MFG,Manufacturing,Core,"4380 AYERS AVE , VERNON, CA 90058-4306","11303 Breckenridge Way, San Diego, California, 92131",100.0,-117.105676977479,32.921129913498
2014024591,DURKIN IMPACT FOUNDATION,CORP,11303 BRECKENRIDGE WAY ,SAN DIEGO,CA,92131-2953,33699,OTHER TRANSPORTATION EQUIPMENT MFG,Manufacturing,Core,"11303 BRECKENRIDGE WAY , SAN DIEGO, CA 92131-2953","7295 Siempre Viva Rd, San Diego, California, 92154",100.0,-116.983925391447,32.553410708231
2025000005,DURTYBURN,SOLE,9 SIERRA WAY ,CHULA VISTA,CA,91911-1417,3119,OTHER FOOD MFG,Manufacturing,Core,"9 SIERRA WAY , CHULA VISTA, CA 91911-1417","9 Sierra Way, Chula Vista, California, 91911",100.0,-117.060707899304,32.625648380549
2017009955,DYE PRECISION CNC INC,CORP,10637 SCRIPPS SUMMIT CT ,SAN DIEGO,CA,92131-3961,3399,OTHER MISCELLANEOUS MFG,Manufacturing,Core,"10637 SCRIPPS SUMMIT CT , SAN DIEGO, CA 92131-3961","10637 Scripps Summit Ct, San Diego, California, 92131",100.0,-117.098134521906,32.940872732057
1994009731,DYE PRECISION INC,CORP,10637 SCRIPPS SUMMIT CT ,SAN DIEGO,CA,92131-3961,421,"WHOLESALE TRADE, DURABLE GOODS",Wholesale Trade,Core,"10637 SCRIPPS SUMMIT CT , SAN DIEGO, CA 92131-3961","6779 Beadnell Way, Apartment 114, San Diego, California, 92117",100.0,-117.168759096958,32.8209359957
2025007981,DYLAN P KORN,SOLE,6779 BEADNELL WAY 114 ,SAN DIEGO,CA,92117-5158,48421,USED HOUSEHOLD & OFFICE GOODS MOVING,Transportation and Warehousing,Core,"6779 BEADNELL WAY 114 , SAN DIEGO, CA 92117-5158","10637 Scripps Summit Ct, San Diego, California, 92131",100.0,-117.098134521906,32.940872732057
2023007305,DYNAMIC DISTRIBUTORS LLC,LLC,10303 FAIRHILL DR ,SPRING VALLEY,CA,91977-5409,4229,MISCELLANEOUS NONDURABLE GOODS WHSLE,Wholesale Trade,Core,"10303 FAIRHILL DR , SPRING VALLEY, CA 91977-5409","9586 Distribution Ave, San Diego, California, 92121",100.0,-117.163180353662,32.882119236925
2006007077,E & A  AUTO TRANSPORT,PARTNR,3861 MAIN ST B ,CHULA VISTA,CA,91911,4889,OTHER TRANSPORTATION SUPPORT ACTIVITIES,Transportation and Warehousing,Core,"3861 MAIN ST B , CHULA VISTA, CA 91911","9750 Via de la Amistad, Suite 16, San Diego, California, 92154",100.0,-116.935039952833,32.552895849828
2017006114,E & R TRANSPORT LLC,LLC,9750 VIA DE LA AMISTAD 16 ,SAN DIEGO,CA,92154-7935,48411,"GENERAL FREIGHT TRUCKING, LOCAL",Transportation and Warehousing,Core,"9750 VIA DE LA AMISTAD 16 , SAN DIEGO, CA 92154-7935","10303 Fairhill Dr, Spring Valley, California, 91977",100.0,-116.976807395451,32.716610009184
1976024568,E B BRADLEY CO,CORP,9586 DISTRIBUTION AVE ,SAN DIEGO,CA,92121-2312,4217,"HARDWARE, & PLUMB & HEATING EQUIP & SUP WHSLE",Wholesale Trade,Core,"9586 DISTRIBUTION AVE , SAN DIEGO, CA 92121-2312","1217 Hanson Ln, Ramona, California, 92065",100.0,-116.864625009179,33.025749476173
2001012694,E SEEK INC,CORP,9471 RIDGEHAVEN CT ,SAN DIEGO,CA,92123-4357,4216,ELECTRICAL GOODS WHSLE,Wholesale Trade,Core,"9471 RIDGEHAVEN CT , SAN DIEGO, CA 92123-4357","3861 Main St, Chula Vista, California, 91911",99.64,-117.050009383804,32.594641404649
2018009286,E&M EXPORTS GROUP LLC,LLC,1217 HANSON LN ,RAMONA,CA,92065-3444,42183,INDUSTRIAL MACHINERY & EQUIPMENT WHSLE,Wholesale Trade,Core,"1217 HANSON LN , RAMONA, CA 92065-3444","30151 Via Amante, Menifee, California, 92584",100.0,-117.159640340675,33.683630220445
2001001926,E-Z FLOW FOAM SYSTEMS INC,CORP,8340 CAMINO SANTA FE F ,SAN DIEGO,CA,92121-2665,333518,OTHER METALWORKING MACHINERY MFG,Manufacturing,Core,"8340 CAMINO SANTA FE F , SAN DIEGO, CA 92121-2665","8340 Camino Santa Fe, Suite F, San Diego, California, 92121",100.0,-117.172409415791,32.880150285959
2026004263,E-Z MOVING CORP,SCORP,30151 VIA AMANTE ,MENIFEE,CA,92584-8119,48421,USED HOUSEHOLD & OFFICE GOODS MOVING,Transportation and Warehousing,Core,"30151 VIA AMANTE , MENIFEE, CA 92584-8119","9471 Ridgehaven Ct, San Diego, California, 92123",100.0,-117.124695180508,32.820564928847
2021006301,EAGLE PRINT DYNAMICS,SOLE,3914 MURPHY CANYON RD A124 ,SAN DIEGO,CA,92123-4414,32311,PRINTING,Manufacturing,Core,"3914 MURPHY CANYON RD A124 , SAN DIEGO, CA 92123-4414","6960 Camino Maquiladora, San Diego, California, 92154",100.0,-116.990074439435,32.566893250946
1989006100,EAGLE SCIENTIFIC PRODUCTS INC,CORP,6960 CAMINO MAQUILADORA ,SAN DIEGO,CA,92154-7516,421,"WHOLESALE TRADE, DURABLE GOODS",Wholesale Trade,Core,"6960 CAMINO MAQUILADORA , SAN DIEGO, CA 92154-7516","1094 Cudahy Pl, Suite 108, San Diego, California, 92110",100.0,-117.201158673131,32.767689955778
2024011135,EARTH AND TAIL,SOLE,9648 PROSPECT AVE ,LAKESIDE,CA,92040-4112,311111,DOG & CAT FOOD MFG,Manufacturing,Core,"9648 PROSPECT AVE , LAKESIDE, CA 92040-4112","3914 Murphy Canyon Rd, Suite A 124, San Diego, California, 92123",100.0,-117.116651151849,32.81577743721
2012092700,EAST & WEST ALUM CRAFT LTD,CORP,1094 CUDAHY PL 108 ,SAN DIEGO,CA,92110-3932,33131,ALUMINA & ALUMINUM PRODUCTION & PROCESSING,Manufacturing,Core,"1094 CUDAHY PL 108 , SAN DIEGO, CA 92110-3932","9648 Prospect Ave, Lakeside, California, 92040",100.0,-116.926023120492,32.854034245412
2013027432,EAST COUNTY SIGN WORKS INC,CORP,8011 MISSION GORGE RD I ,SANTEE,CA,92071-3466,3399,OTHER MISCELLANEOUS MFG,Manufacturing,Core,"8011 MISSION GORGE RD I , SANTEE, CA 92071-3466","8011 Mission Gorge Rd, Suite I, Santee, California, 92071",100.0,-117.021905219658,32.83648362981
2014028188,EAST MOUNTAIN DUMPLINGS INC,CORP,8535 ARJONS DR W ,SAN DIEGO,CA,92126-4360,311991,PERISHABLE PREPARED FOOD MFG,Manufacturing,Core,"8535 ARJONS DR W , SAN DIEGO, CA 92126-4360","8365 Saint Andrews Ave, San Diego, California, 92154",100.0,-116.964457834589,32.565895804468
2015005820,EAST PENN MANUFACTURING CO,CORP,102 DEKA RD ,LYON STATION,PA,19536-5001,335912,PRIMARY BATTERY MFG,Manufacturing,Core,"102 DEKA RD , LYON STATION, PA 19536-5001","7677 Ronson Rd, Suite 106, San Diego, California, 92111",100.0,-117.154815633388,32.829015773176
1985012311,EAST WEST TRAVEL AND TOUR OF SAN DIEGO,CORP,7677 RONSON RD 106 ,SAN DIEGO,CA,92111-1537,488999,ALL OTHER TRANSPORTATION SUPPORT ACTIVITIES,Transportation and Warehousing,Core,"7677 RONSON RD 106 , SAN DIEGO, CA 92111-1537","102 Deka Rd, Fleetwood, Pennsylvania, 19522",97.13,-75.766506612192,40.472816475887
2025019555,EC CAR PASS,SOLE,8365 SAINT ANDREWS AVE ,SAN DIEGO,CA,92154-8214,42111,AUTOMOBILE & OTHER MOTOR VEHICLE WHSLE,Wholesale Trade,Core,"8365 SAINT ANDREWS AVE , SAN DIEGO, CA 92154-8214","7003 Benson Ave, San Diego, California, 92114",100.0,-117.046172338094,32.70459911912
2026004156,ECO BAG EXPRESS,SOLE,9697 OVIEDO ST ,SAN DIEGO,CA,92129-3829,42213,INDUSTRIAL & PERSONAL SERVICE PAPER WHSLE,Wholesale Trade,Core,"9697 OVIEDO ST , SAN DIEGO, CA 92129-3829","8535 Arjons Dr, San Diego, California, 92126",98.87,-117.140126096615,32.894532123066
2024006005,ECO CONCRETE PUMPING,SOLE,7003 BENSON AVE ,SAN DIEGO,CA,92114-5908,33391,PUMP & COMPRESSOR MFG,Manufacturing,Core,"7003 BENSON AVE , SAN DIEGO, CA 92114-5908","9697 Oviedo St, San Diego, California, 92129",100.0,-117.117725460379,32.973139832249
2005007517,ECO PAN,CORP,590 N MAIN  ST ,RIVERSIDE,CA,92501,48899,OTHER TRANSPORTATION SUPPORT ACTIVITIES,Transportation and Warehousing,Core,"590 N MAIN  ST , RIVERSIDE, CA 92501","1 Ecolab Pl, Saint Paul, Minnesota, 55102",100.0,-93.097370924939,44.946361414598
1974012066,ECOLAB INC,CORP,1 ECOLAB PL ,SAINT PAUL,MN,55102-2739,4226,CHEMICAL & ALLIED PRODUCTS WHSLE,Wholesale Trade,Core,"1 ECOLAB PL , SAINT PAUL, MN 55102-2739","4928 Harbinson Ave, San Diego, California, 92115",100.0,-117.041392725446,32.76834596543
2019025720,ECOLOGY CASH FOR CARS,SOLE,4928 HARBINSON AVE ,SAN DIEGO,CA,92115-1837,42111,AUTOMOBILE & OTHER MOTOR VEHICLE WHSLE,Wholesale Trade,Core,"4928 HARBINSON AVE , SAN DIEGO, CA 92115-1837","9340 Hazard Way, Suite B 2, San Diego, California, 92123",100.0,-117.128007289547,32.835696988197
2016008422,ECR4KIDS LP,LP,5630 KEARNY MESA RD B ,SAN DIEGO,CA,92111-1323,42299,OTHER MISCELLANEOUS NONDURABLE GOODS WHSLE,Wholesale Trade,Core,"5630 KEARNY MESA RD B , SAN DIEGO, CA 92111-1323","5630 Kearny Mesa Rd, Suite B, San Diego, California, 92111",100.0,-117.137940180087,32.836718616466
1974004636,ECTRON CORPORATION,CORP,9340 HAZARD WAY B2 ,SAN DIEGO,CA,92123-1228,334,COMPUTER & ELECTRONIC PRODUCT MFG,Manufacturing,Core,"9340 HAZARD WAY B2 , SAN DIEGO, CA 92123-1228","590 Main St, Riverside, California, 92501",98.87,-117.362861846277,34.01511919406
2025006351,EDAN DIAGNOSTICS INCORPORATED,CORP,5995 PACIFIC CENTER BLVD 105 ,SAN DIEGO,CA,92121-6309,33911,MEDICAL EQUIPMENT & SUPPLIES MFG,Manufacturing,Core,"5995 PACIFIC CENTER BLVD 105 , SAN DIEGO, CA 92121-6309","5995 Pacific Center Blvd, Suite 105, San Diego, California, 92121",100.0,-117.188191198366,32.904623599214
2025010137,EDCH,SOLE,10351 DEL RIO RD ,SPRING VALLEY,CA,91978-1008,4841,GENERAL FREIGHT TRUCKING,Transportation and Warehousing,Core,"10351 DEL RIO RD , SPRING VALLEY, CA 91978-1008","3337 Myrtle Ave, San Diego, California, 92104",100.0,-117.121982629002,32.741943850527
1998013537,EDCO WASTE & RECYCLING SERVICES INC,CORP,224 S LAS POSAS RD ,SAN MARCOS,CA,92069,488999,ALL OTHER TRANSPORTATION SUPPORT ACTIVITIES,Transportation and Warehousing,Core,"224 S LAS POSAS RD , SAN MARCOS, CA 92069","11639 Duenda Rd, San Diego, California, 92127",100.0,-117.079749990757,33.033338954222
2015007305,EDCRAFTED,SOLE,3337 MYRTLE AVE ,SAN DIEGO,CA,92104-4338,32199,ALL OTHER WOOD PRODUCT MFG,Manufacturing,Core,"3337 MYRTLE AVE , SAN DIEGO, CA 92104-4338","224 S Las Posas Rd, San Marcos, California, 92078",99.52,-117.192639474381,33.141171132746
2004011807,EDDIE'S TRANSPORTATION,SOLE,8955 PASEO DE LA FUENTE NORTE ,SAN DIEGO,CA,92154-6285,48411,"GENERAL FREIGHT TRUCKING, LOCAL",Transportation and Warehousing,Core,"8955 PASEO DE LA FUENTE NORTE , SAN DIEGO, CA 92154-6285","10351 Del Rio Rd, Spring Valley, California, 91978",100.0,-116.969787216266,32.742949720818
2006006040,EDELWEISS BAKERY,CORP,11639 DUENDA RD ,SAN DIEGO,CA,92127-1110,311811,RETAIL BAKERIES,Manufacturing,Core,"11639 DUENDA RD , SAN DIEGO, CA 92127-1110","180 Mace St, Chula Vista, California, 91911",100.0,-117.053732730939,32.592161545806
1998007656,EDGAR JASSO DENTAL LAB,SOLE,180 MACE ST ,CHULA VISTA,CA,91911-5871,339116,DENTAL LABORATORIES,Manufacturing,Core,"180 MACE ST , CHULA VISTA, CA 91911-5871","8955 Paseo de la Fuente, San Diego, California, 92154",98.84,-116.951105127554,32.55470839448
2022014357,EDGARS CONCRETE PUMPING,SOLE,621 WORTHINGTON ST ,SPRING VALLEY,CA,91977-5519,32732,READY-MIX CONCRETE MFG,Manufacturing,Core,"621 WORTHINGTON ST , SPRING VALLEY, CA 91977-5519","1523 Mesa Brook St, San Diego, California, 92114",100.0,-117.048340652626,32.692921200159
2025019098,EDWARD HENR M GUECO & HANIKA L GUECO,H-W,1523 MESA BROOK ST ,SAN DIEGO,CA,92114-7876,49221,LOCAL MESSENGERS & LOCAL DELIVERY,Transportation and Warehousing,Core,"1523 MESA BROOK ST , SAN DIEGO, CA 92114-7876","9505 Poole St, La Jolla, California, 92037",100.0,-117.244479366226,32.872546516765
1985008774,EEY SCIENTIFIC,SOLE,9505 POOLE ST ,LA JOLLA,CA,92037-1145,336,TRANSPORTATION EQUIPMENT MFG,Manufacturing,Core,"9505 POOLE ST , LA JOLLA, CA 92037-1145","621 Worthington St, Spring Valley, California, 91977",100.0,-117.019092001495,32.704880876795
2013047984,EFFECTIVE FINISHING INC,CORP,2098 HARVEST RD E-28 ,SAN DIEGO,CA,92154-7609,42139,OTHER CONSTRUCTION MATERIAL WHSLE,Wholesale Trade,Core,"2098 HARVEST RD E-28 , SAN DIEGO, CA 92154-7609","3538 Adams Ave, San Diego, California, 92116",100.0,-117.116444370298,32.763349471038
2025015675,EFRAIN PEDROZA ,SOLE,3103 MAGELLAN ST ,SAN DIEGO,CA,92154-1515,3118,BAKERIES & TORTILLA MFG,Manufacturing,Core,"3103 MAGELLAN ST , SAN DIEGO, CA 92154-1515","3103 Magellan St, San Diego, California, 92154",100.0,-117.065513328214,32.583283517781
2011029785,EGO ID MEDIA,SOLE,3538 ADAMS AVE ,SAN DIEGO,CA,92116-2401,3231,PRINTING & RELATED SUPPORT ACTIVITIES,Manufacturing,Core,"3538 ADAMS AVE , SAN DIEGO, CA 92116-2401","120 N Pacific St, Suite D 7, San Marcos, California, 92069",100.0,-117.194272101482,33.14799492394
2017016270,EHI,SCORP,120 N PACIFIC ST D7 ,SAN MARCOS,CA,92069-1262,327991,CUT STONE & STONE PRODUCT MFG,Manufacturing,Core,"120 N PACIFIC ST D7 , SAN MARCOS, CA 92069-1262","4892 Tarragon Dr, Oceanside, California, 92057",100.0,-117.29396561966,33.248125013545
1991007412,EHMCKE SHEET METAL CORP,CORP,840 W 19TH ST ,NATIONAL CITY,CA,91950-5406,332999,ALL OTHER MISC FABRICATED METAL PRODUCT MFG,Manufacturing,Core,"840 W 19TH ST , NATIONAL CITY, CA 91950-5406","2098 Harvest Rd, San Diego, California, 92154",96.61,-116.945038557493,32.559199418202
2025017081,EL CACHANILLA TRUCK INC,SCORP,4892 TARRAGON DR ,OCEANSIDE,CA,92057-5426,48411,"GENERAL FREIGHT TRUCKING, LOCAL",Transportation and Warehousing,Core,"4892 TARRAGON DR , OCEANSIDE, CA 92057-5426","2911 El Cajon Blvd, Suite 2, San Diego, California, 92104",100.0,-117.131031983127,32.755218396315
2022006520,EL CID BREWING COMPANY LLC,LLC,2911 EL CAJON BLVD 2 ,SAN DIEGO,CA,92104-1204,3121,BEVERAGE MFG,Manufacturing,Core,"2911 EL CAJON BLVD 2 , SAN DIEGO, CA 92104-1204","1852 National Ave, San Diego, California, 92113",100.0,-117.145642478552,32.701436585142
2021011013,EL FARO SEAFOOD LLC,LLC,1852 NATIONAL AVE ,SAN DIEGO,CA,92113-2114,42246,FISH & SEAFOOD WHSLE,Wholesale Trade,Core,"1852 NATIONAL AVE , SAN DIEGO, CA 92113-2114","2545 Britannia Blvd, San Diego, California, 92154",100.0,-116.979817588338,32.552096341994
2026000015,EL POTOSINO LLC,LLC,3849 DELTA ST ,SAN DIEGO,CA,92113-4203,311,FOOD MFG,Manufacturing,Core,"3849 DELTA ST , SAN DIEGO, CA 92113-4203","840 W 19th St, National City, California, 91950",100.0,-117.112189967703,32.663832769107
2018022110,EL SUPER LEON PONCHIN SNAKCS INC,CORP,2545 BRITANNIA BLVD ,SAN DIEGO,CA,92154-7427,42249,OTHER GROCERY & RELATED PRODUCTS WHSLE,Wholesale Trade,Core,"2545 BRITANNIA BLVD , SAN DIEGO, CA 92154-7427","3849 Delta St, San Diego, California, 92113",100.0,-117.110993367206,32.688706737332
1977025002,ELECTRONIC METAL FABRICATION,CORP,8505 RED WOOD CREEK LN ,SAN DIEGO,CA,92126,3314,NONFERROUS (EXC ALUM) PRODUCTION & PROCESSING,Manufacturing,Core,"8505 RED WOOD CREEK LN , SAN DIEGO, CA 92126","4879 Ronson Ct, Suite C, San Diego, California, 92111",100.0,-117.14567986184,32.831192804887
1998000385,ELECTRONIC PRINTING SOLUTIONS LLC,CORP,4879 RONSON CT C ,SAN DIEGO,CA,92111-1811,32311,PRINTING,Manufacturing,Core,"4879 RONSON CT C , SAN DIEGO, CA 92111-1811","8505 Redwood Creek Ln, San Diego, California, 92126",100.0,-117.143961320233,32.89787671198
2026004994,ELEGANT LIGHTINGS,LLC,9560 PATHWAY ST 6 ,SANTEE,CA,92071-4181,4216,ELECTRICAL GOODS WHSLE,Wholesale Trade,Core,"9560 PATHWAY ST 6 , SANTEE, CA 92071-4181","4747 Viewridge Ave, Suite 105, San Diego, California, 92123",100.0,-117.120981662125,32.824610873509
2009000763,ELEMATEC USA CORPORATION,CORP,4747 VIEWRIDGE AVE 105 ,SAN DIEGO,CA,92123-1688,42299,OTHER MISCELLANEOUS NONDURABLE GOODS WHSLE,Wholesale Trade,Core,"4747 VIEWRIDGE AVE 105 , SAN DIEGO, CA 92123-1688","15850 Dallas Pkwy, Dallas, Texas, 75248",99.14,-96.821065022061,32.964547459485
2026003106,ELEMENT COMMERCIAL STEEL DOORS,CORP,8400 MIRAMAR RD 226A ,SAN DIEGO,CA,92126-6330,42122,HOME FURNISHING WHSLE,Wholesale Trade,Core,"8400 MIRAMAR RD 226A , SAN DIEGO, CA 92126-6330","9560 Pathway St, Suite 6, Santee, California, 92071",100.0,-116.987863880111,32.831916079312
2026000393,ELEMETAL DIRECT USA LLC,LLC,15850 DALLAS PKWY 140 ,DALLAS,TX,75248-3308,421,"WHOLESALE TRADE, DURABLE GOODS",Wholesale Trade,Core,"15850 DALLAS PKWY 140 , DALLAS, TX 75248-3308","8400 Miramar Rd, San Diego, California, 92126",98.89,-117.139753269562,32.891588650128
2012027833,ELEVATE SEMICONDUCTOR INC,CORP,9765 CLAIREMONT MESA BLVD B ,SAN DIEGO,CA,92124-1334,42169,OTHER ELECTRONIC PARTS & EQUIPMENT WHSLE,Wholesale Trade,Core,"9765 CLAIREMONT MESA BLVD B , SAN DIEGO, CA 92124-1334","9765 Clairemont Mesa Blvd, Suite B, San Diego, California, 92124",100.0,-117.116948793231,32.833709219858
2023005137,ELEVATED STORAGE INC,SCORP,1925 KATIE CT ,FALLBROOK,CA,92028-8117,4214,PROFESSIONAL & COMMERCIAL EQUIP & SUPP WHSLE,Wholesale Trade,Core,"1925 KATIE CT , FALLBROOK, CA 92028-8117","1925 Katie Ct, Fallbrook, California, 92028",100.0,-117.212658811925,33.322504597401
2025009617,ELEVATOR SHELF INC,CORP,3436 VILLANOVA AVE ,SAN DIEGO,CA,92122-2311,3399,OTHER MISCELLANEOUS MFG,Manufacturing,Core,"3436 VILLANOVA AVE , SAN DIEGO, CA 92122-2311","3436 Villanova Ave, San Diego, California, 92122",100.0,-117.211910391791,32.855810161147
1974012884,ELF PRODUCTS BY DEBBIE,SOLE,660 S MOLLISON AVE 19 ,EL CAJON,CA,92020-6651,323,PRINTING & RELATED SUPPORT ACTIVITIES,Manufacturing,Core,"660 S MOLLISON AVE 19 , EL CAJON, CA 92020-6651","660 S Mollison Ave, Apartment 19, El Cajon, California, 92020",100.0,-116.95100161105,32.788470537769
2025008803,ELITE DEALER TRANSPORT LLC,LLC,5751 COPLEY DR C ,SAN DIEGO,CA,92111-7912,48841,MOTOR VEHICLE TOWING,Transportation and Warehousing,Core,"5751 COPLEY DR C , SAN DIEGO, CA 92111-7912","11561 Vernette Ct, El Cajon, California, 92020",100.0,-116.947459754044,32.765104515834
2021012380,ELITE IRON FABRICATION INC,SCORP,11561 VERNETTE CT ,EL CAJON,CA,92020-8348,332,FABRICATED METAL PRODUCT MFG,Manufacturing,Core,"11561 VERNETTE CT , EL CAJON, CA 92020-8348","5751 Copley Dr, Suite C, San Diego, California, 92111",100.0,-117.169140222095,32.840740672704
1999010286,ELITE LAMP TECHNOLOGIES/ELITE NEON CO,SCORP,9364 JAMACHA RD J ,SPRING VALLEY,CA,91977-4204,339999,ALL OTHER MISCELLANEOUS MFG,Manufacturing,Core,"9364 JAMACHA RD J , SPRING VALLEY, CA 91977-4204","11403 W Bernardo Ct, San Diego, California, 92127",99.21,-117.084151495753,33.021693515136
2024008717,ELITE PRO SERVICES INC,CORP,11403 W BERNARDO CT 206 ,SAN DIEGO,CA,92127-1639,484,TRUCK TRANSPORTATION,Transportation and Warehousing,Core,"11403 W BERNARDO CT 206 , SAN DIEGO, CA 92127-1639","2350 Orchard View Ln, Escondido, California, 92027",100.0,-117.007500499956,33.119178359918
2018020041,ELITE RELOCATION SERVICES,LLC,2350 ORCHARD VIEW LN ,ESCONDIDO,CA,92027-6735,4841,GENERAL FREIGHT TRUCKING,Transportation and Warehousing,Core,"2350 ORCHARD VIEW LN , ESCONDIDO, CA 92027-6735","9364 Jamacha Rd, Spring Valley, California, 91977",99.73,-116.998135064262,32.714923109261
2025015780,ELIZABETH STROHECKER & KATHERINE N VAN SICKLE,H-W,4875 FELTON ST ,SAN DIEGO,CA,92116-1831,337,FURNITURE & RELATED PRODUCT MFG,Manufacturing,Core,"4875 FELTON ST , SAN DIEGO, CA 92116-1831","4875 Felton St, San Diego, California, 92116",100.0,-117.12167375587,32.766846862047
2017008422,ELLE NAZ JEWELRY,SOLE,645 FRONT ST 1106 ,SAN DIEGO,CA,92101-7085,42194,JEWELRY/WATCH/PRECIOUS STONE & METAL WHSLE,Wholesale Trade,Core,"645 FRONT ST 1106 , SAN DIEGO, CA 92101-7085","5373 Via Carancho, San Diego, California, 92111",100.0,-117.187943596946,32.803219334596
2004010190,ELLEN E FAGER,SOLE,5373 VIA CARANCHO ,SAN DIEGO,CA,92111-4520,32711,"POTTERY, CERAMICS & PLUMBING FIXTURE MFG",Manufacturing,Core,"5373 VIA CARANCHO , SAN DIEGO, CA 92111-4520","645 Front St, Unit 1106, San Diego, California, 92101",100.0,-117.164680295235,32.712073178362
1997010577,ELLSWORTH MARINE INC,CORP,1355 INSPIRATION DR ,LA JOLLA,CA,92037-6811,4219,MISCELLANEOUS DURABLE GOODS WHSLE,Wholesale Trade,Core,"1355 INSPIRATION DR , LA JOLLA, CA 92037-6811","609 Braun Ave, San Diego, California, 92114",100.0,-117.02205743502,32.711363314982
2024006964,ELOYS READY MIX,SOLE,609 BRAUN AVE ,SAN DIEGO,CA,92114-5114,488,TRANSPORTATION SUPPORT ACTIVITIES,Transportation and Warehousing,Core,"609 BRAUN AVE , SAN DIEGO, CA 92114-5114","9765 Marconi Dr, Suite 111, San Diego, California, 92154",100.0,-116.935527192864,32.554353085605
2007028913,EMAX TECHNOLOGY LLC,LLC,9765 MARCONI DR 111 ,SAN DIEGO,CA,92154-7205,4216,ELECTRICAL GOODS WHSLE,Wholesale Trade,Core,"9765 MARCONI DR 111 , SAN DIEGO, CA 92154-7205","1355 Inspiration Dr, La Jolla, California, 92037",100.0,-117.263097752474,32.825465408538
2025023627,EMBERS AND IRON,SCORP,33660 SUMMIT VIEW PL ,TEMECULA,CA,92592-5647,337,FURNITURE & RELATED PRODUCT MFG,Manufacturing,Core,"33660 SUMMIT VIEW PL , TEMECULA, CA 92592-5647","33660 Summit View Pl, Temecula, California, 92592",100.0,-117.069397837422,33.485071358031
2012025106,EMC CORPORATION,CORP,176 SOUTH ST 21C-44 ,HOPKINTON,MA,01748-2209,334112,COMPUTER STORAGE DEVICE MFG,Manufacturing,Core,"176 SOUTH ST 21C-44 , HOPKINTON, MA 01748-2209","4888 Ronson Ct, Suite P, San Diego, California, 92111",100.0,-117.14605302417,32.83127482181
2018000590,EMOTIMO,SCORP,4888 RONSON CT P ,SAN DIEGO,CA,92111-1808,333315,PHOTOGRAPHIC & PHOTOCOPYING EQUIPMENT MFG,Manufacturing,Core,"4888 RONSON CT P , SAN DIEGO, CA 92111-1808","7150 Carroll Rd, San Diego, California, 92121",100.0,-117.167535674371,32.885437925759
1997000937,EMPIRE ELECTRICAL SUPPLY,CORP,7150 CARROLL RD ,SAN DIEGO,CA,92121-3287,42199,OTHER MISCELLANEOUS DURABLE GOODS WHSLE,Wholesale Trade,Core,"7150 CARROLL RD , SAN DIEGO, CA 92121-3287","2350 Endress Pl, Greenwood, Indiana, 46143",100.0,-86.092406318566,39.584258002967
2023001930,EMPOWERED WOODWORKERS,SOLE,10347 MADRID WAY ,SPRING VALLEY,CA,91977-1914,321,WOOD PRODUCT MFG,Manufacturing,Core,"10347 MADRID WAY , SPRING VALLEY, CA 91977-1914","6350 Miramar Rd, Suite A, San Diego, California, 92121",100.0,-117.177068831947,32.877963195964
2025007395,EMSER TILE LLC,LLC,6350 MIRAMAR RD A ,SAN DIEGO,CA,92121-2577,4219,MISCELLANEOUS DURABLE GOODS WHSLE,Wholesale Trade,Core,"6350 MIRAMAR RD A , SAN DIEGO, CA 92121-2577","10347 Madrid Way, Spring Valley, California, 91977",100.0,-116.969550176044,32.745367732246
2011025939,ENDRESS HAUSER,CORP,2350 ENDRESS PL ,GREENWOOD,IN,46143-9772,339,MISCELLANEOUS MFG,Manufacturing,Core,"2350 ENDRESS PL , GREENWOOD, IN 46143-9772","176 South St, Hopkinton, Massachusetts, 01748",98.57,-71.54504766294,42.19378787195
2024002976,ENDURANCE MARINE DIESEL INC,CORP,6245 CABARET ST ,SAN DIEGO,CA,92120-2113,336611,SHIP BUILDING & REPAIRING,Manufacturing,Core,"6245 CABARET ST , SAN DIEGO, CA 92120-2113","10766 Dabney Drive, #28, San Diego, California, 92126",100.0,-117.162509466131,32.910081433556
2017004672,ENERGY TRANSPORT LOGISTICS,CORP,6794 CALLE DE LINEA 101 ,SAN DIEGO,CA,92154-8018,484,TRUCK TRANSPORTATION,Transportation and Warehousing,Core,"6794 CALLE DE LINEA 101 , SAN DIEGO, CA 92154-8018","6245 Cabaret St, San Diego, California, 92120",100.0,-117.055548586443,32.806238412301
2007027723,ENGINES COMPONENTS OF USA CORPORATION,CORP,10030 MARCONI DR F ,SAN DIEGO,CA,92154-7292,42112,MOTOR VEHICLE SUPPLIES & NEW PARTS WHSLE,Wholesale Trade,Core,"10030 MARCONI DR F , SAN DIEGO, CA 92154-7292","10030 Marconi Dr, Suite F, San Diego, California, 92154",100.0,-116.929450648338,32.554305350666
2004012374,ENKAD SCIENCES,H-W,10766 DABNEY DR 28 ,SAN DIEGO,CA,92126-2653,4219,MISCELLANEOUS DURABLE GOODS WHSLE,Wholesale Trade,Core,"10766 DABNEY DR 28 , SAN DIEGO, CA 92126-2653","6794 Calle de Linea, Suite 101, San Diego, California, 92154",100.0,-116.993407419414,32.547683018515
2019000111,ENNIS-FLINT INC,CORP,4161 PIEDMONT PKWY 370 ,GREENSBORO,NC,27410-8176,4216,ELECTRICAL GOODS WHSLE,Wholesale Trade,Core,"4161 PIEDMONT PKWY 370 , GREENSBORO, NC 27410-8176","4161 Piedmont Pkwy, Greensboro, North Carolina, 27410",99.25,-79.950737335036,36.055239314109
2023005599,ENOVEN TRUCK BODY & EQUIPMENT,CORP,9779 CANDIDA ST ,SAN DIEGO,CA,92126-4536,332,FABRICATED METAL PRODUCT MFG,Manufacturing,Core,"9779 CANDIDA ST , SAN DIEGO, CA 92126-4536","11292 Poblado Rd, San Diego, California, 92127",100.0,-117.087231677532,33.027997795971
1997012931,ENOVEX,SOLE,11292 POBLADO RD ,SAN DIEGO,CA,92127,421,"WHOLESALE TRADE, DURABLE GOODS",Wholesale Trade,Core,"11292 POBLADO RD , SAN DIEGO, CA 92127","9779 Candida St, San Diego, California, 92126",100.0,-117.119036725312,32.896577014074
2026000581,ENVIRONMENTAL OPERATING SOLUTIONS INC,CORP,53 PORTSIDE DR ,POCASSET,MA,02559-1909,325199,ALL OTHER BASIC ORGANIC CHEMICAL MFG,Manufacturing,Core,"53 PORTSIDE DR , POCASSET, MA 02559-1909","7114 Convoy Ct, San Diego, California, 92111",100.0,-117.164106721601,32.834709222817
1991001261,ENVIRONMENTAL SPRAY SYSTEMS INC,CORP,7114 CONVOY CT ,SAN DIEGO,CA,92111-1019,4214,PROFESSIONAL & COMMERCIAL EQUIP & SUPP WHSLE,Wholesale Trade,Core,"7114 CONVOY CT , SAN DIEGO, CA 92111-1019","53 Portside Dr, Pocasset, Massachusetts, 02559",100.0,-70.586334714008,41.700895462046
2006009328,EPICSON PRINTING & ADVERTISING / CANDROY,CORP,8250 CAMINO SANTA FE A ,SAN DIEGO,CA,92121-3254,3231,PRINTING & RELATED SUPPORT ACTIVITIES,Manufacturing,Core,"8250 CAMINO SANTA FE A , SAN DIEGO, CA 92121-3254","5535 Ruffin Rd, San Diego, California, 92123",100.0,-117.126648499224,32.83481198495
2026004969,EPICUREAN COFFEE,LLC,4444 GREENE ST 229 ,SAN DIEGO,CA,92107-1453,42259,OTHER FARM PRODUCT RAW MATERIAL WHSLE,Wholesale Trade,Core,"4444 GREENE ST 229 , SAN DIEGO, CA 92107-1453","8250 Camino Santa Fe, Suite A, San Diego, California, 92121",100.0,-117.172609994734,32.879394238293
2020010033,EPLASTICS,CORP,5535 RUFFIN RD ,SAN DIEGO,CA,92123-1314,42261,PLASTICS MATERIALS & BASIC FORMS/SHAPES WHSLE,Wholesale Trade,Core,"5535 RUFFIN RD , SAN DIEGO, CA 92123-1314","4444 Greene St, Apartment 229, San Diego, California, 92107",100.0,-117.235870984027,32.747137152007
2017003529,EPLUS TECHNOLOGY INC,CORP,4330 LA JOLLA VILLAGE DR 110 ,SAN DIEGO,CA,92122-6201,421,"WHOLESALE TRADE, DURABLE GOODS",Wholesale Trade,Core,"4330 LA JOLLA VILLAGE DR 110 , SAN DIEGO, CA 92122-6201","4126 Fond du Lac Ave, San Diego, California, 92117",100.0,-117.201946991124,32.834686424041
2015042759,EQUARIUS WATERWORKS,LLC,11909 TECH CENTER CT ,POWAY,CA,92064-7139,48899,OTHER TRANSPORTATION SUPPORT ACTIVITIES,Transportation and Warehousing,Core,"11909 TECH CENTER CT , POWAY, CA 92064-7139","3201 Apache Ave, San Diego, California, 92117",100.0,-117.196285015529,32.798720892891
2024012257,ER WELDING,SOLE,4126 FOND DU LAC AVE ,SAN DIEGO,CA,92117-1844,333992,WELDING & SOLDERING EQUIPMENT MFG,Manufacturing,Core,"4126 FOND DU LAC AVE , SAN DIEGO, CA 92117-1844","11909 Tech Center Ct, Poway, California, 92064",100.0,-117.042875065022,32.93371588594
1976023323,ERDELL'S MEXICAN IMPORTS,SOLE,3201 APACHE AVE ,SAN DIEGO,CA,92117,421,"WHOLESALE TRADE, DURABLE GOODS",Wholesale Trade,Core,"3201 APACHE AVE , SAN DIEGO, CA 92117","4330 La Jolla Village Dr, Suite 110, San Diego, California, 92122",100.0,-117.213053683384,32.872932503407
2025020759,ERIK G SALTO SANTOS ,SOLE,812 BOLLENBACHER ST ,SAN DIEGO,CA,92114-1829,49221,LOCAL MESSENGERS & LOCAL DELIVERY,Transportation and Warehousing,Core,"812 BOLLENBACHER ST , SAN DIEGO, CA 92114-1829","1330 Marline Ave, El Cajon, California, 92021",100.0,-116.933933373976,32.805219005237
2025003819,ESM TRUCKING LLC,LLC,1330 MARLINE AVE ,EL CAJON,CA,92021-5821,484,TRUCK TRANSPORTATION,Transportation and Warehousing,Core,"1330 MARLINE AVE , EL CAJON, CA 92021-5821","6731 Cobra Way, San Diego, California, 92121",100.0,-117.174779315095,32.910727007739
2024010487,ESMAELZADAS,PARTNR,15652 BERNARDO CENTER DR 1003 ,SAN DIEGO,CA,92127-1841,33999,ALL OTHER MISC MFG,Manufacturing,Core,"15652 BERNARDO CENTER DR 1003 , SAN DIEGO, CA 92127-1841","812 Bollenbacher St, San Diego, California, 92114",100.0,-117.074136797839,32.714468265285
1986010195,ESMI,CORP,6731 COBRA WAY ,SAN DIEGO,CA,92121-4110,334419,OTHER ELECTRONIC COMPONENT MFG,Manufacturing,Core,"6731 COBRA WAY , SAN DIEGO, CA 92121-4110","15652 Bernardo Center Dr, Apartment 1003, San Diego, California, 92127",100.0,-117.09503506175,33.005024005196
2001002580,ESPINOZA TRUCKING,SOLE,10145 VIA DE LA AMISTAD B6 ,SAN DIEGO,CA,92154-5216,4931,WAREHOUSING & STORAGE,Transportation and Warehousing,Core,"10145 VIA DE LA AMISTAD B6 , SAN DIEGO, CA 92154-5216","8875 Costa Verde Blvd, #1019, San Diego, California, 92122",100.0,-117.215847958445,32.870114004645
2018024392,ESTATEC LLC,LLC,8175 ST ANDREWS AVE ,SAN DIEGO,CA,92154-7923,422,"WHOLESALE TRADE, NONDURABLE GOODS",Wholesale Trade,Core,"8175 ST ANDREWS AVE , SAN DIEGO, CA 92154-7923","10145 Via de la Amistad, San Diego, California, 92154",99.5,-116.928276343703,32.552719704133
2025018920,EUGENIU VISCU & VALERIA VISCU,H-W,8875 COSTA VERDE BLVD 1019 ,SAN DIEGO,CA,92122-6663,48412,"GENERAL FREIGHT TRUCKING, LONG-DISTANCE",Transportation and Warehousing,Core,"8875 COSTA VERDE BLVD 1019 , SAN DIEGO, CA 92122-6663","8175 Saint Andrews Ave, San Diego, California, 92154",100.0,-116.967144486013,32.565810267146
2004008672,EUNSUNG INTERNATIONAL INC,CORP,9335 AIRWAY RD 101 ,SAN DIEGO,CA,92154-7930,323119,OTHER COMMERCIAL PRINTING,Manufacturing,Core,"9335 AIRWAY RD 101 , SAN DIEGO, CA 92154-7930","4184 Beyer Blvd, Suite 104, San Ysidro, California, 92173",100.0,-117.044853529448,32.558283443823
2013052561,EURAMCO SAFETY INC,SCORP,2746 VIA ORANGE WAY ,SPRING VALLEY,CA,91978-1744,335,"ELECTRICAL EQUIP, APPLIANCE & COMPONENT MFG",Manufacturing,Core,"2746 VIA ORANGE WAY , SPRING VALLEY, CA 91978-1744","3771 Centre St, Apartment 307, San Diego, California, 92103",100.0,-117.148237180499,32.746924545032
2025018944,EVAN CARON ,SOLE,3771 CENTRE ST 307 ,SAN DIEGO,CA,92103-0920,48412,"GENERAL FREIGHT TRUCKING, LONG-DISTANCE",Transportation and Warehousing,Core,"3771 CENTRE ST 307 , SAN DIEGO, CA 92103-0920","2746 Via Orange Way, Spring Valley, California, 91978",100.0,-116.967632228959,32.729278082368
2007003639,EVAS BAKERY,SOLE,4184 BEYER BLVD 104 ,SAN YSIDRO,CA,92173-2183,311811,RETAIL BAKERIES,Manufacturing,Core,"4184 BEYER BLVD 104 , SAN YSIDRO, CA 92173-2183","9335 Airway Rd, Suite 101, San Diego, California, 92154",100.0,-116.942996222965,32.56021937009
2003002785,EVENT MOTORING,SCORP,4109 SPORTS ARENA BLVD ,SAN DIEGO,CA,92110-5130,42111,AUTOMOBILE & OTHER MOTOR VEHICLE WHSLE,Wholesale Trade,Core,"4109 SPORTS ARENA BLVD , SAN DIEGO, CA 92110-5130","4109 Sports Arena Blvd, San Diego, California, 92110",100.0,-117.222200183767,32.756388132813
2019001324,EVGO SERVICES LLC,LLC,1433 CAMINO DEL RIO SOUTH S ,SAN DIEGO,CA,92108-3521,488999,ALL OTHER TRANSPORTATION SUPPORT ACTIVITIES,Transportation and Warehousing,Core,"1433 CAMINO DEL RIO SOUTH S , SAN DIEGO, CA 92108-3521","4760 Clairemont Mesa Blvd, San Diego, California, 92117",100.0,-117.188370822551,32.834562329964
2019001327,EVGO SERVICES LLC,LLC,1410 S 43RD ST ,SAN DIEGO,CA,92113-4105,488999,ALL OTHER TRANSPORTATION SUPPORT ACTIVITIES,Transportation and Warehousing,Core,"1410 S 43RD ST , SAN DIEGO, CA 92113-4105","9927 Via de la Amistad, San Diego, California, 92154",99.74,-116.930874063136,32.552769911733
2019018690,EVGO SERVICES LLC,LLC,4760 CLAIREMONT MESA BLVD ,SAN DIEGO,CA,92117-2066,4889,OTHER TRANSPORTATION SUPPORT ACTIVITIES,Transportation and Warehousing,Core,"4760 CLAIREMONT MESA BLVD , SAN DIEGO, CA 92117-2066","7173 Danawoods Ct, San Diego, California, 92114",100.0,-117.042484803611,32.701527025877
2017016041,EVOLUTION CORRUGATED,SCORP,9927 VIA DE LA AMISTAD B ,SAN DIEGO,CA,92154-1912,3399,OTHER MISCELLANEOUS MFG,Manufacturing,Core,"9927 VIA DE LA AMISTAD B , SAN DIEGO, CA 92154-1912","1433 Camino del Rio S, San Diego, California, 92108",99.76,-117.150727192476,32.765855199083
2024009439,EVREN OZTURKER,SOLE,7173 DANAWOODS CT ,SAN DIEGO,CA,92114-7946,4922,LOCAL MESSENGERS & LOCAL DELIVERY,Transportation and Warehousing,Core,"7173 DANAWOODS CT , SAN DIEGO, CA 92114-7946","7151 Ronson Rd, Suite A, San Diego, California, 92111",100.0,-117.161987189745,32.828942892528
1986013079,EWING IRRIGATION PRODUCTS INC,CORP,7151 RONSON RD A ,SAN DIEGO,CA,92111-1438,42199,OTHER MISCELLANEOUS DURABLE GOODS WHSLE,Wholesale Trade,Core,"7151 RONSON RD A , SAN DIEGO, CA 92111-1438","1410 S 43rd St, San Diego, California, 92113",100.0,-117.102527142085,32.691531941617
1985001147,EXCEED INTERNATIONAL INC,CORP,15858 CAMINITO AIRE PURO ,SAN DIEGO,CA,92128-3553,42199,OTHER MISCELLANEOUS DURABLE GOODS WHSLE,Wholesale Trade,Core,"15858 CAMINITO AIRE PURO , SAN DIEGO, CA 92128-3553","15858 Caminito Aire Puro, San Diego, California, 92128",100.0,-117.064546475683,33.002810847481
2004015936,EXCEL CABINETS INC,CORP,225 JASON CT ,CORONA,CA,92879-6199,33999,ALL OTHER MISC MFG,Manufacturing,Core,"225 JASON CT , CORONA, CA 92879-6199","225 Jason Ct, Corona, California, 92879",100.0,-117.50445473823,33.889763934486
2022009414,EXCELLENCE SERVICE & TOWING,CORP,4357 EL CAJON BLVD ,SAN DIEGO,CA,92115,48841,MOTOR VEHICLE TOWING,Transportation and Warehousing,Core,"4357 EL CAJON BLVD , SAN DIEGO, CA 92115","365 Broadway, Suite 103, El Cajon, California, 92021",100.0,-116.958938938081,32.807591293383
2022015362,EXCELLENT TRANSPORTER LLC,LLC,365 BROADWAY 103 ,EL CAJON,CA,92021-5460,4889,OTHER TRANSPORTATION SUPPORT ACTIVITIES,Transportation and Warehousing,Core,"365 BROADWAY 103 , EL CAJON, CA 92021-5460","4657 Cajon Way, San Diego, California, 92115",100.0,-117.076906681562,32.761510355753
2018017103,EXCLUSIVE CLASSIC,LLC,5533 RABBIT RIDGE RD ,SAN DIEGO,CA,92130-5711,42111,AUTOMOBILE & OTHER MOTOR VEHICLE WHSLE,Wholesale Trade,Core,"5533 RABBIT RIDGE RD , SAN DIEGO, CA 92130-5711","6331 Nancy Ridge Dr, Suite A, San Diego, California, 92121",100.0,-117.184030673087,32.887805687677
2003007934,EXEX INTERNATIONAL,SOLE,6331 NANCY RIDGE DR A ,SAN DIEGO,CA,92121-6204,42183,INDUSTRIAL MACHINERY & EQUIPMENT WHSLE,Wholesale Trade,Core,"6331 NANCY RIDGE DR A , SAN DIEGO, CA 92121-6204","5533 Rabbit Ridge Rd, San Diego, California, 92130",100.0,-117.198147809691,32.956488259582
1994010252,EXHIBIT A PRESS,SOLE,4657 CAJON WAY ,SAN DIEGO,CA,92115,323,PRINTING & RELATED SUPPORT ACTIVITIES,Manufacturing,Core,"4657 CAJON WAY , SAN DIEGO, CA 92115","4357 El Cajon Blvd, San Diego, California, 92105",99.51,-117.100433929404,32.755001011656
2023005834,EXIM OPERATIONS INC,CORP,1351 AIR WING RD 3 ,SAN DIEGO,CA,92154-7725,4842,SPECIALIZED FREIGHT TRUCKING,Transportation and Warehousing,Core,"1351 AIR WING RD 3 , SAN DIEGO, CA 92154-7725","9115 Judicial Dr, Apartment 4539, San Diego, California, 92122",100.0,-117.204290990347,32.8724370072
2025018034,EXO MOVING,LLC,9115 JUDICIAL DR 4539 ,SAN DIEGO,CA,92122-4631,488,TRANSPORTATION SUPPORT ACTIVITIES,Transportation and Warehousing,Core,"9115 JUDICIAL DR 4539 , SAN DIEGO, CA 92122-4631","11564 Punta Dulcina, San Diego, California, 92131",100.0,-117.01651448245,32.927814481281
2021013871,EXODUS DYNAMICS INC,CORP,11564 PUNTA DULCINA ,SAN DIEGO,CA,92131-4300,3359,OTHER ELECTRICAL EQUIPMENT & COMPONENT MFG,Manufacturing,Core,"11564 PUNTA DULCINA , SAN DIEGO, CA 92131-4300","14125 Kellbara Ct, San Diego, California, 92129",100.0,-117.116329705862,32.974195574864
1999004864,EXOTIC ASIA AUTO,SOLE,14125 KELLBARA CT ,SAN DIEGO,CA,92129-3832,421,"WHOLESALE TRADE, DURABLE GOODS",Wholesale Trade,Core,"14125 KELLBARA CT , SAN DIEGO, CA 92129-3832","1351 Air Wing Rd, Suite 3, San Diego, California, 92154",100.0,-116.955815840957,32.571908227434
2010003907,EXPEDITE TOWING,SCORP,7304 MISSION GORGE RD ,SAN DIEGO,CA,92120-1224,48841,MOTOR VEHICLE TOWING,Transportation and Warehousing,Core,"7304 MISSION GORGE RD , SAN DIEGO, CA 92120-1224","1470 Exposition Way, San Diego, California, 92154",99.23,-117.003484136544,32.573842052395
2014039375,EXPEDITE TOWING,SCORP,7304 MISSION GORGE RD ,SAN DIEGO,CA,92120-1224,48841,MOTOR VEHICLE TOWING,Transportation and Warehousing,Core,"7304 MISSION GORGE RD , SAN DIEGO, CA 92120-1224","7304 Mission Gorge Rd, San Diego, California, 92120",100.0,-117.085582035168,32.803846384773
1997007111,EXPEDITORS INTERNATIONAL,CORP,1470 EXPOSITION WAY 110 ,SAN DIEGO,CA,92154-6659,481,AIR TRANSPORTATION,Transportation and Warehousing,Core,"1470 EXPOSITION WAY 110 , SAN DIEGO, CA 92154-6659","7304 Mission Gorge Rd, San Diego, California, 92120",100.0,-117.085582035168,32.803846384773
2007013870,EXPO FRESH LLC,LLC,8775 AIRWAY RD ,SAN DIEGO,CA,92154-6207,42248,FRESH FRUIT & VEGETABLE WHSLE,Wholesale Trade,Core,"8775 AIRWAY RD , SAN DIEGO, CA 92154-6207","2155 Paseo de las Americas, Suite 36, San Diego, California, 92154",100.0,-116.935844615537,32.559561348781
1995001805,EXPORT SERVICES INC,CORP,2155 PASEO DE LAS AMERICAS 36 ,SAN DIEGO,CA,92154-7907,4214,PROFESSIONAL & COMMERCIAL EQUIP & SUPP WHSLE,Wholesale Trade,Core,"2155 PASEO DE LAS AMERICAS 36 , SAN DIEGO, CA 92154-7907","1601 Landmark Rd, Suite 201, San Diego, California, 92154",100.0,-116.951956226002,32.566815718341
2015007050,EXPORTALIA CUSTOMS BROKERS LLC,LLC,1601 LANDMARK RD 201 ,SAN DIEGO,CA,92154-6760,4885,FREIGHT TRANSPORTATION ARRANGEMENT,Transportation and Warehousing,Core,"1601 LANDMARK RD 201 , SAN DIEGO, CA 92154-6760","8775 Airway Rd, San Diego, California, 92154",100.0,-116.955516187919,32.56036999289
2009002740,EXPRESS AMBULANCE CO,CORP,6975 N NORTH AVE ,LEMON GROVE,CA,91945-5413,48899,OTHER TRANSPORTATION SUPPORT ACTIVITIES,Transportation and Warehousing,Core,"6975 N NORTH AVE , LEMON GROVE, CA 91945-5413","2498 Roll Dr, Suite 422, San Diego, California, 92154",100.0,-116.937481014495,32.552897274752
2019019464,EXPRESS AUTO AUCTION INC,CORP,8407 AIRWAY RD ,SAN DIEGO,CA,92154-8314,42111,AUTOMOBILE & OTHER MOTOR VEHICLE WHSLE,Wholesale Trade,Core,"8407 AIRWAY RD , SAN DIEGO, CA 92154-8314","6975 North Ave, Lemon Grove, California, 91945",98.87,-117.047474466752,32.743784600284
2022002655,EXPRESS ONE TRANSPORTATION LLC,LLC,755 1ST AVE ,CHULA VISTA,CA,91910,488,TRANSPORTATION SUPPORT ACTIVITIES,Transportation and Warehousing,Core,"755 1ST AVE , CHULA VISTA, CA 91910","755 1st Ave, Chula Vista, California, 91910",100.0,-117.065538976838,32.627770343156
2004009538,EXPRESS SERVICE TRANSPORT INC,CORP,2498 ROLL DR 422 ,SAN DIEGO,CA,92154-7279,4841,GENERAL FREIGHT TRUCKING,Transportation and Warehousing,Core,"2498 ROLL DR 422 , SAN DIEGO, CA 92154-7279","8407 Airway Rd, San Diego, California, 92154",100.0,-116.962294815007,32.560601553521
2025011776,EXPRESS SIGNS,SOLE,8868 CLAIREMONT MESA BLVD J ,SAN DIEGO,CA,92123-1140,3231,PRINTING & RELATED SUPPORT ACTIVITIES,Manufacturing,Core,"8868 CLAIREMONT MESA BLVD J , SAN DIEGO, CA 92123-1140","8868 Clairemont Mesa Blvd, Suite J, San Diego, California, 92123",100.0,-117.138152661332,32.831656366043
1998011842,EXPRESS TRADING INTERNATIONAL INC,CORP,401 B ST 2310 ,SAN DIEGO,CA,92101-4289,422,"WHOLESALE TRADE, NONDURABLE GOODS",Wholesale Trade,Core,"401 B ST 2310 , SAN DIEGO, CA 92101-4289","401 B St, Suite 2310, San Diego, California, 92101",100.0,-117.160642481018,32.717762772328
2020011323,EYE HUB LLC,LLC,2275 MICHAEL FARADAY DR 4 ,SAN DIEGO,CA,92154-7927,42146,OPHTHALMIC GOODS WHSLE,Wholesale Trade,Core,"2275 MICHAEL FARADAY DR 4 , SAN DIEGO, CA 92154-7927","2275 Michael Faraday Dr, Suite 4, San Diego, California, 92154",100.0,-116.932007128807,32.557698596529
2017019444,EZ TIRES,SOLE,7150 SIEMPRE VIVA RD ,SAN DIEGO,CA,92154-7409,42113,TIRE & TUBE WHSLE,Wholesale Trade,Core,"7150 SIEMPRE VIVA RD , SAN DIEGO, CA 92154-7409","7150 Siempre Viva Rd, San Diego, California, 92154",100.0,-116.986141399008,32.553569377658
2022002493,FA SEWING,SOLE,1685 PRECISION PARK LN B ,SAN YSIDRO,CA,92173-1350,31529,OTHER CUT & SEW APPAREL MFG,Manufacturing,Core,"1685 PRECISION PARK LN B , SAN YSIDRO, CA 92173-1350","1685 Precision Park Ln, Suite B, San Ysidro, California, 92173",100.0,-117.059525799499,32.56604797792
2013049662,FACILITEC WEST,SOLE,681 ARROW GRAND CIR ,COVINA,CA,91722-2146,8113,COMMERCIAL EQUIPMENT (EXC AUTO & ELEC) R&M,Industrial Machinery Repair,Core,"681 ARROW GRAND CIR , COVINA, CA 91722-2146","1623 Drexel Dr, Lemon Grove, California, 91945",100.0,-117.02500509891,32.722091522404
2018025442,FACIOLI DIGITAL PRINTING SERVICES LLC,LLC,4683 MERCURY ST A ,SAN DIEGO,CA,92111-2423,32311,PRINTING,Manufacturing,Core,"4683 MERCURY ST A , SAN DIEGO, CA 92111-2423","681 Arrow Grand Cir, Covina, California, 91722",100.0,-117.877935160826,34.104801283267
2023005614,FADERGHOST LLC,LLC,1623 DREXEL DR ,LEMON GROVE,CA,91945-4423,33431,AUDIO & VIDEO EQUIPMENT MFG,Manufacturing,Core,"1623 DREXEL DR , LEMON GROVE, CA 91945-4423","2645 Ulric St, Apartment 520, San Diego, California, 92111",100.0,-117.172571605617,32.791559646275
2025021347,FAHD AMIREE & ZARNA AMIREE,H-W,2645 ULRIC ST 520 ,SAN DIEGO,CA,92111-6157,4922,LOCAL MESSENGERS & LOCAL DELIVERY,Transportation and Warehousing,Core,"2645 ULRIC ST 520 , SAN DIEGO, CA 92111-6157","4683 Mercury St, Suite A, San Diego, California, 92111",100.0,-117.148826512112,32.825942716015
2025008325,FAITHFUL MARINE,SOLE,545 E ST 23 ,CHULA VISTA,CA,91910-2367,336611,SHIP BUILDING & REPAIRING,Manufacturing,Core,"545 E ST 23 , CHULA VISTA, CA 91910-2367","9932 Prospect Ave, Suite 142, Santee, California, 92071",100.0,-116.98071000957,32.831412620298
2003025376,FALCON FRAMING COMPONENTS INC,SCORP,9932 PROSPECT AVE 142 ,SANTEE,CA,92071-4378,421,"WHOLESALE TRADE, DURABLE GOODS",Wholesale Trade,Core,"9932 PROSPECT AVE 142 , SANTEE, CA 92071-4378","350 10th Ave, Suite 1000, San Diego, California, 92101",100.0,-117.155580482053,32.70899412814
1988011458,FANCY PRODUCE,SOLE,1445 30TH ST C ,SAN DIEGO,CA,92154-3496,422,"WHOLESALE TRADE, NONDURABLE GOODS",Wholesale Trade,Core,"1445 30TH ST C , SAN DIEGO, CA 92154-3496","545 E St, Apartment 23, Chula Vista, California, 91910",100.0,-117.09103907323,32.642024733425
2024007502,FANDINO INDUSTRIES LLC,LLC,350 10TH AVE 1000 ,SAN DIEGO,CA,92101-8705,48851,FREIGHT TRANSPORTATION ARRANGEMENT,Transportation and Warehousing,Core,"350 10TH AVE 1000 , SAN DIEGO, CA 92101-8705","1371 La Media Rd, San Diego, California, 92154",100.0,-116.962212886412,32.57199339455
2014013064,FARIAS TRANSPORT & MATERIALS INC,CORP,1371 LA MEDIA RD ,SAN DIEGO,CA,92154-7816,48412,"GENERAL FREIGHT TRUCKING, LONG-DISTANCE",Transportation and Warehousing,Core,"1371 LA MEDIA RD , SAN DIEGO, CA 92154-7816","2460 Community Ln, Unit 4, San Diego, California, 92108",100.0,-117.145259509397,32.779733786722
2023000662,FARMER BROS CO,CORP,5985 PACIFIC CENTER BLVD 207 ,SAN DIEGO,CA,92121-4335,422,"WHOLESALE TRADE, NONDURABLE GOODS",Wholesale Trade,Core,"5985 PACIFIC CENTER BLVD 207 , SAN DIEGO, CA 92121-4335","5985 Pacific Center Blvd, San Diego, California, 92121",99.3,-117.188190527814,32.903312124733
2024006589,FARMERS' MARKET CHILI,SOLE,4860 73RD ST ,LA MESA,CA,91942-7624,311,FOOD MFG,Manufacturing,Core,"4860 73RD ST , LA MESA, CA 91942-7624","14955 Avenida Venusto, Unit 45, San Diego, California, 92128",100.0,-117.068541458374,32.989251568443
2011015562,FASHION EVERY DAY LLC,LLC,14955 AVENIDA VENUSTO 45 ,SAN DIEGO,CA,92128-3859,42233,WOMEN'S/CHILDREN'S/INFANTS' CLOTHING WHSLE,Wholesale Trade,Core,"14955 AVENIDA VENUSTO 45 , SAN DIEGO, CA 92128-3859","8822 Alphecca Way, San Diego, California, 92126",100.0,-117.134297656424,32.923492269089
2010008897,FAST FORWARD AVIATION LLC,LLC,1298 PROSPECT ST 1D ,LA JOLLA,CA,92037-3624,481,AIR TRANSPORTATION,Transportation and Warehousing,Core,"1298 PROSPECT ST 1D , LA JOLLA, CA 92037-3624","1298 Prospect St, Suite 1 D, La Jolla, California, 92037",100.0,-117.270823939364,32.848950495407
2008041629,FAST PRESS,SOLE,8822 ALPHECCA WAY ,SAN DIEGO,CA,92126-1902,42299,OTHER MISCELLANEOUS NONDURABLE GOODS WHSLE,Wholesale Trade,Core,"8822 ALPHECCA WAY , SAN DIEGO, CA 92126-1902","7925 Prospect Pl, La Jolla, California, 92037",100.0,-117.268631149674,32.847898692288
2020014977,FASTAIRE HAND DRYERS INC,CORP,7925 PROSPECT PL ,LA JOLLA,CA,92037-3722,33531,ELECTRICAL EQUIPMENT MFG,Manufacturing,Core,"7925 PROSPECT PL , LA JOLLA, CA 92037-3722","4860 73rd St, La Mesa, California, 91942",100.0,-117.040418748297,32.767050584204
2000011196,FASTENAL COMPANY,CORP,9030 CARROLL WAY 9 ,SAN DIEGO,CA,92121-2417,4213,LUMBER & OTHER CONSTRUCTION MATERIALS WHSLE,Wholesale Trade,Core,"9030 CARROLL WAY 9 , SAN DIEGO, CA 92121-2417","9030 Carroll Way, Suite 9, San Diego, California, 92121",100.0,-117.158873564172,32.887505364086
2023006586,FASTENAL COMPANY,CORP,9040 CARROLL WAY 2 ,SAN DIEGO,CA,92121-2416,421,"WHOLESALE TRADE, DURABLE GOODS",Wholesale Trade,Core,"9040 CARROLL WAY 2 , SAN DIEGO, CA 92121-2416","9040 Carroll Way, Suite 2, San Diego, California, 92121",100.0,-117.158855040166,32.888056935225
2013018732,FASTSIGNS,CORP,7373 CLAIREMONT MESA BLVD 107 ,SAN DIEGO,CA,92111-1120,33995,SIGN MFG,Manufacturing,Core,"7373 CLAIREMONT MESA BLVD 107 , SAN DIEGO, CA 92111-1120","7373 Clairemont Mesa Blvd, Suite 107, San Diego, California, 92111",100.0,-117.15959139036,32.832583027348
2004004904,FATEMINIA RUG DESIGN,H-W,3758 MYKONOS LN 95 ,SAN DIEGO,CA,92130-5531,339999,ALL OTHER MISCELLANEOUS MFG,Manufacturing,Core,"3758 MYKONOS LN 95 , SAN DIEGO, CA 92130-5531","3758 Mykonos Ln, San Diego, California, 92130",99.41,-117.229714979059,32.949071993562
2022012699,FAUSTOS TIRES,PARTNR,922 S 30TH ST ,SAN DIEGO,CA,92113-2428,42113,TIRE & TUBE WHSLE,Wholesale Trade,Core,"922 S 30TH ST , SAN DIEGO, CA 92113-2428","494 W Calle Primera, Suite 907, San Ysidro, California, 92173",100.0,-117.05402609755,32.554613678974
2025018981,FAYZULLA TAJIMURADOV & NASIBA NURMETOVA,H-W,2348 RUSSELL PARK WAY 452 ,SAN DIEGO,CA,92108-1311,48412,"GENERAL FREIGHT TRUCKING, LONG-DISTANCE",Transportation and Warehousing,Core,"2348 RUSSELL PARK WAY 452 , SAN DIEGO, CA 92108-1311","2348 Russell Park Way, Apartment 452, San Diego, California, 92108",100.0,-117.148218405036,32.77626958805
2002002373,FEBAPEL,CORP,494 W CALLE PRIMERA 907 ,SAN YSIDRO,CA,92173-2821,4223,"APPAREL, PIECE GOODS & NOTIONS WHSLE",Wholesale Trade,Core,"494 W CALLE PRIMERA 907 , SAN YSIDRO, CA 92173-2821","9192 Kearny Villa Ct, San Diego, California, 92123",100.0,-117.134172598428,32.836087794432
1984015095,FEDERAL EXPRESS,CORP,9192 KEARNY VILLA CT ,SAN DIEGO,CA,92123-1121,48899,OTHER TRANSPORTATION SUPPORT ACTIVITIES,Transportation and Warehousing,Core,"9192 KEARNY VILLA CT , SAN DIEGO, CA 92123-1121","10585 Heater Ct, San Diego, California, 92121",100.0,-117.17335657085,32.909066301263
1985000169,FEDERAL EXPRESS,CORP,10585 HEATER CT ,SAN DIEGO,CA,92121-4111,4889,OTHER TRANSPORTATION SUPPORT ACTIVITIES,Transportation and Warehousing,Core,"10585 HEATER CT , SAN DIEGO, CA 92121-4111","922 S 30th St, San Diego, California, 92113",100.0,-117.129518379052,32.69626780073
1988013046,FEDERAL EXPRESS CORPORATION,CORP,1650 47TH ST ,SAN DIEGO,CA,92102-2508,48899,OTHER TRANSPORTATION SUPPORT ACTIVITIES,Transportation and Warehousing,Core,"1650 47TH ST , SAN DIEGO, CA 92102-2508","5550 Eastgate Mall, San Diego, California, 92121",100.0,-117.187615864532,32.879373157807
1993005537,FEDERAL EXPRESS CORPORATION,CORP,1425 CORP CTR DR 700 ,SAN DIEGO,CA,92154-6629,48899,OTHER TRANSPORTATION SUPPORT ACTIVITIES,Transportation and Warehousing,Core,"1425 CORP CTR DR 700 , SAN DIEGO, CA 92154-6629","1425 Corporate Center Dr, Suite 700, San Diego, California, 92154",100.0,-117.002856003588,32.572888868196
2009019378,FEDEX FREIGHT INC,CORP,5550 EASTGATE MALL ,SAN DIEGO,CA,92121-2806,4841,GENERAL FREIGHT TRUCKING,Transportation and Warehousing,Core,"5550 EASTGATE MALL , SAN DIEGO, CA 92121-2806","1153 Bellena Ave, Chula Vista, California, 91913",100.0,-116.988912372379,32.633920355064
2021015813,FEELIN A BILLION,SCORP,1153 BELLENA AVE ,CHULA VISTA,CA,91913-1539,3152,CUT & SEW APPAREL MFG,Manufacturing,Core,"1153 BELLENA AVE , CHULA VISTA, CA 91913-1539","1650 47th St, San Diego, California, 92102",100.0,-117.093607539821,32.722712118515
1994008531,FELICE CUSTOM TAILORING,PARTNR,7946 IVANHOE AVE 305 ,LA JOLLA,CA,92037-4518,31521,CUT & SEW APPAREL CONTRACTORS,Manufacturing,Core,"7946 IVANHOE AVE 305 , LA JOLLA, CA 92037-4518","7946 Ivanhoe Ave, Suite 305, La Jolla, California, 92037",100.0,-117.272593526762,32.848100402787
1974013019,FERGUSON ENTERPRISES LLC,LLC,4699 MERCURY ST ,SAN DIEGO,CA,92111-2409,4217,"HARDWARE, & PLUMB & HEATING EQUIP & SUP WHSLE",Wholesale Trade,Core,"4699 MERCURY ST , SAN DIEGO, CA 92111-2409","4699 Mercury St, San Diego, California, 92111",100.0,-117.148825422464,32.826510003221
2000000156,FERGUSON ENTERPRISES LLC,LLC,3280 MARKET ST ,SAN DIEGO,CA,92102-3334,4217,"HARDWARE, & PLUMB & HEATING EQUIP & SUP WHSLE",Wholesale Trade,Core,"3280 MARKET ST , SAN DIEGO, CA 92102-3334","1260 Karl Ct, Wauconda, Illinois, 60084",100.0,-88.141575869239,42.281619236936
1999008020,FFA SCIENCES LLC,CORP,3550 GENERAL ATOMICS CT 129 ,SAN DIEGO,CA,92121-1122,325,CHEMICAL MFG,Manufacturing,Core,"3550 GENERAL ATOMICS CT 129 , SAN DIEGO, CA 92121-1122","3550 General Atomics Ct, San Diego, California, 92121",99.29,-117.237232372741,32.894154392599
2015044222,FIDELITONE LAST MILE INC,SCORP,1260 KARL CT ,WAUCONDA,IL,60084-1086,4931,WAREHOUSING & STORAGE,Transportation and Warehousing,Core,"1260 KARL CT , WAUCONDA, IL 60084-1086","3280 Market St, San Diego, California, 92102",100.0,-117.123643670754,32.711779099289
2026001817,FIELD FLAVORS LLC,LLC,3065 BEYER BLVD B-103 ,SAN DIEGO,CA,92154-3499,42249,OTHER GROCERY & RELATED PRODUCTS WHSLE,Wholesale Trade,Core,"3065 BEYER BLVD B-103 , SAN DIEGO, CA 92154-3499","3065 Beyer Blvd, Suite 103, San Diego, California, 92154",99.94,-117.065326998506,32.572089737548
2009000643,FIELDTURF USA INC,CORP,175 N INDUSTRIAL BLVD ,CALHOUN,GA,30701-8651,3399,OTHER MISCELLANEOUS MFG,Manufacturing,Core,"175 N INDUSTRIAL BLVD , CALHOUN, GA 30701-8651","175 N Industrial Blvd NE, Calhoun, Georgia, 30701",99.55,-84.929498725072,34.546688135968
2007006000,FIESTA PACIFIC PRODUCTS INC,CORP,1488 CORPORATE CENTER DR ,SAN DIEGO,CA,92154-6627,312111,SOFT DRINK MFG,Manufacturing,Core,"1488 CORPORATE CENTER DR , SAN DIEGO, CA 92154-6627","1488 Corporate Center Dr, San Diego, California, 92154",100.0,-117.005409466571,32.571284362381
2000000224,FILTRONICA INC,CORP,1672 E MAIN ST E ,RAMONA,CA,92065-5257,3344,SEMICONDUCTOR & OTH ELECTRONIC COMPONENT MFG,Manufacturing,Core,"1672 E MAIN ST E , RAMONA, CA 92065-5257","2310 Via Tercero, San Ysidro, California, 92173",98.95,-117.055210879564,32.554169521925
1997006788,FINEST CITY PAPER INC,CORP,8195 RONSON RD A ,SAN DIEGO,CA,92111,422,"WHOLESALE TRADE, NONDURABLE GOODS",Wholesale Trade,Core,"8195 RONSON RD A , SAN DIEGO, CA 92111","8195 Ronson Rd, Suite A, San Diego, California, 92111",100.0,-117.14736110398,32.829070045999
2017013280,FINESTRA SHADES AND BLINDS LLC,LLC,2310 VIA TERCERO M140 ,SAN YSIDRO,CA,92173-2814,421,"WHOLESALE TRADE, DURABLE GOODS",Wholesale Trade,Core,"2310 VIA TERCERO M140 , SAN YSIDRO, CA 92173-2814","2340 Grove Ave, San Diego, California, 92154",99.39,-117.082583912221,32.57283660703
2026002626,FINGERPRINT PRINTING COMPANY,SOLE,2340 GROVE AVE 50 ,SAN DIEGO,CA,92154-5135,32311,PRINTING,Manufacturing,Core,"2340 GROVE AVE 50 , SAN DIEGO, CA 92154-5135","2878 Fir St, San Diego, California, 92102",100.0,-117.132299578345,32.725539963099
2023008377,FIR STREET POTTERY,SOLE,2878 FIR ST ,SAN DIEGO,CA,92102-1120,32711,"POTTERY, CERAMICS & PLUMBING FIXTURE MFG",Manufacturing,Core,"2878 FIR ST , SAN DIEGO, CA 92102-1120","5337 Solola Ave, San Diego, California, 92114",100.0,-117.079571707677,32.694101414035
1998002112,FIREHOUSE CERAMICS,SOLE,5337 SOLOLA AVE ,SAN DIEGO,CA,92114-6246,327,NONMETALLIC MINERAL PRODUCT MFG,Manufacturing,Core,"5337 SOLOLA AVE , SAN DIEGO, CA 92114-6246","1672 Main St, Ramona, California, 92065",97.76,-116.878662601522,33.036427643633
2021012121,FIRESTONE COMPLETE AUTO CARE,LLC,16646 BERNARDO CENTER DR ,SAN DIEGO,CA,92128-2565,42113,TIRE & TUBE WHSLE,Wholesale Trade,Core,"16646 BERNARDO CENTER DR , SAN DIEGO, CA 92128-2565","9369 Dowdy Dr, Suite H, San Diego, California, 92126",100.0,-117.146870511187,32.89171219938
2025014076,FIRST MASTER MARITIME,SOLE,11888 CYPRESS CANYON RD 3 ,SAN DIEGO,CA,92131-4770,488,TRANSPORTATION SUPPORT ACTIVITIES,Transportation and Warehousing,Core,"11888 CYPRESS CANYON RD 3 , SAN DIEGO, CA 92131-4770","7920 Arjons Dr, Suite C, San Diego, California, 92126",100.0,-117.148406159667,32.894462846636
2009017794,FIRST UNITED DOOR TECHNOLOGIES,LLC,9369 DOWDY DR H ,SAN DIEGO,CA,92126-4300,42199,OTHER MISCELLANEOUS DURABLE GOODS WHSLE,Wholesale Trade,Core,"9369 DOWDY DR H , SAN DIEGO, CA 92126-4300","16646 Bernardo Center Dr, San Diego, California, 92128",100.0,-117.076715993265,33.015498031404
1998009261,FISCHER CUSTOM COMMUNICATIONS INC,CORP,7920 ARJONS DR C ,SAN DIEGO,CA,92126-6301,334419,OTHER ELECTRONIC COMPONENT MFG,Manufacturing,Core,"7920 ARJONS DR C , SAN DIEGO, CA 92126-6301","11888 Cypress Canyon Rd, #3, San Diego, California, 92131",100.0,-117.084959008305,32.932691994557
2024013952,FIVE RINGS PARTNERS INC,CORP,9477 WAPLES ST 120 ,SAN DIEGO,CA,92121-2937,42145,MEDICAL/DENTAL/HOSPITAL EQUIP & SUPP WHSLE,Wholesale Trade,Core,"9477 WAPLES ST 120 , SAN DIEGO, CA 92121-2937","9477 Waples St, Suite 120, San Diego, California, 92121",100.0,-117.183649883225,32.902310445393
2023003173,FLATCO TRANSPORTATION INC,SCORP,750 OTAY LAKES RD 252 ,CHULA VISTA,CA,91910-6915,488,TRANSPORTATION SUPPORT ACTIVITIES,Transportation and Warehousing,Core,"750 OTAY LAKES RD 252 , CHULA VISTA, CA 91910-6915","8220 Arjons Dr, San Diego, California, 92126",100.0,-117.14218863153,32.89453086578
2017000105,FLEX & FLO,SOLE,10383 MAGNOLIA BLVD 112 ,NORTH HOLLYWOOD,CA,91601,315,APPAREL MANUFACTURING,Manufacturing,Core,"10383 MAGNOLIA BLVD 112 , NORTH HOLLYWOOD, CA 91601","10383 Magnolia Blvd, North Hollywood, California, 91601",99.27,-118.356834915007,34.164963476578
2008004536,FLEXIBLE ASSEMBLY SYSTEMS INC,SCORP,8220 ARJONS DR ,SAN DIEGO,CA,92126-4334,42199,OTHER MISCELLANEOUS DURABLE GOODS WHSLE,Wholesale Trade,Core,"8220 ARJONS DR , SAN DIEGO, CA 92126-4334","12469 Via Cabezon, San Diego, California, 92129",100.0,-117.113346586522,32.944193600185
2003007864,FLEXIBLE WAREHOUSE SOLUTIONS/ JONES ASSOCIATES,CORP,8268 CLAIREMONT MESA BLVD 302 ,SAN DIEGO,CA,92111-1702,42299,OTHER MISCELLANEOUS NONDURABLE GOODS WHSLE,Wholesale Trade,Core,"8268 CLAIREMONT MESA BLVD 302 , SAN DIEGO, CA 92111-1702","750 Otay Lakes Rd, Chula Vista, California, 91910",99.21,-117.001881133078,32.646171984729
1985014592,FLEXIS CORPORATION,CORP,12469 VIA CABEZON ,SAN DIEGO,CA,92129-3904,339999,ALL OTHER MISCELLANEOUS MFG,Manufacturing,Core,"12469 VIA CABEZON , SAN DIEGO, CA 92129-3904","8268 Clairemont Mesa Blvd, Suite 302, San Diego, California, 92111",100.0,-117.145396050599,32.83290832901
2010008324,FLEXYFOAM / BOX EXPRESS,CORP,2155 PASEO DE LAS AMERICAS 34 ,SAN DIEGO,CA,92154-7907,42199,OTHER MISCELLANEOUS DURABLE GOODS WHSLE,Wholesale Trade,Core,"2155 PASEO DE LAS AMERICAS 34 , SAN DIEGO, CA 92154-7907","4891 Ronson Ct, Suite K, San Diego, California, 92111",100.0,-117.145804165465,32.83137527892
2015033287,FLOORING SAN DIEGO,CORP,4891 RONSON CT K ,SAN DIEGO,CA,92111-1815,42199,OTHER MISCELLANEOUS DURABLE GOODS WHSLE,Wholesale Trade,Core,"4891 RONSON CT K , SAN DIEGO, CA 92111-1815","2155 Paseo de las Americas, Suite 34, San Diego, California, 92154",100.0,-116.935844615537,32.559561348781
2020014452,FLORAL & EVENT DESIGN BY DESIREE KELLOUGH,SOLE,2446 HARTFORD ST ,SAN DIEGO,CA,92110-2339,49221,LOCAL MESSENGERS & LOCAL DELIVERY,Transportation and Warehousing,Core,"2446 HARTFORD ST , SAN DIEGO, CA 92110-2339","2446 Hartford St, San Diego, California, 92110",100.0,-117.199381877295,32.786874455766
2020012262,FLORES STORAGE,SOLE,6570 LONESTAR RD ,SAN DIEGO,CA,92154,49319,OTHER WAREHOUSING & STORAGE,Transportation and Warehousing,Core,"6570 LONESTAR RD , SAN DIEGO, CA 92154","6570 Lone Star Rd, San Diego, California, 92154",99.0,-116.952028086687,32.578626594026
2013057690,FLOWERS BAKING CO OF CALIFORNIA LLC,LLC,7365 MISSION GORGE RD B ,SAN DIEGO,CA,92120-1274,42249,OTHER GROCERY & RELATED PRODUCTS WHSLE,Wholesale Trade,Core,"7365 MISSION GORGE RD B , SAN DIEGO, CA 92120-1274","1755 La Costa Meadows Dr, San Marcos, California, 92078",100.0,-117.220431602197,33.104638691575
2010025191,FLUID COMPONENTS INTERNATIONAL LLC,LLC,1755 LA COSTA MEADOWS DR ,SAN MARCOS,CA,92078-5115,33999,ALL OTHER MISC MFG,Manufacturing,Core,"1755 LA COSTA MEADOWS DR , SAN MARCOS, CA 92078-5115","4909 Murphy Canyon Rd, Suite 310, San Diego, California, 92123",100.0,-117.119767208174,32.828726807064
1996007832,FLY-DANNA/ZAN HEADGEAR,CORP,4909 MURPHY CANYON RD 310 ,SAN DIEGO,CA,92123-4301,42191,SPORTING & RECREATIONAL GOODS & SUPPLY WHSLE,Wholesale Trade,Core,"4909 MURPHY CANYON RD 310 , SAN DIEGO, CA 92123-4301","7365 Mission Gorge Rd, Suite B, San Diego, California, 92120",100.0,-117.083449176086,32.804609766605
2019003931,FLYING TRANSPORT LLC,LLC,3065 BEYER BLVD B-103 ,SAN DIEGO,CA,92154-3499,4841,GENERAL FREIGHT TRUCKING,Transportation and Warehousing,Core,"3065 BEYER BLVD B-103 , SAN DIEGO, CA 92154-3499","7973 Balboa Ave, San Diego, California, 92111",100.0,-117.151507547661,32.821782232645
1974010710,FORD WHOLESALE CO INC,CORP,7973 BALBOA AVE ,SAN DIEGO,CA,92111-2414,4213,LUMBER & OTHER CONSTRUCTION MATERIALS WHSLE,Wholesale Trade,Core,"7973 BALBOA AVE , SAN DIEGO, CA 92111-2414","3065 Beyer Blvd, Suite 103, San Diego, California, 92154",99.94,-117.065326998506,32.572089737548
2016015681,FOREVER GREEN FOOD INC,CORP,533 02ND ST H ,ENCINITAS,CA,92024-3564,31199,ALL OTHER FOOD MFG,Manufacturing,Core,"533 02ND ST H , ENCINITAS, CA 92024-3564","6245 Hudson Crossing Pkwy, Hudson, Ohio, 44236",100.0,-81.4868189122,41.234967928024
2023005511,FORTEC MEDICAL INC,SCORP,6245 HUDSON CROSSING PKWY ,HUDSON,OH,44236-4348,42145,MEDICAL/DENTAL/HOSPITAL EQUIP & SUPP WHSLE,Wholesale Trade,Core,"6245 HUDSON CROSSING PKWY , HUDSON, OH 44236-4348","504 Jones Rd, Oceanside, California, 92058",100.0,-117.354461502914,33.214597945667
2025023141,FORTIS MILLWORKS,CORP,504 JONES RD ,OCEANSIDE,CA,92058-1218,32191,MILLWORK,Manufacturing,Core,"504 JONES RD , OCEANSIDE, CA 92058-1218","8515 Miramar Pl, San Diego, California, 92121",100.0,-117.179678788958,32.881687065997
2024000121,FORWARD AIR INC,CORP,7365 MISSION GORGE RD ,SAN DIEGO,CA,92120-1273,4841,GENERAL FREIGHT TRUCKING,Transportation and Warehousing,Core,"7365 MISSION GORGE RD , SAN DIEGO, CA 92120-1273","2 E H St, Encinitas, California, 92024",90.57,-117.291880642844,33.040921485286
2021005729,FOUNDATION BUILDING MATERIALS LLC,LLC,8515 MIRAMAR PL ,SAN DIEGO,CA,92121-2529,4213,LUMBER & OTHER CONSTRUCTION MATERIALS WHSLE,Wholesale Trade,Core,"8515 MIRAMAR PL , SAN DIEGO, CA 92121-2529","7365 Mission Gorge Rd, San Diego, California, 92120",100.0,-117.083449176086,32.804609766605
2023011056,FOUNDER WELDING WORKS,SOLE,1189 HILLTOP DR ,CHULA VISTA,CA,91911-3543,333992,WELDING & SOLDERING EQUIPMENT MFG,Manufacturing,Core,"1189 HILLTOP DR , CHULA VISTA, CA 91911-3543","1189 Hilltop Dr, Chula Vista, California, 91911",100.0,-117.055725612238,32.614138057741
2026004440,FOUR SEEDS CO,CORP,8511 AVENIDA DE LAS ONDAS ,LA JOLLA,CA,92037-3028,3379,OTHER FURNITURE RELATED PRODUCT MFG,Manufacturing,Core,"8511 AVENIDA DE LAS ONDAS , LA JOLLA, CA 92037-3028","8511 Avenida de las Ondas, La Jolla, California, 92037",100.0,-117.251562409686,32.861542880005
2025005059,FR EXIUP SERVICES,SOLE,9051 SIEMPRE VIVA RD G ,SAN DIEGO,CA,92154-7605,49319,OTHER WAREHOUSING & STORAGE,Transportation and Warehousing,Core,"9051 SIEMPRE VIVA RD G , SAN DIEGO, CA 92154-7605","3245 Ivy St, San Diego, California, 92104",100.0,-117.124128144758,32.728561639194
2025015697,FRANCISCO I GRIJALVA SR & BERTHA G GRIJALVA,H-W,11736 PICKFORD RD ,SAN DIEGO,CA,92131-3647,313,TEXTILE MILLS,Manufacturing,Core,"11736 PICKFORD RD , SAN DIEGO, CA 92131-3647","9051 Siempre Viva Rd, Suite G, San Diego, California, 92154",100.0,-116.94859240062,32.553021997471
2025015700,FRANCISCO MENDOZA & JENNIFER MENDOZA,H-W,3245 IVY ST ,SAN DIEGO,CA,92104-5622,315,APPAREL MANUFACTURING,Manufacturing,Core,"3245 IVY ST , SAN DIEGO, CA 92104-5622","2655 Melksee, San Diego, California, 92154",98.04,-116.957508566304,32.551723263483
2016002046,FRANK S DISTRIBUTING OF PRODUCE,CORP,2655 MELKSEE ST ,SAN DIEGO,CA,92154-2685,42248,FRESH FRUIT & VEGETABLE WHSLE,Wholesale Trade,Core,"2655 MELKSEE ST , SAN DIEGO, CA 92154-2685","11736 Pickford Rd, San Diego, California, 92131",100.0,-117.100621097302,32.931918554442
2004005484,FRANKLIN ACCESS,CORP,3940 RUFFIN RD C ,SAN DIEGO,CA,92123-1844,42169,OTHER ELECTRONIC PARTS & EQUIPMENT WHSLE,Wholesale Trade,Core,"3940 RUFFIN RD C , SAN DIEGO, CA 92123-1844","1610 Landmark Rd, San Diego, California, 92154",100.0,-116.954781597925,32.566389205198
2009001966,FREIG CARRILLO FORWARDING,CORP,9505 AIRWAY RD 100 ,SAN DIEGO,CA,92154-7923,49311,GENERAL WAREHOUSING & STORAGE,Transportation and Warehousing,Core,"9505 AIRWAY RD 100 , SAN DIEGO, CA 92154-7923","2305 Historic Decatur Rd, Suite 100, San Diego, California, 92106",100.0,-117.216648262561,32.734382870949
2000007703,FREIGHTSHOPPER LLC,CORP,1610 LANDMARK RD ,SAN DIEGO,CA,92154-6759,488999,ALL OTHER TRANSPORTATION SUPPORT ACTIVITIES,Transportation and Warehousing,Core,"1610 LANDMARK RD , SAN DIEGO, CA 92154-6759","3940 Ruffin Rd, Suite C, San Diego, California, 92123",100.0,-117.121428166107,32.814018955833
2021000106,FRESCO VEGGIES,LLC,2305 HISTORIC DECATUR RD 100 ,SAN DIEGO,CA,92106-6071,42248,FRESH FRUIT & VEGETABLE WHSLE,Wholesale Trade,Core,"2305 HISTORIC DECATUR RD 100 , SAN DIEGO, CA 92106-6071","7950 Silverton Ave, Suite 112, San Diego, California, 92126",100.0,-117.150135011016,32.890873170873
1998007691,FRESHPOINT OF SOUTHERN CALIFORNIA INC,CORP,155 N ORANGE AVE ,CITY OF INDUSTRY,CA,91911-4629,4224,GROCERY & RELATED PRODUCT WHSLE,Wholesale Trade,Core,"155 N ORANGE AVE , CITY OF INDUSTRY, CA 91911-4629","9505 Airway Rd, San Diego, California, 92154",99.12,-116.94008015885,32.560120086446
2002000128,FRONTIER DISTRIBUTING CO,CORP,7950 SILVERTON AVE 112 ,SAN DIEGO,CA,92126-6343,421,"WHOLESALE TRADE, DURABLE GOODS",Wholesale Trade,Core,"7950 SILVERTON AVE 112 , SAN DIEGO, CA 92126-6343","1654 Caithness Dr, San Ysidro, California, 92173",100.0,-117.055291932568,32.566218968744
1994004109,FRONTIER TRADING INC,CORP,720 GOLDEN PARK AVE ,SAN DIEGO,CA,92106-2913,4224,GROCERY & RELATED PRODUCT WHSLE,Wholesale Trade,Core,"720 GOLDEN PARK AVE , SAN DIEGO, CA 92106-2913","720 Golden Park Ave, San Diego, California, 92106",100.0,-117.2394607017,32.717914903871
2018011960,FRONTIER WAREHOUSING AND TRANSPORTATION,SOLE,1654 CAITHNESS DR ,SAN YSIDRO,CA,92173-1411,49311,GENERAL WAREHOUSING & STORAGE,Transportation and Warehousing,Core,"1654 CAITHNESS DR , SAN YSIDRO, CA 92173-1411","6565 Miramar Rd, San Diego, California, 92121",100.0,-117.173519515048,32.877806161008
1974000161,FROST HARDWOOD LUMBER CO,CORP,6565 MIRAMAR RD ,SAN DIEGO,CA,92121-2506,4213,LUMBER & OTHER CONSTRUCTION MATERIALS WHSLE,Wholesale Trade,Core,"6565 MIRAMAR RD , SAN DIEGO, CA 92121-2506","8221 Arjons Dr, Suite A, San Diego, California, 92126",100.0,-117.142381080027,32.894471521906
1992010701,FRUTSTIX,PARTNR,8221 ARJONS DR A ,SAN DIEGO,CA,92126-6319,311,FOOD MFG,Manufacturing,Core,"8221 ARJONS DR A , SAN DIEGO, CA 92126-6319","8755 Aero Dr, San Diego, California, 92123",99.06,-117.139693255136,32.809645236847
2016002559,FUENTES TRUCKING INC,SCORP,24013 DE LONGE LN ,TECATE,CA,91980-3903,4889,OTHER TRANSPORTATION SUPPORT ACTIVITIES,Transportation and Warehousing,Core,"24013 DE LONGE LN , TECATE, CA 91980-3903","24013 Delonge Ln, Tecate, California, 91980",100.0,-116.631523108404,32.589618224925
1997014193,FUJI ELECTRIC INDUSTRIES AMERICA INC,CORP,8755 AERO DR 322 ,SAN DIEGO,CA,92123-1764,4216,ELECTRICAL GOODS WHSLE,Wholesale Trade,Core,"8755 AERO DR 322 , SAN DIEGO, CA 92123-1764","155 N Orange Ave, City Of Industry, California, 91744",97.53,-117.979656009925,34.039882018249
2020011509,FULL SPEED AUTO LLC,LLC,8736 PRODUCTION AVE ,SAN DIEGO,CA,92121-2221,42111,AUTOMOBILE & OTHER MOTOR VEHICLE WHSLE,Wholesale Trade,Core,"8736 PRODUCTION AVE , SAN DIEGO, CA 92121-2221","8736 Production Ave, San Diego, California, 92121",100.0,-117.165921738914,32.883618675584
1993010756,FULL SWING GOLF,CORP,4122 SORRENTO VALLEY BLVD 107 ,SAN DIEGO,CA,92121-1431,42191,SPORTING & RECREATIONAL GOODS & SUPPLY WHSLE,Wholesale Trade,Core,"4122 SORRENTO VALLEY BLVD 107 , SAN DIEGO, CA 92121-1431","4122 Sorrento Valley Blvd, Suite 107, San Diego, California, 92121",100.0,-117.216172086641,32.903875807721
2016009415,FUMARI INC,SCORP,720 GATEWAY CENTER DR C ,SAN DIEGO,CA,92102-4549,3122,TOBACCO MFG,Manufacturing,Core,"720 GATEWAY CENTER DR C , SAN DIEGO, CA 92102-4549","8570 Production Ave, San Diego, California, 92121",100.0,-117.165835405312,32.881787439288
2025020259,FUMARI INC,SCORP,1676 MAIN ST ,SAN DIEGO,CA,92113-1024,33999,ALL OTHER MISC MFG,Manufacturing,Core,"1676 MAIN ST , SAN DIEGO, CA 92113-1024","1676 Main St, San Diego, California, 92113",100.0,-117.150295524462,32.70166184879
2026001148,FUN AND SAFE CHARTERS,SOLE,1211 PACIFIC BEACH DR 1 ,SAN DIEGO,CA,92109-5231,488,TRANSPORTATION SUPPORT ACTIVITIES,Transportation and Warehousing,Core,"1211 PACIFIC BEACH DR 1 , SAN DIEGO, CA 92109-5231","1211 Pacific Beach Dr, Unit 1, San Diego, California, 92109",100.0,-117.246083578675,32.792606797438
1978035972,FUN SERVICES,LLC,8570 PRODUCTION AVE ,SAN DIEGO,CA,92121-2205,421,"WHOLESALE TRADE, DURABLE GOODS",Wholesale Trade,Core,"8570 PRODUCTION AVE , SAN DIEGO, CA 92121-2205","9765 Marconi Dr, Suite 106 A, San Diego, California, 92154",100.0,-116.935527192864,32.554353085605
2015047670,FUNAI CORPORATION INC,CORP,9765 MARCONI DR 106A ,SAN DIEGO,CA,92154-7242,42162,ELECTRIC APPLIANCE/TV/RADIO SET WHSLE,Wholesale Trade,Core,"9765 MARCONI DR 106A , SAN DIEGO, CA 92154-7242","720 Gateway Center Dr, Suite C, San Diego, California, 92102",100.0,-117.114284102393,32.713633260091
2019020027,FUSION,SOLE,13330 PASEO DEL VERANO NOR ,SAN DIEGO,CA,92128-1804,42199,OTHER MISCELLANEOUS DURABLE GOODS WHSLE,Wholesale Trade,Core,"13330 PASEO DEL VERANO NOR , SAN DIEGO, CA 92128-1804","7014 Carroll Rd, San Diego, California, 92121",100.0,-117.170143284449,32.885233952145
1986004525,FUTURE ELECTRONICS CORP,CORP,10805 RANCHO BERNARDO RD 255 ,SAN DIEGO,CA,92127-5701,4216,ELECTRICAL GOODS WHSLE,Wholesale Trade,Core,"10805 RANCHO BERNARDO RD 255 , SAN DIEGO, CA 92127-5701","10805 Rancho Bernardo Rd, San Diego, California, 92127",99.3,-117.098558059474,33.021441303669
2016019167,FUTURISTICS MACHINE INC,SCORP,7014 CARROLL RD ,SAN DIEGO,CA,92121-2213,3329,OTHER FABRICATED METAL PRODUCT MFG,Manufacturing,Core,"7014 CARROLL RD , SAN DIEGO, CA 92121-2213","13330 Paseo Del Verano Norte, Poway, California, 92064",96.93,-117.047249915566,33.033123204034
2025011924,FUZZBUZZ TECHNOLOGIES INC,CORP,41 COMMERCE AVE 2 ,SOUTH BURLINGTON,VT,05403-5833,4229,MISCELLANEOUS NONDURABLE GOODS WHSLE,Wholesale Trade,Core,"41 COMMERCE AVE 2 , SOUTH BURLINGTON, VT 05403-5833","41 Commerce Ave, Suite 2, South Burlington, Vermont, 05403",100.0,-73.156322284209,44.481974432469
1976020038,FV PRODUCE,SOLE,2133 LOGAN AVE ,SAN DIEGO,CA,92113-2227,422,"WHOLESALE TRADE, NONDURABLE GOODS",Wholesale Trade,Core,"2133 LOGAN AVE , SAN DIEGO, CA 92113-2227","1368 Lincoln Ave, San Diego, California, 92103",100.0,-117.150987806307,32.752027921533
2004013845,G & B SOUTHWEST CARRIERS,SOLE,1368 LINCOLN AVE ,SAN DIEGO,CA,92103,492,COURIERS & MESSENGERS,Transportation and Warehousing,Core,"1368 LINCOLN AVE , SAN DIEGO, CA 92103","2133 Logan Ave, San Diego, California, 92113",100.0,-117.14042784513,32.698744820756
1996011343,G & S SURFBOARDS INC,CORP,5151 SANTA FE ST A ,SAN DIEGO,CA,92109-1618,42191,SPORTING & RECREATIONAL GOODS & SUPPLY WHSLE,Wholesale Trade,Core,"5151 SANTA FE ST A , SAN DIEGO, CA 92109-1618","1605 Pacific Rim Ct, Suite B, San Diego, California, 92154",100.0,-116.992545927406,32.567695021894
2025012720,G AND P METALS LLC,LLC,3735 CLINTON ST ,SAN DIEGO,CA,92113-1720,332,FABRICATED METAL PRODUCT MFG,Manufacturing,Core,"3735 CLINTON ST , SAN DIEGO, CA 92113-1720","3735 Clinton St, San Diego, California, 92113",100.0,-117.113873808232,32.704403778866
2025020187,G&A BIND,SOLE,1605 PACIFIC RIM CT B ,SAN DIEGO,CA,92154-7517,3231,PRINTING & RELATED SUPPORT ACTIVITIES,Manufacturing,Core,"1605 PACIFIC RIM CT B , SAN DIEGO, CA 92154-7517","2627 Galveston St, San Diego, California, 92110",100.0,-117.200007502548,32.789458889882
2024008558,G7 CUSTOM MADE,SCORP,2627 GALVESTON ST ,SAN DIEGO,CA,92110-2310,337,FURNITURE & RELATED PRODUCT MFG,Manufacturing,Core,"2627 GALVESTON ST , SAN DIEGO, CA 92110-2310","5151 Santa Fe St, Suite A, San Diego, California, 92109",100.0,-117.226323074301,32.819948356049
2026005406,GABBIANO INC,CORP,4455 MURPHY CANYON RD 103 ,SAN DIEGO,CA,92123-4379,421,"WHOLESALE TRADE, DURABLE GOODS",Wholesale Trade,Core,"4455 MURPHY CANYON RD 103 , SAN DIEGO, CA 92123-4379","4179 Franklin Ave, San Diego, California, 92113",100.0,-117.104734013372,32.70127397622
2023012396,GABRIEL FLORES,SOLE,4179 FRANKLIN AVE ,SAN DIEGO,CA,92113-1843,4921,COURIERS,Transportation and Warehousing,Core,"4179 FRANKLIN AVE , SAN DIEGO, CA 92113-1843","4455 Murphy Canyon Rd, San Diego, California, 92123",99.25,-117.119185671731,32.824910400819
2007003767,GALA SYSTEMS INC,CORP,3185 01ST ST ,"ST-HUBERT, QUEBEC  J3Y 8Y6",--,00000,333298,ALL OTHER INDUSTRIAL MACHINERY MFG,Manufacturing,Core,"3185 01ST ST , ST-HUBERT, QUEBEC  J3Y 8Y6, -- 00000","7595 Raytheon Rd, San Diego, California, 92111",100.0,-117.156280454787,32.830806357241
2007030415,GALLEHER LLC,LLC,7595 RAYTHEON RD ,SAN DIEGO,CA,92111-1506,4213,LUMBER & OTHER CONSTRUCTION MATERIALS WHSLE,Wholesale Trade,Core,"7595 RAYTHEON RD , SAN DIEGO, CA 92111-1506","J3Y 8Y6, Saint-Hubert, Quebec",84.5,-73.390783310584,45.476993175911
2025020229,GAME OF CONES,SCORP,3575 06TH AVE G ,SAN DIEGO,CA,92103-5032,31182,"COOKIE, CRACKER & PASTA MFG",Manufacturing,Core,"3575 06TH AVE G , SAN DIEGO, CA 92103-5032","2950 Iris Ave, Space 83, San Diego, California, 92154",100.0,-117.070026731617,32.569156280984
2025022086,GAMERGIRLGRANGE,SOLE,205 S 02ND S ST 8 ,EL CAJON,CA,92019-2209,3399,OTHER MISCELLANEOUS MFG,Manufacturing,Core,"205 S 02ND S ST 8 , EL CAJON, CA 92019-2209","92103-5032, San Diego, California",86.5,-117.159479994867,32.742889999758
2020007631,GAMMA INDUSTRIAL,SOLE,2950 IRIS AVE 83 ,SAN DIEGO,CA,92154-3362,42149,OTH PROFESSIONAL EQUIPMENT & SUPPLIES WHSLE,Wholesale Trade,Core,"2950 IRIS AVE 83 , SAN DIEGO, CA 92154-3362","5052 Clairemont Dr, San Diego, California, 92177",98.72,-117.202041287535,32.833559686706
2007004950,GARAGE CANDY,CORP,6173 LAKEWOOD ST ,SAN DIEGO,CA,92122-3901,4211,MOTOR VEHICLE/MOTOR VEHICLE PT & SUPPLY WHSLE,Wholesale Trade,Core,"6173 LAKEWOOD ST , SAN DIEGO, CA 92122-3901","6173 Lakewood St, San Diego, California, 92122",100.0,-117.186810447456,32.850719118887
2003024307,GARCIA BUS SALES INC,CORP,1645 OTAY MESA CENTER RD ,SAN DIEGO,CA,92154-8222,42111,AUTOMOBILE & OTHER MOTOR VEHICLE WHSLE,Wholesale Trade,Core,"1645 OTAY MESA CENTER RD , SAN DIEGO, CA 92154-8222","1645 Otay Mesa Center Rd, San Diego, California, 92154",100.0,-116.96664785825,32.566426839943
2025005672,GARDENPARTY,LLC,5052 CLAIREMONT DR 178 ,SAN DIEGO,CA,92117-2709,3119,OTHER FOOD MFG,Manufacturing,Core,"5052 CLAIREMONT DR 178 , SAN DIEGO, CA 92117-2709","9366 Cabot Dr, San Diego, California, 92126",100.0,-117.144109931376,32.892023419445
2025001983,GAS'D,SOLE,1855 01ST AVE 103 ,SAN DIEGO,CA,92101-2650,4922,LOCAL MESSENGERS & LOCAL DELIVERY,Transportation and Warehousing,Core,"1855 01ST AVE 103 , SAN DIEGO, CA 92101-2650","9550 Waples St, Suite 120, San Diego, California, 92121",100.0,-117.182711696803,32.903015572998
2019020229,GASTEC INTERNATIONAL CORPORATION LIMITED,CORP,9550 WAPLES ST 120 ,SAN DIEGO,CA,92121-2984,42169,OTHER ELECTRONIC PARTS & EQUIPMENT WHSLE,Wholesale Trade,Core,"9550 WAPLES ST 120 , SAN DIEGO, CA 92121-2984","9474 Chesapeake Dr, Suite 907, San Diego, California, 92123",100.0,-117.124307433667,32.837025352212
2026005530,GATES & CONTROLS,CORP,9366 CABOT DR ,SAN DIEGO,CA,92126-4311,4216,ELECTRICAL GOODS WHSLE,Wholesale Trade,Core,"9366 CABOT DR , SAN DIEGO, CA 92126-4311","3065 Beyer Blvd, Suite 103, San Diego, California, 92154",99.94,-117.065326998506,32.572089737548
2018023158,GATES AND CONTROLS INC,SCORP,9474 CHESAPEAKE DR 907 ,SAN DIEGO,CA,92123-1027,421,"WHOLESALE TRADE, DURABLE GOODS",Wholesale Trade,Core,"9474 CHESAPEAKE DR 907 , SAN DIEGO, CA 92123-1027","92101-2650, San Diego, California",86.5,-117.163850989735,32.724680985662
2025002383,GAUSS IMAGING LLC,CORP,3065 BEYER BLVD B-103 ,SAN DIEGO,CA,92154-3499,42145,MEDICAL/DENTAL/HOSPITAL EQUIP & SUPP WHSLE,Wholesale Trade,Core,"3065 BEYER BLVD B-103 , SAN DIEGO, CA 92154-3499","8684 Avenida de la Fuente, Suite 5, San Diego, California, 92154",100.0,-116.956794931068,32.556272583341
2005010557,GAYTAN'S TRUCKING,LLC,8684 AVENIDA DE LA FUENTE 5 ,SAN DIEGO,CA,92154-6220,48411,"GENERAL FREIGHT TRUCKING, LOCAL",Transportation and Warehousing,Core,"8684 AVENIDA DE LA FUENTE 5 , SAN DIEGO, CA 92154-6220","92019-2209, El Cajon, California",86.5,-116.937267192145,32.793678507578
2025001467,GBC GROUP LLC,LLC,845 15TH ST 103 ,SAN DIEGO,CA,92101-8098,42149,OTH PROFESSIONAL EQUIPMENT & SUPPLIES WHSLE,Wholesale Trade,Core,"845 15TH ST 103 , SAN DIEGO, CA 92101-8098","845 15th St, Suite 103, San Diego, California, 92101",100.0,-117.150360568031,32.713975535107
2023011213,GCF FILTRATION,LLC,10366 ROSELLE ST D ,SAN DIEGO,CA,92121-1543,421,"WHOLESALE TRADE, DURABLE GOODS",Wholesale Trade,Core,"10366 ROSELLE ST D , SAN DIEGO, CA 92121-1543","10366 Roselle St, Suite D, San Diego, California, 92121",100.0,-117.217954498352,32.892704490988
2019002048,GDO SPORTS INC,CORP,4660 LA JOLLA VILLAGE DR 100 ,SAN DIEGO,CA,92121,33992,SPORTING & ATHLETIC GOODS MFG,Manufacturing,Core,"4660 LA JOLLA VILLAGE DR 100 , SAN DIEGO, CA 92121","3753 India St, San Diego, California, 92103",100.0,-117.181033975063,32.743070545952
2026003130,GEBO LEATHER,SOLE,7576 TRADE ST A ,SAN DIEGO,CA,92121-2477,31699,OTHER LEATHER & ALLIED PRODUCT MFG,Manufacturing,Core,"7576 TRADE ST A , SAN DIEGO, CA 92121-2477","3065 Beyer Blvd, Suite 103, San Diego, California, 92154",99.94,-117.065326998506,32.572089737548
2017014678,GELATO VERO CAFFE,SCORP,3753 INDIA ST ,SAN DIEGO,CA,92103-3727,31152,ICE CREAM & FROZEN DESSERT MFG,Manufacturing,Core,"3753 INDIA ST , SAN DIEGO, CA 92103-3727","7576 Trade St, Suite A, San Diego, California, 92121",100.0,-117.160097741131,32.888819730324
2016005259,GEMO FISH INC,CORP,3065 BEYER BLVD B-103 ,SAN DIEGO,CA,92154-3499,42246,FISH & SEAFOOD WHSLE,Wholesale Trade,Core,"3065 BEYER BLVD B-103 , SAN DIEGO, CA 92154-3499","16262 W Bernardo Dr, San Diego, California, 92127",100.0,-117.091429586099,33.011234408715
1984009244,GEN-PROBE INC,CORP,10210 GENETIC CENTER DR ,SAN DIEGO,CA,92121-4362,42199,OTHER MISCELLANEOUS DURABLE GOODS WHSLE,Wholesale Trade,Core,"10210 GENETIC CENTER DR , SAN DIEGO, CA 92121-4362","15222 Avenue of Science, San Diego, California, 92128",100.0,-117.0818654993,32.991863243744
2020004347,GENASYS INC,CORP,16262 W BERNARDO DR ,SAN DIEGO,CA,92127-1879,339,MISCELLANEOUS MFG,Manufacturing,Core,"16262 W BERNARDO DR , SAN DIEGO, CA 92127-1879","10210 Genetic Center Dr, San Diego, California, 92121",100.0,-117.181557341098,32.906165198845
1994004742,GENBIO,CORP,15222 AVENUE OF SCIENCE ,SAN DIEGO,CA,92128-3422,339,MISCELLANEOUS MFG,Manufacturing,Core,"15222 AVENUE OF SCIENCE , SAN DIEGO, CA 92128-3422","4660 La Jolla Village Dr, Suite 100, San Diego, California, 92122",99.74,-117.206883261542,32.874214138312
1998000912,GENCHEV TRUCKING,CORP,11480 CYPRESS TER PL ,SAN DIEGO,CA,92131-3517,484,TRUCK TRANSPORTATION,Transportation and Warehousing,Core,"11480 CYPRESS TER PL , SAN DIEGO, CA 92131-3517","11480 Cypress Terrace Pl, San Diego, California, 92131",100.0,-117.065608295177,32.927389309242
2000007341,GENEMAY INC,CORP,7905 SILVERTON AVE 117 ,SAN DIEGO,CA,92126-6346,4226,CHEMICAL & ALLIED PRODUCTS WHSLE,Wholesale Trade,Core,"7905 SILVERTON AVE 117 , SAN DIEGO, CA 92126-6346","7905 Silverton Ave, Suite 117, San Diego, California, 92126",100.0,-117.151839806303,32.890854898324
2026003429,GENERAL ELECTRIC COMPANY,SCORP,1 AVIATION WAY ,CINCINNATI,OH,45215-1900,33641,AEROSPACE PRODUCT & PARTS MFG,Manufacturing,Core,"1 AVIATION WAY , CINCINNATI, OH 45215-1900","1 Aviation Way, Cincinnati, Ohio, 45215",100.0,-84.440550629254,39.251602897072
1993001219,GENERAL PETROLEUM,LLC,1028 S SEASIDE AV ,TERMINAL ISLAND,CA,90731,4227,PETROLEUM & PETROLEUM PRODUCTS WHSLE,Wholesale Trade,Core,"1028 S SEASIDE AV , TERMINAL ISLAND, CA 90731","125 Market Pl, Suite B, Escondido, California, 92029",100.0,-117.112612834718,33.118665429353
2011022788,GENESIS WOODWORKING,SOLE,125 MARKET PL B ,ESCONDIDO,CA,92029-1376,32199,ALL OTHER WOOD PRODUCT MFG,Manufacturing,Core,"125 MARKET PL B , ESCONDIDO, CA 92029-1376","888 Prospect St, Suite 200, La Jolla, California, 92037",100.0,-117.275748056022,32.846428841747
2017005169,GENIE SCIENTIFIC CORPORATION,CORP,17430 MOUNT CLIFFWOOD CIR ,FOUNTAIN VALLEY,CA,92708-4101,339,MISCELLANEOUS MFG,Manufacturing,Core,"17430 MOUNT CLIFFWOOD CIR , FOUNTAIN VALLEY, CA 92708-4101","1028 S Seaside Ave, San Pedro, California, 90731",100.0,-118.270547950492,33.736065379182
2022003036,GENTLE GIANT MOVING & STORAGE,LLC,888 PROSPECT ST 200 ,LA JOLLA,CA,92037-4261,4842,SPECIALIZED FREIGHT TRUCKING,Transportation and Warehousing,Core,"888 PROSPECT ST 200 , LA JOLLA, CA 92037-4261","17430 Mount Cliffwood Cir, Fountain Valley, California, 92708",100.0,-117.929490822334,33.710137151047
1984012216,GEORGE & KROGH WELDING INC,CORP,1357 LAS VILLAS WY ,ESCONDIDO,CA,92026,3314,NONFERROUS (EXC ALUM) PRODUCTION & PROCESSING,Manufacturing,Core,"1357 LAS VILLAS WY , ESCONDIDO, CA 92026","9515 Genesee Ave, Apartment 123, San Diego, California, 92121",100.0,-117.214040652483,32.878140766583
2024011694,GEORGE PANAGOS,SOLE,9515 GENESEE AVE 123 ,SAN DIEGO,CA,92121-2020,49221,LOCAL MESSENGERS & LOCAL DELIVERY,Transportation and Warehousing,Core,"9515 GENESEE AVE 123 , SAN DIEGO, CA 92121-2020","1357 Las Villas Way, Escondido, California, 92026",100.0,-117.094550001013,33.140073354887
1989004044,GEORGE'S WELDING & IRON WORK,SOLE,7405 ROCK CANYON DR ,SAN DIEGO,CA,92126-1065,331,PRIMARY METAL MFG,Manufacturing,Core,"7405 ROCK CANYON DR , SAN DIEGO, CA 92126-1065","7405 Rock Canyon Dr, San Diego, California, 92126",100.0,-117.161985178088,32.922744687145
2021009114,GEOTAB USA INC,CORP,6543 LAS VEGAS BLVD 200 ,LAS VEGAS,NV,89119-3235,4219,MISCELLANEOUS DURABLE GOODS WHSLE,Wholesale Trade,Core,"6543 LAS VEGAS BLVD 200 , LAS VEGAS, NV 89119-3235","6543 Las Vegas Blvd S, Unit 200, Las Vegas, Nevada, 89119",99.55,-115.175678308669,36.065796020472
2023008145,GERARDO'S LUMPING SERVICES,SOLE,2953 BEYER BLVD 171 ,SAN DIEGO,CA,92154-4604,488,TRANSPORTATION SUPPORT ACTIVITIES,Transportation and Warehousing,Core,"2953 BEYER BLVD 171 , SAN DIEGO, CA 92154-4604","2953 Beyer Blvd, San Diego, California, 92154",99.14,-117.067650713524,32.575204746134
2023005934,GG CREATES,SOLE,8036 LINDA VISTA RD 1E ,SAN DIEGO,CA,92111-5139,323,PRINTING & RELATED SUPPORT ACTIVITIES,Manufacturing,Core,"8036 LINDA VISTA RD 1E , SAN DIEGO, CA 92111-5139","1927 Chatsworth Blvd, San Diego, California, 92107",100.0,-117.231845491208,32.735779254109
2025021214,GIA HUY H LUONG ,SOLE,4422 1/2 WINONA AVE ,SAN DIEGO,CA,92115-4641,4922,LOCAL MESSENGERS & LOCAL DELIVERY,Transportation and Warehousing,Core,"4422 1/2 WINONA AVE , SAN DIEGO, CA 92115-4641","2199 Britannia Blvd, San Diego, California, 92154",100.0,-116.979741564477,32.557763891554
2018007993,GICONSA,LLC,2199 BRITANNIA BLVD ,SAN DIEGO,CA,92154-8307,49221,LOCAL MESSENGERS & LOCAL DELIVERY,Transportation and Warehousing,Core,"2199 BRITANNIA BLVD , SAN DIEGO, CA 92154-8307","8036 Linda Vista Rd, Apartment 1 E, San Diego, California, 92111",100.0,-117.155510493161,32.805696857537
1999014062,GILLAWORKS WOODWORKING,SOLE,1927 CHATSWORTH BLVD ,SAN DIEGO,CA,92107-2713,321,WOOD PRODUCT MFG,Manufacturing,Core,"1927 CHATSWORTH BLVD , SAN DIEGO, CA 92107-2713","4422 1/2 Winona Ave, San Diego, California, 92115",100.0,-117.087947072968,32.757452634516
2025016384,GILLIE'S AUTO LOUNGE,LLC,3341 HANCOCK ST B ,SAN DIEGO,CA,92110-4302,4931,WAREHOUSING & STORAGE,Transportation and Warehousing,Core,"3341 HANCOCK ST B , SAN DIEGO, CA 92110-4302","13932 Amber Sky Ln, San Diego, California, 92129",100.0,-117.132820094532,32.970921519665
1992009441,GILSON INC,CORP,3000 PARMENTER ST ,MIDDLETON,WI,53562-1617,334516,ANALYTICAL LABORATORY INSTRUMENT MFG,Manufacturing,Core,"3000 PARMENTER ST , MIDDLETON, WI 53562-1617","2665 Ariane Dr, San Diego, California, 92117",99.12,-117.229701735652,32.826797041496
2021008507,GIVON FURNITURE,SOLE,13932 AMBER SKY LN ,SAN DIEGO,CA,92129-3102,337,FURNITURE & RELATED PRODUCT MFG,Manufacturing,Core,"13932 AMBER SKY LN , SAN DIEGO, CA 92129-3102","3341 Hancock St, San Diego, California, 92110",99.7,-117.206855517443,32.75528377516
2024003248,GLAMBOT,LLC,2665 ARIANE DR 208 ,SAN DIEGO,CA,92117-3460,333315,PHOTOGRAPHIC & PHOTOCOPYING EQUIPMENT MFG,Manufacturing,Core,"2665 ARIANE DR 208 , SAN DIEGO, CA 92117-3460","3000 Parmenter St, Middleton, Wisconsin, 53562",100.0,-89.510678699944,43.106642925696
2026002005,GLASSLINE WINDOWS LLC,LLC,14181 BARRYMORE ST ,SAN DIEGO,CA,92129-3121,33792,BLIND & SHADE MFG,Manufacturing,Core,"14181 BARRYMORE ST , SAN DIEGO, CA 92129-3121","14181 Barrymore St, San Diego, California, 92129",100.0,-117.134875588647,32.974503023072
2004008515,GLEASON USA,CORP,8684 AVE DE LA FUENTE 15 ,SAN DIEGO,CA,92154-6220,42145,MEDICAL/DENTAL/HOSPITAL EQUIP & SUPP WHSLE,Wholesale Trade,Core,"8684 AVE DE LA FUENTE 15 , SAN DIEGO, CA 92154-6220","4211 Mount Herbert Ave, San Diego, California, 92117",100.0,-117.196750211155,32.818983598994
2008041355,GLENN BOVEE & JILL BOVEE,H-W,4211 MOUNT HERBERT AVE ,SAN DIEGO,CA,92117-4724,4225,FARM PRODUCT RAW MATERIAL WHSLE,Wholesale Trade,Core,"4211 MOUNT HERBERT AVE , SAN DIEGO, CA 92117-4724","8684 Avenida de la Fuente, Suite 15, San Diego, California, 92154",100.0,-116.956794931068,32.556272583341
2025011332,GLITHE INC,CORP,1161 PARADISE TRAIL RD ,CHULA VISTA,CA,91915-2502,4219,MISCELLANEOUS DURABLE GOODS WHSLE,Wholesale Trade,Core,"1161 PARADISE TRAIL RD , CHULA VISTA, CA 91915-2502","1161 Paradise Trail Rd, Chula Vista, California, 91915",100.0,-116.948841259325,32.645280851352
2021002458,GLOBAL ENVIRONMENTAL PRODUCTS INC,SCORP,5405 INDUSTRIAL PKWY ,SAN BERNARDINO,CA,92407-1803,333,MACHINERY MFG,Manufacturing,Core,"5405 INDUSTRIAL PKWY , SAN BERNARDINO, CA 92407-1803","5405 Industrial Pkwy, San Bernardino, California, 92407",100.0,-117.348197539033,34.178946299562
2015017915,GLOBAL EXPRESS TRUCKING CORPORATION,CORP,571 SEA ISLE DR ,SAN DIEGO,CA,92154-8510,484,TRUCK TRANSPORTATION,Transportation and Warehousing,Core,"571 SEA ISLE DR , SAN DIEGO, CA 92154-8510","571 Sea Isle Dr, San Diego, California, 92154",100.0,-117.029630652177,32.585089776006
2021001781,GLOBAL MANAGEMENT INTERNATIONAL INC,CORP,482 W SAN YSIDRO BLVD 1272 ,SAN YSIDRO,CA,92173-2444,4226,CHEMICAL & ALLIED PRODUCTS WHSLE,Wholesale Trade,Core,"482 W SAN YSIDRO BLVD 1272 , SAN YSIDRO, CA 92173-2444","552 Friendly Ct, El Cajon, California, 92021",100.0,-116.951912472468,32.801559927315
1996005212,GLOBAL TRADING COMPANY,SOLE,1116 CALLE TESORO ,CHULA VISTA,CA,91915,42111,AUTOMOBILE & OTHER MOTOR VEHICLE WHSLE,Wholesale Trade,Core,"1116 CALLE TESORO , CHULA VISTA, CA 91915","1116 Calle Tesoro, Chula Vista, California, 91915",100.0,-116.955945011349,32.644201840857
1998009798,GLOBAL TRADING COMPANY,SOLE,552 FRIENDLY CT ,EL CAJON,CA,92021-6119,421,"WHOLESALE TRADE, DURABLE GOODS",Wholesale Trade,Core,"552 FRIENDLY CT , EL CAJON, CA 92021-6119","482 W San Ysidro Blvd, San Ysidro, California, 92173",99.02,-117.054633701711,32.556043925023
1995003778,GLOBAL VISION TRADING INC,CORP,1845 GLASGOW AVE ,CARDIFF BY THE SEA,CA,92007-1624,4223,"APPAREL, PIECE GOODS & NOTIONS WHSLE",Wholesale Trade,Core,"1845 GLASGOW AVE , CARDIFF BY THE SEA, CA 92007-1624","1845 Glasgow Ave, Cardiff By The Sea, California, 92007",100.0,-117.278165480717,33.026470990398
2020014510,GLOBAL ZOOM INC,CORP,302 WASHINGTON ST 150-7017 ,SAN DIEGO,CA,92103-2110,421,"WHOLESALE TRADE, DURABLE GOODS",Wholesale Trade,Core,"302 WASHINGTON ST 150-7017 , SAN DIEGO, CA 92103-2110","7720 Arjons Dr, San Diego, California, 92126",100.0,-117.152405668587,32.89388076537
2016002625,GLOBALNET PRO INC,CORP,7720 ARJONS DR ,SAN DIEGO,CA,92126-4365,42143,COMPUTER & PERIPHERAL EQUIP & SOFTWARE WHSLE,Wholesale Trade,Core,"7720 ARJONS DR , SAN DIEGO, CA 92126-4365","8596 Spectrum Ln, San Diego, California, 92121",100.0,-117.1694203453,32.883104571553
2018017900,GLOBALTICA LLC,LLC,9651 AIRWAY RD F ,SAN DIEGO,CA,92154-7914,421,"WHOLESALE TRADE, DURABLE GOODS",Wholesale Trade,Core,"9651 AIRWAY RD F , SAN DIEGO, CA 92154-7914","2560 Catamaran Way, Chula Vista, California, 91914",99.49,-116.957243949621,32.656103313275
2019001275,"GLOCAL TRANSPORT SERVICES, LLC",SOLE,2560 CATAMARAN WAY 11 ,CHULA VISTA,CA,91914-4533,4841,GENERAL FREIGHT TRUCKING,Transportation and Warehousing,Core,"2560 CATAMARAN WAY 11 , CHULA VISTA, CA 91914-4533","3081 Okeefe St, San Ysidro, California, 92173",100.0,-117.052520540102,32.548529045912
2022000010,GLUTEN FREEDOM BAKING CO.,SCORP,8596 SPECTRUM LN ,SAN DIEGO,CA,92121,4224,GROCERY & RELATED PRODUCT WHSLE,Wholesale Trade,Core,"8596 SPECTRUM LN , SAN DIEGO, CA 92121","9651 Airway Rd, Suite F, San Diego, California, 92154",100.0,-116.93666595823,32.560107010677
2013058811,GLV LOGISTICS INC,CORP,3081 OKEEFE ST ,SAN DIEGO,CA,92173-2870,48412,"GENERAL FREIGHT TRUCKING, LONG-DISTANCE",Transportation and Warehousing,Core,"3081 OKEEFE ST , SAN DIEGO, CA 92173-2870","3602 Kurtz St, San Diego, California, 92110",100.0,-117.210958794323,32.757164506594
2022006929,GO POSTAL,CORP,1501 INDIA ST 103 ,SAN DIEGO,CA,92101-2446,49111,POSTAL SERVICE,Transportation and Warehousing,Core,"1501 INDIA ST 103 , SAN DIEGO, CA 92101-2446","302 Washington St, San Diego, California, 92103",98.29,-117.162605438923,32.750001793145
2001003858,GOALMAKER INC,CORP,3602 KURTZ ST ,SAN DIEGO,CA,92110-4432,42199,OTHER MISCELLANEOUS DURABLE GOODS WHSLE,Wholesale Trade,Core,"3602 KURTZ ST , SAN DIEGO, CA 92110-4432","1501 India St, Unit 103, San Diego, California, 92101",100.0,-117.168257942967,32.72142792713
2008007357,GOLD RUSH TOWING,SOLE,2463 K ST ,SAN DIEGO,CA,92102-2963,48841,MOTOR VEHICLE TOWING,Transportation and Warehousing,Core,"2463 K ST , SAN DIEGO, CA 92102-2963","4905 Morena Blvd, Suite 1308, San Diego, California, 92117",100.0,-117.229870044268,32.830966074407
2026002126,GOLDBERRY MANUFACTURING INC,SCORP,4905 MORENA BLVD 1308 ,SAN DIEGO,CA,92117-7375,339,MISCELLANEOUS MFG,Manufacturing,Core,"4905 MORENA BLVD 1308 , SAN DIEGO, CA 92117-7375","2463 K St, San Diego, California, 92102",100.0,-117.141139971624,32.708390463473
1997004936,GOLDEN DONUT,SOLE,2360 UNIVERSITY AVE ,SAN DIEGO,CA,92104-2720,311811,RETAIL BAKERIES,Manufacturing,Core,"2360 UNIVERSITY AVE , SAN DIEGO, CA 92104-2720","2360 University Ave, San Diego, California, 92104",100.0,-117.138996802801,32.748485213494
1989010783,GOLDEN INK LITHO,CORP,7602 VICKERS ST ,SAN DIEGO,CA,92111-1526,323,PRINTING & RELATED SUPPORT ACTIVITIES,Manufacturing,Core,"7602 VICKERS ST , SAN DIEGO, CA 92111-1526","7602 Vickers St, San Diego, California, 92111",100.0,-117.15637709813,32.828155957548
2023010362,GOLDEN PRIME AUTO SALES,LLC,1078 DENNERY RD 103 ,SAN DIEGO,CA,92154-6400,42111,AUTOMOBILE & OTHER MOTOR VEHICLE WHSLE,Wholesale Trade,Core,"1078 DENNERY RD 103 , SAN DIEGO, CA 92154-6400","1078 Dennery Rd, San Diego, California, 92154",99.14,-117.03578204597,32.574232910453
2025011291,GOLDEN ROSE WHOLESALE,SOLE,7625 BRITANNIA PARK PL 1 ,SAN DIEGO,CA,92154-7420,42249,OTHER GROCERY & RELATED PRODUCTS WHSLE,Wholesale Trade,Core,"7625 BRITANNIA PARK PL 1 , SAN DIEGO, CA 92154-7420","7955 Dunbrook Rd, Suite K, San Diego, California, 92126",100.0,-117.150123024895,32.892918480976
2000001078,GOLDEN STATE BOY FACTORY LLC,LLC,2155 PASEO DE LAS AMERICAS 31 ,SAN DIEGO,CA,92154-7907,42199,OTHER MISCELLANEOUS DURABLE GOODS WHSLE,Wholesale Trade,Core,"2155 PASEO DE LAS AMERICAS 31 , SAN DIEGO, CA 92154-7907","2155 Paseo de las Americas, Suite 31, San Diego, California, 92154",100.0,-116.935844615537,32.559561348781
2022000239,GOLDEN STATE MANUFACTURING LLC,LLC,7955 DUNBROOK RD K ,SAN DIEGO,CA,92126-6324,322,PAPER MFG,Manufacturing,Core,"7955 DUNBROOK RD K , SAN DIEGO, CA 92126-6324","7625 Britannia Park Pl, San Diego, California, 92154",99.74,-116.977692859703,32.555192491298
2025021795,GOLDEN TIER CAKE,SOLE,102 RAMONA ST ,RAMONA,CA,92065-2216,311811,RETAIL BAKERIES,Manufacturing,Core,"102 RAMONA ST , RAMONA, CA 92065-2216","102 Ramona St, Ramona, California, 92065",100.0,-116.879376739673,33.038572866022
2024002381,GOLDEN TOWING,LLC,11364 ALMAZON ST ,SAN DIEGO,CA,92129-1102,48841,MOTOR VEHICLE TOWING,Transportation and Warehousing,Core,"11364 ALMAZON ST , SAN DIEGO, CA 92129-1102","2856 Gobat Ave, San Diego, California, 92122",100.0,-117.22483076026,32.848178270668
1990010536,GOLLY COOL,SOLE,2856 GOBAT AVE ,SAN DIEGO,CA,92122-3132,339999,ALL OTHER MISCELLANEOUS MFG,Manufacturing,Core,"2856 GOBAT AVE , SAN DIEGO, CA 92122-3132","544 Merlin Dr, San Diego, California, 92114",100.0,-117.071090059854,32.71085620984
2023008961,GOMEZ ROADSIDE,SOLE,544 MERLIN DR ,SAN DIEGO,CA,92114-2336,4884,ROAD TRANSPORTATION SUPPORT ACTIVITIES,Transportation and Warehousing,Core,"544 MERLIN DR , SAN DIEGO, CA 92114-2336","11364 Almazon St, San Diego, California, 92129",100.0,-117.092093349012,32.995487704405
2022012154,GOOD DEEDS TRUCKING LLC,LLC,12580 CARMEL CREEK RD 45 ,SAN DIEGO,CA,92130-2379,484,TRUCK TRANSPORTATION,Transportation and Warehousing,Core,"12580 CARMEL CREEK RD 45 , SAN DIEGO, CA 92130-2379","9940 Marconi Dr, San Diego, California, 92154",100.0,-116.932716070177,32.554359497761
1988006746,GOOD FARMS INC,SCORP,9940 MARCONI DR ,SAN DIEGO,CA,92154-7270,4225,FARM PRODUCT RAW MATERIAL WHSLE,Wholesale Trade,Core,"9940 MARCONI DR , SAN DIEGO, CA 92154-7270","2345 Via Segundo, Suite 5, San Ysidro, California, 92173",100.0,-117.052978359653,32.553203381856
2003018825,GOOD LUCK ENTERPRISES INC,CORP,2345 VIA SEGUNDO 5 ,SAN YSIDRO,CA,92173-2802,42231,"PIECE GOODS, NOTIONS & OTHER DRY GOODS WHSLE",Wholesale Trade,Core,"2345 VIA SEGUNDO 5 , SAN YSIDRO, CA 92173-2802","13305 Caminito Ciera, Unit 126, San Diego, California, 92129",100.0,-117.102676675237,32.960425323323
2026000185,GOOD THINGS DELIVERY LLC,LLC,13305 CAMINITO CIERA 126 ,SAN DIEGO,CA,92129-6004,4224,GROCERY & RELATED PRODUCT WHSLE,Wholesale Trade,Core,"13305 CAMINITO CIERA 126 , SAN DIEGO, CA 92129-6004","12580 Carmel Creek Rd, Unit 45, San Diego, California, 92130",100.0,-117.230175816096,32.944068248823
2018018437,GOODCHOICE MEDICAL SUPPLIES,LLC,4760 MISSION GORGE PL D ,SAN DIEGO,CA,92120-4230,42145,MEDICAL/DENTAL/HOSPITAL EQUIP & SUPP WHSLE,Wholesale Trade,Core,"4760 MISSION GORGE PL D , SAN DIEGO, CA 92120-4230","4760 Mission Gorge Pl, Suite D, San Diego, California, 92120",100.0,-117.091949264096,32.781575668036
2025008455,GOODMARK SCREEN PRINTING,SOLE,4640 CASS ST 9783 ,SAN DIEGO,CA,92109-2804,323,PRINTING & RELATED SUPPORT ACTIVITIES,Manufacturing,Core,"4640 CASS ST 9783 , SAN DIEGO, CA 92109-2804","6334 El Cajon Blvd, San Diego, California, 92115",100.0,-117.062325774255,32.764102668857
1995007835,GORDON PARKHURST COMPANY,SOLE,2636 MAIN ST A ,SAN DIEGO,CA,92113-3613,421,"WHOLESALE TRADE, DURABLE GOODS",Wholesale Trade,Core,"2636 MAIN ST A , SAN DIEGO, CA 92113-3613","8605 Commerce Ave, San Diego, California, 92121",100.0,-117.167692248322,32.88170236297
2021009242,GORILLA EATS SUSHI LLC,LLC,6334 EL CAJON BLVD ,SAN DIEGO,CA,92115-2641,49221,LOCAL MESSENGERS & LOCAL DELIVERY,Transportation and Warehousing,Core,"6334 EL CAJON BLVD , SAN DIEGO, CA 92115-2641","4640 Cass St, San Diego, California, 92169",98.3,-117.25240697025,32.799133408255
2004002925,GORILLABUFFET & DMIZZ TRADING ,CORP,8605 COMMERCE AVE ,SAN DIEGO,CA,92121-2686,4223,"APPAREL, PIECE GOODS & NOTIONS WHSLE",Wholesale Trade,Core,"8605 COMMERCE AVE , SAN DIEGO, CA 92121-2686","2636 Main St, San Diego, California, 92113",100.0,-117.137401810446,32.692853264833
1996006202,GORMAN INDUSTRIAL SUPPLY COMPANY,CORP,2285 MICHAEL FARADAY DR 9 ,SAN DIEGO,CA,92154-7926,42199,OTHER MISCELLANEOUS DURABLE GOODS WHSLE,Wholesale Trade,Core,"2285 MICHAEL FARADAY DR 9 , SAN DIEGO, CA 92154-7926","2285 Michael Faraday Dr, Suite 9, San Diego, California, 92154",100.0,-116.932004698054,32.557651113047
2009018107,GORTON TELCOM,SOLE,8545 MISSION GORGE RD 250 ,SANTEE,CA,92071-3619,81131,COMMERCIAL EQUIPMENT (EXC AUTO & ELEC) R&M,Industrial Machinery Repair,Core,"8545 MISSION GORGE RD 250 , SANTEE, CA 92071-3619","8545 Mission Gorge Rd, Apartment 250, Santee, California, 92071",100.0,-117.011396240914,32.833010378682
2007014283,GOTO-CALIFORNIA INC,CORP,6120 BUSINESS CENTER CT F200 ,SAN DIEGO,CA,92154-6652,339999,ALL OTHER MISCELLANEOUS MFG,Manufacturing,Core,"6120 BUSINESS CENTER CT F200 , SAN DIEGO, CA 92154-6652","6259 Progressive Ave, Suite 200, San Diego, California, 92154",100.0,-117.0024878704,32.571016225298
2007005874,GP MACHINE TECH INC,SCORP,6345 NANCY RIDGE DR ,SAN DIEGO,CA,92121-2247,33271,MACHINE SHOPS,Manufacturing,Core,"6345 NANCY RIDGE DR , SAN DIEGO, CA 92121-2247","6120 Business Center Ct, San Diego, California, 92154",99.07,-117.003375849222,32.56931847081
2017008814,GP MOLDTEK,CORP,6259 PROGRESSIVE AVE 200 ,SAN DIEGO,CA,92154-6644,331,PRIMARY METAL MFG,Manufacturing,Core,"6259 PROGRESSIVE AVE 200 , SAN DIEGO, CA 92154-6644","6345 Nancy Ridge Dr, San Diego, California, 92121",100.0,-117.183523148849,32.887303234491
2023005378,GP MOTORS,SOLE,5317 WESTKNOLL DR ,SAN DIEGO,CA,92109-1338,421,"WHOLESALE TRADE, DURABLE GOODS",Wholesale Trade,Core,"5317 WESTKNOLL DR , SAN DIEGO, CA 92109-1338","9466 Chesapeake Dr, #702, San Diego, California, 92123",100.0,-117.124305254372,32.836724944802
1991002953,GRABBER CONSTRUCTION PRODUCTS INC,CORP,9466 CHESAPEAKE DR 702 ,SAN DIEGO,CA,92123-1353,4213,LUMBER & OTHER CONSTRUCTION MATERIALS WHSLE,Wholesale Trade,Core,"9466 CHESAPEAKE DR 702 , SAN DIEGO, CA 92123-1353","5317 Westknoll Dr, San Diego, California, 92109",100.0,-117.245772107153,32.813960785425
2006001222,GRAMAR STONE CENTER,LLC,9279 CABOT DR F ,SAN DIEGO,CA,92126-4364,42139,OTHER CONSTRUCTION MATERIAL WHSLE,Wholesale Trade,Core,"9279 CABOT DR F , SAN DIEGO, CA 92126-4364","9279 Cabot Dr, Suite F, San Diego, California, 92126",100.0,-117.143492017474,32.890652810638
2000000163,GRANGER'S GREETINGS,PARTNR,11962 STONEY PEAK DR 1214 ,SAN DIEGO,CA,92128-6483,42299,OTHER MISCELLANEOUS NONDURABLE GOODS WHSLE,Wholesale Trade,Core,"11962 STONEY PEAK DR 1214 , SAN DIEGO, CA 92128-6483","4565 Ruffner St, Suite 104, San Diego, California, 92111",100.0,-117.157285612615,32.823735425632
2006000938,GRAPHIC INTERFACES,CORP,4565 RUFFNER ST 104 ,SAN DIEGO,CA,92111-2258,4219,MISCELLANEOUS DURABLE GOODS WHSLE,Wholesale Trade,Core,"4565 RUFFNER ST 104 , SAN DIEGO, CA 92111-2258","2822 Canon St, San Diego, California, 92106",100.0,-117.230261898241,32.720550509505
2023013686,GRAPHIX GROUP,SOLE,2822 CANON ST ,SAN DIEGO,CA,92106-2742,3131,"FIBER, YARN & THREAD MILLS",Manufacturing,Core,"2822 CANON ST , SAN DIEGO, CA 92106-2742","8606 Miralani Dr, San Diego, California, 92126",100.0,-117.138351480075,32.895951933645
2025012858,GRATIA GREEN PRODUCE,SOLE,764 FIRETHORN ST ,SAN DIEGO,CA,92154-2633,4225,FARM PRODUCT RAW MATERIAL WHSLE,Wholesale Trade,Core,"764 FIRETHORN ST , SAN DIEGO, CA 92154-2633","764 Firethorn St, San Diego, California, 92154",100.0,-117.040349849053,32.582490296374
1989010109,GRAYBAR ELECTRIC CO INCO,CORP,8606 MIRALANI DR ,SAN DIEGO,CA,92126-4353,4216,ELECTRICAL GOODS WHSLE,Wholesale Trade,Core,"8606 MIRALANI DR , SAN DIEGO, CA 92126-4353","2330 Michael Faraday Dr, San Diego, California, 92154",100.0,-116.932037974211,32.555994723251
2015040121,GREAT VALUE LLC,LLC,2330 MICHAEL FARADAY DR ,SAN DIEGO,CA,92154-7212,42299,OTHER MISCELLANEOUS NONDURABLE GOODS WHSLE,Wholesale Trade,Core,"2330 MICHAEL FARADAY DR , SAN DIEGO, CA 92154-7212","4180 Cleveland Ave, Unit 15, San Diego, California, 92103",100.0,-117.149738966091,32.753244751484
2006011420,GREATER SAN DIEGO WHOLESALE,SOLE,4180 CLEVELAND AVE 15 ,SAN DIEGO,CA,92103-2447,42111,AUTOMOBILE & OTHER MOTOR VEHICLE WHSLE,Wholesale Trade,Core,"4180 CLEVELAND AVE 15 , SAN DIEGO, CA 92103-2447","10444 Brooktree Ter, San Diego, California, 92131",100.0,-117.093866540628,32.910266003064
2004001538,"GREEN BARN DISTRIBUTING, LLC",LLC,10444 BROOKTREE TER ,SAN DIEGO,CA,92131-1333,42248,FRESH FRUIT & VEGETABLE WHSLE,Wholesale Trade,Core,"10444 BROOKTREE TER , SAN DIEGO, CA 92131-1333","909 Garnet Ave, San Diego, California, 92109",99.12,-117.253461916583,32.796984665467
2016024420,GREEN FLIP FLOPS  LLC,LLC,909 GARNET AVE 204 ,SAN DIEGO,CA,92109-2701,4229,MISCELLANEOUS NONDURABLE GOODS WHSLE,Wholesale Trade,Core,"909 GARNET AVE 204 , SAN DIEGO, CA 92109-2701","11962 Stoney Peak Dr, San Diego, California, 92128",99.0,-117.07600219039,32.97819965192
2023014199,GREEN LINE INTERNATIONAL GROUP LLC,LLC,10232 BLACK MOUNTAIN RD 103 ,SAN DIEGO,CA,92126-3845,42111,AUTOMOBILE & OTHER MOTOR VEHICLE WHSLE,Wholesale Trade,Core,"10232 BLACK MOUNTAIN RD 103 , SAN DIEGO, CA 92126-3845","14578 Calle de Newman, San Diego, California, 92129",100.0,-117.130423373138,32.981197900596
2022001475,GREEN STAR LABS INC,CORP,4075 RUFFIN RD ,SAN DIEGO,CA,92123-1817,339,MISCELLANEOUS MFG,Manufacturing,Core,"4075 RUFFIN RD , SAN DIEGO, CA 92123-1817","4075 Ruffin Rd, San Diego, California, 92123",100.0,-117.123313675226,32.816255038053
2020017318,GREEN WAVES  CO,PARTNR,14578 CALLE DE NEWMAN ,SAN DIEGO,CA,92129-3807,422,"WHOLESALE TRADE, NONDURABLE GOODS",Wholesale Trade,Core,"14578 CALLE DE NEWMAN , SAN DIEGO, CA 92129-3807","9190 Activity Rd, San Diego, California, 92126",100.0,-117.129625751232,32.896600818679
2016008135,GREENTECH RENEWABLES,CORP,9190 ACTIVITY RD ,SAN DIEGO,CA,92126-4423,4216,ELECTRICAL GOODS WHSLE,Wholesale Trade,Core,"9190 ACTIVITY RD , SAN DIEGO, CA 92126-4423","10808 Willow Ct, San Diego, California, 92127",100.0,-117.100466032093,33.01375224861
2017001367,GRIFOLS DIAGNOSTIC SOLUTIONS INC,CORP,10808 WILLOW CT ,SAN DIEGO,CA,92127-2408,33911,MEDICAL EQUIPMENT & SUPPLIES MFG,Manufacturing,Core,"10808 WILLOW CT , SAN DIEGO, CA 92127-2408","10804 Willow Ct, San Diego, California, 92127",100.0,-117.101850303403,33.015008151073
2017018093,GRIFOLS DIAGNOSTIC SOLUTIONS INC,CORP,10804 WILLOW CT ,SAN DIEGO,CA,92127-2408,33911,MEDICAL EQUIPMENT & SUPPLIES MFG,Manufacturing,Core,"10804 WILLOW CT , SAN DIEGO, CA 92127-2408","10232 Black Mountain Rd, Apartment 103, San Diego, California, 92126",100.0,-117.124196457269,32.904022071932
2024009509,GROWLER LOGISTICS LLC,LLC,825 ENERGY WAY ,CHULA VISTA,CA,91911-6110,488,TRANSPORTATION SUPPORT ACTIVITIES,Transportation and Warehousing,Core,"825 ENERGY WAY , CHULA VISTA, CA 91911-6110","9184 Danby Ct, San Diego, California, 92129",100.0,-117.131417634492,32.981685308265
2005014662,GRUPO PRO-TGT,CORP,524 W CALLE PRIMERA 1005-11 ,SAN YSIDRO,CA,92173-2807,42299,OTHER MISCELLANEOUS NONDURABLE GOODS WHSLE,Wholesale Trade,Core,"524 W CALLE PRIMERA 1005-11 , SAN YSIDRO, CA 92173-2807","825 Energy Way, Chula Vista, California, 91911",100.0,-117.011163643101,32.5965441077
1999013216,GSE,SOLE,9184 DANBY CT ,SAN DIEGO,CA,92129,421,"WHOLESALE TRADE, DURABLE GOODS",Wholesale Trade,Core,"9184 DANBY CT , SAN DIEGO, CA 92129","524 W Calle Primera, Suite 1005, San Ysidro, California, 92173",100.0,-117.054665552943,32.554807426666
2026004663,GTS,SOLE,2410 ALTO CERRO CIR ,SAN DIEGO,CA,92109-1501,4921,COURIERS,Transportation and Warehousing,Core,"2410 ALTO CERRO CIR , SAN DIEGO, CA 92109-1501","2410 Alto Cerro Cir, San Diego, California, 92109",100.0,-117.231140489332,32.816823372998
2024009451,GUARDIAN TOWING,CORP,7992 MIRAMAR RD ,SAN DIEGO,CA,92126-4212,48841,MOTOR VEHICLE TOWING,Transportation and Warehousing,Core,"7992 MIRAMAR RD , SAN DIEGO, CA 92126-4212","7992 Miramar Rd, San Diego, California, 92126",100.0,-117.147917997627,32.886856856238
2024012675,GUARDIAN TOWING,CORP,7998 MIRAMAR RD B ,SAN DIEGO,CA,92126-4254,48841,MOTOR VEHICLE TOWING,Transportation and Warehousing,Core,"7998 MIRAMAR RD B , SAN DIEGO, CA 92126-4254","8385 Miramar Mall, San Diego, California, 92121",100.0,-117.182867348745,32.879608647376
2004005901,GUATEK INC,CORP,8385 MIRAMAR MALL ,SAN DIEGO,CA,92121-2521,31,MANUFACTURING,Manufacturing,Core,"8385 MIRAMAR MALL , SAN DIEGO, CA 92121-2521","7998 Miramar Rd, Suite B, San Diego, California, 92126",100.0,-117.147167398197,32.887294014398
2020006606,GUEST SERVICES OF AMERICA LLC,LLC,9066 FANITA RANCHO RD ,SANTEE,CA,92071-3954,49221,LOCAL MESSENGERS & LOCAL DELIVERY,Transportation and Warehousing,Core,"9066 FANITA RANCHO RD , SANTEE, CA 92071-3954","9066 Fanita Rancho Rd, Santee, California, 92071",100.0,-117.001634005924,32.826155993541
2019019827,GUIBER USA INC,CORP,3085 BEYER BLVD A-102 ,SAN DIEGO,CA,92154-3479,4229,MISCELLANEOUS NONDURABLE GOODS WHSLE,Wholesale Trade,Core,"3085 BEYER BLVD A-102 , SAN DIEGO, CA 92154-3479","3085 Beyer Blvd, Suite 102, San Diego, California, 92154",99.72,-117.064978814249,32.571431422872
2023004484,GUNG HO VET TRUCKING,SOLE,6769 EL CAJON BLVD 17 ,SAN DIEGO,CA,92115-1624,484,TRUCK TRANSPORTATION,Transportation and Warehousing,Core,"6769 EL CAJON BLVD 17 , SAN DIEGO, CA 92115-1624","4903 Morena Blvd, San Diego, California, 92117",99.17,-117.230358457766,32.826851188591
2018001878,GUSTO IMPORTS LLC,LLC,4903 MORENA BLVD 316 ,SAN DIEGO,CA,92117-3400,42249,OTHER GROCERY & RELATED PRODUCTS WHSLE,Wholesale Trade,Core,"4903 MORENA BLVD 316 , SAN DIEGO, CA 92117-3400","6769 El Cajon Blvd, Apartment 17, San Diego, California, 92115",100.0,-117.052039921774,32.768539126389
2021012280,GUT LEBEN INC,CORP,6861 NANCY RIDGE DR C ,SAN DIEGO,CA,92121-3214,31211,SOFT DRINK & ICE MFG,Manufacturing,Core,"6861 NANCY RIDGE DR C , SAN DIEGO, CA 92121-3214","2850 El Cerro Ct, Apartment 101, Carlsbad, California, 92010",100.0,-117.295000030331,33.162800005247
2025017119,GUY WITH A TRUCK,SOLE,2850 EL CERRO CT 101 ,CARLSBAD,CA,92010-6595,4842,SPECIALIZED FREIGHT TRUCKING,Transportation and Warehousing,Core,"2850 EL CERRO CT 101 , CARLSBAD, CA 92010-6595","2803 Emerson St, San Diego, California, 92106",100.0,-117.227666777199,32.723515104839
1995010206,GWR INSTRUMENTS INC,CORP,5985 PACIFIC CENTER BLVD 203 ,SAN DIEGO,CA,92121-4335,339,MISCELLANEOUS MFG,Manufacturing,Core,"5985 PACIFIC CENTER BLVD 203 , SAN DIEGO, CA 92121-4335","6861 Nancy Ridge Dr, Suite C, San Diego, California, 92121",100.0,-117.174925830762,32.885489181096
1985004705,H & M LANDING,CORP,2803 EMERSON ST ,SAN DIEGO,CA,92106-2716,488999,ALL OTHER TRANSPORTATION SUPPORT ACTIVITIES,Transportation and Warehousing,Core,"2803 EMERSON ST , SAN DIEGO, CA 92106-2716","7043 Camino Maquiladora, San Diego, California, 92154",100.0,-116.986915635405,32.566379859376
2004001764,H BAZA FARMS INC,SCORP,7043 CAMINO MAQUILADORA ,SAN DIEGO,CA,92154-8112,42248,FRESH FRUIT & VEGETABLE WHSLE,Wholesale Trade,Core,"7043 CAMINO MAQUILADORA , SAN DIEGO, CA 92154-8112","5985 Pacific Center Blvd, Suite 203, San Diego, California, 92121",100.0,-117.188190527814,32.903312124733
2006008026,H C PRODUCE LLC,LLC,8774 APPROACH RD ,SAN DIEGO,CA,92154-7709,42248,FRESH FRUIT & VEGETABLE WHSLE,Wholesale Trade,Core,"8774 APPROACH RD , SAN DIEGO, CA 92154-7709","8774 Approach Rd, San Diego, California, 92154",100.0,-116.954367783365,32.569640419711
2006014815,H P M TECHNOLOGIES CORP,CORP,10031 MARCONI DR 4 ,SAN DIEGO,CA,92154-5206,4215,METAL & MINERAL (EXCEPT PETROLEUM) WHSLE,Wholesale Trade,Core,"10031 MARCONI DR 4 , SAN DIEGO, CA 92154-5206","4985 Concannon Ct, San Diego, California, 92130",100.0,-117.211458523391,32.95409484904
2006010578,HAAKER EQUIPMENT,CORP,2070 N WHITE AVE ,LA VERNE,CA,91750-5679,421,"WHOLESALE TRADE, DURABLE GOODS",Wholesale Trade,Core,"2070 N WHITE AVE , LA VERNE, CA 91750-5679","10031 Marconi Dr, Suite 4, San Diego, California, 92154",100.0,-116.9293742892,32.554248982367
2019007112,HAIBO XIE & HAIBO YU,H-W,4985 CONCANNON CT ,SAN DIEGO,CA,92130-2723,331,PRIMARY METAL MFG,Manufacturing,Core,"4985 CONCANNON CT , SAN DIEGO, CA 92130-2723","2070 N White Ave, La Verne, California, 91750",100.0,-117.763574569376,34.096445363991
2020006736,HAIER US APPLIANCE SOLUTIONS INC,CORP,AP35 APPLIANCE PARK 2112 ,LOUISVILLE,KY,40225-0001,3352,HOUSEHOLD APPLIANCE MFG,Manufacturing,Core,"AP35 APPLIANCE PARK 2112 , LOUISVILLE, KY 40225-0001","7440 Convoy Ct, San Diego, California, 92111",99.69,-117.158754624966,32.834753395447
2005002857,HAJOCA CORPORATION,CORP,7440 CONVOY CT B ,SAN DIEGO,CA,92111-1121,42149,OTH PROFESSIONAL EQUIPMENT & SUPPLIES WHSLE,Wholesale Trade,Core,"7440 CONVOY CT B , SAN DIEGO, CA 92111-1121","7775 Arjons Dr, San Diego, California, 92126",100.0,-117.151582398057,32.893816182806
2014021369,HALDEMAN INC,CORP,5750 KEARNY VILLA RD ,SAN DIEGO,CA,92123-1112,42149,OTH PROFESSIONAL EQUIPMENT & SUPPLIES WHSLE,Wholesale Trade,Core,"5750 KEARNY VILLA RD , SAN DIEGO, CA 92123-1112","5750 Kearny Villa Rd, San Diego, California, 92123",100.0,-117.134053323946,32.838581410627
2025018972,HALDUN SARI & GULSAH SARI,H-W,6586 AMBROSIA DR 5303 ,SAN DIEGO,CA,92124-3140,48412,"GENERAL FREIGHT TRUCKING, LONG-DISTANCE",Transportation and Warehousing,Core,"6586 AMBROSIA DR 5303 , SAN DIEGO, CA 92124-3140","6586 Ambrosia Dr, San Diego, California, 92124",98.92,-117.109388651843,32.791499380391
1989008353,HALL MACHINE,CORP,7775 ARJONS DR ,SAN DIEGO,CA,92126-4366,332,FABRICATED METAL PRODUCT MFG,Manufacturing,Core,"7775 ARJONS DR , SAN DIEGO, CA 92126-4366","7158 Convoy Ct, San Diego, California, 92111",100.0,-117.163520323654,32.834706666337
2013063765,HALO PRODUCTS INC,SCORP,7158 CONVOY CT ,SAN DIEGO,CA,92111-1019,33992,SPORTING & ATHLETIC GOODS MFG,Manufacturing,Core,"7158 CONVOY CT , SAN DIEGO, CA 92111-1019","40225-0001, Louisville, Kentucky",86.5,-85.651014794433,38.17806009584
1998000483,HAMMERHEAD ENTERPRISES,SOLE,1146 OLIVER AVE A ,SAN DIEGO,CA,92109,422,"WHOLESALE TRADE, NONDURABLE GOODS",Wholesale Trade,Core,"1146 OLIVER AVE A , SAN DIEGO, CA 92109","6559 Zena Dr, San Diego, California, 92115",100.0,-117.054687345892,32.745456161325
2025018936,HAN L YANG & JINXIA XIE,H-W,6559 ZENA DR ,SAN DIEGO,CA,92115-7029,48412,"GENERAL FREIGHT TRUCKING, LONG-DISTANCE",Transportation and Warehousing,Core,"6559 ZENA DR , SAN DIEGO, CA 92115-7029","1146 Oliver Ave, #A, San Diego, California, 92109",100.0,-117.247626016497,32.793503996354
2024003173,HANDELS ICE CREAM #0122,CORP,5824 MONTEZUMA RD 130 ,SAN DIEGO,CA,92115-2356,31152,ICE CREAM & FROZEN DESSERT MFG,Manufacturing,Core,"5824 MONTEZUMA RD 130 , SAN DIEGO, CA 92115-2356","3137 El Cajon Blvd, Apartment 47, San Diego, California, 92104",100.0,-117.126780765656,32.755214624458
2026003118,HANDMADE BEAUTY BY BREE,SOLE,3137 EL CAJON BLVD 47 ,SAN DIEGO,CA,92104-1392,32562,TOILET PREPARATION MFG,Manufacturing,Core,"3137 EL CAJON BLVD 47 , SAN DIEGO, CA 92104-1392","6985 Flanders Dr, San Diego, California, 92121",100.0,-117.173099497879,32.903973624531
2014015449,HANJU AMERICA INC,CORP,6985 FLANDERS DR ,SAN DIEGO,CA,92121-2975,42171,HARDWARE WHSLE,Wholesale Trade,Core,"6985 FLANDERS DR , SAN DIEGO, CA 92121-2975","5824 Montezuma Rd, San Diego, California, 92115",99.19,-117.071169268839,32.770787907192
1988006218,HANK WARNER CUSTOM SHAPES,SOLE,1163 CUSHMAN AVE 4 ,SAN DIEGO,CA,92110-3902,421,"WHOLESALE TRADE, DURABLE GOODS",Wholesale Trade,Core,"1163 CUSHMAN AVE 4 , SAN DIEGO, CA 92110-3902","1163 Cushman Ave, San Diego, California, 92110",99.71,-117.199370477907,32.767892294921
2021010923,HAPPY AUCTION SERVICES,SOLE,3051 54TH ST 4 ,SAN DIEGO,CA,92105-4968,42111,AUTOMOBILE & OTHER MOTOR VEHICLE WHSLE,Wholesale Trade,Core,"3051 54TH ST 4 , SAN DIEGO, CA 92105-4968","3449 Angwin Dr, San Diego, California, 92123",100.0,-117.126479268599,32.804817009161
1974013688,HARBOR ISLAND SAILING ACD,CORP,2040 HARBOR ISLAND DR 104 ,SAN DIEGO,CA,92101-1018,483,WATER TRANSPORTATION,Transportation and Warehousing,Core,"2040 HARBOR ISLAND DR 104 , SAN DIEGO, CA 92101-1018","1790 Dornoch Ct, San Diego, California, 92154",100.0,-116.938549539512,32.565990980978
2015011040,HARBOR MOTORSPORTS LLC,LLC,3449 ANGWIN DR ,SAN DIEGO,CA,92123-2605,42111,AUTOMOBILE & OTHER MOTOR VEHICLE WHSLE,Wholesale Trade,Core,"3449 ANGWIN DR , SAN DIEGO, CA 92123-2605","10075 Mesa Rim Rd, San Diego, California, 92121",100.0,-117.177195063409,32.901400380256
2009034591,HARCON PRECISION METALS INC,CORP,1790 DORNOCH CT ,SAN DIEGO,CA,92154-7206,33351,METALWORKING MACHINERY MFG,Manufacturing,Core,"1790 DORNOCH CT , SAN DIEGO, CA 92154-7206","3051 54th St, Apartment 4, San Diego, California, 92105",100.0,-117.079524098467,32.736724271782
1984004631,HARDY PROCESS SOLUTIONS,LLC,10075 MESA RIM RD ,SAN DIEGO,CA,92121-2913,3344,SEMICONDUCTOR & OTH ELECTRONIC COMPONENT MFG,Manufacturing,Core,"10075 MESA RIM RD , SAN DIEGO, CA 92121-2913","2040 Harbor Island Dr, Suite 104, San Diego, California, 92101",100.0,-117.210547745792,32.724576463329
2023000738,HARMONIC TECHNOLOGY INC,CORP,9606 TIERRA GRANDE ST 105 ,SAN DIEGO,CA,92126-6501,421,"WHOLESALE TRADE, DURABLE GOODS",Wholesale Trade,Core,"9606 TIERRA GRANDE ST 105 , SAN DIEGO, CA 92126-6501","9606 Tierra Grande St, Suite 105, San Diego, California, 92126",100.0,-117.121700661779,32.895073384463
1996000446,HARO SUPPLY CO,SOLE,2924 NATIONAL AVE ,SAN DIEGO,CA,92113-2420,421,"WHOLESALE TRADE, DURABLE GOODS",Wholesale Trade,Core,"2924 NATIONAL AVE , SAN DIEGO, CA 92113-2420","2924 National Ave, San Diego, California, 92113",100.0,-117.131201549029,32.695960352521
2025015768,HAROLD E MAXFIELD & FRANCES M MAXFIELD,H-W,11805 SPRINGSIDE RD ,SAN DIEGO,CA,92128-5005,335,"ELECTRICAL EQUIP, APPLIANCE & COMPONENT MFG",Manufacturing,Core,"11805 SPRINGSIDE RD , SAN DIEGO, CA 92128-5005","11805 Springside Rd, San Diego, California, 92128",100.0,-117.078539308663,32.948424533451
1995009088,HARRISON MARINE,SOLE,2608 SHELTER ISLAND DR ,SAN DIEGO,CA,92106-3100,3327,"MACH SHOPS, TURN PROD, SCREW, NUT, BOLT MFG",Manufacturing,Core,"2608 SHELTER ISLAND DR , SAN DIEGO, CA 92106-3100","2608 Shelter Island Dr, San Diego, California, 92106",100.0,-117.227109715914,32.720329855904
2021006544,HARRY'S MACHINE SHOP,SOLE,4821 UNIVERSITY AVE C ,SAN DIEGO,CA,92105-2032,333,MACHINERY MFG,Manufacturing,Core,"4821 UNIVERSITY AVE C , SAN DIEGO, CA 92105-2032","4821 University Ave, Suite C, San Diego, California, 92105",100.0,-117.090515791015,32.749517025775
2019023585,HASA INC,CORP,10605 JAMACHA BLVD ,SPRING VALLEY,CA,91978-2002,325,CHEMICAL MFG,Manufacturing,Core,"10605 JAMACHA BLVD , SPRING VALLEY, CA 91978-2002","4540 Berwick Dr, San Diego, California, 92117",100.0,-117.164814405686,32.823807342362
2013048165,HASIAN INTERTRADE,PARTNR,4540 BERWICK DR ,SAN DIEGO,CA,92117-4228,42249,OTHER GROCERY & RELATED PRODUCTS WHSLE,Wholesale Trade,Core,"4540 BERWICK DR , SAN DIEGO, CA 92117-4228","10312 Reserve Dr, Apartment 303, San Diego, California, 92127",100.0,-117.117579196169,33.020911148293
2025018960,HASSIBULLAH DANISH & MUNIRA DANISH,H-W,10312 RESERVE DR 303 ,SAN DIEGO,CA,92127-3563,48412,"GENERAL FREIGHT TRUCKING, LONG-DISTANCE",Transportation and Warehousing,Core,"10312 RESERVE DR 303 , SAN DIEGO, CA 92127-3563","10605 Jamacha Blvd, Spring Valley, California, 91978",100.0,-116.96613706507,32.72731789049
2022001057,HAUL AWAY ANY DAY,H-W,12530 ROYAL RD 7 ,EL CAJON,CA,92021-1738,48421,USED HOUSEHOLD & OFFICE GOODS MOVING,Transportation and Warehousing,Core,"12530 ROYAL RD 7 , EL CAJON, CA 92021-1738","2950 National Ave, San Diego, California, 92113",100.0,-117.130547592943,32.69596567503
1976023832,HAYES BOLT & SUPPLY,CORP,2950 NATIONAL AVE ,SAN DIEGO,CA,92113-2420,42199,OTHER MISCELLANEOUS DURABLE GOODS WHSLE,Wholesale Trade,Core,"2950 NATIONAL AVE , SAN DIEGO, CA 92113-2420","12530 Royal Rd, Space 7, El Cajon, California, 92021",100.0,-116.920992218387,32.824111437809
2020015675,HD CABINETRY INC,CORP,10685 WALLINGFORD RD ,SAN DIEGO,CA,92126-2543,421,"WHOLESALE TRADE, DURABLE GOODS",Wholesale Trade,Core,"10685 WALLINGFORD RD , SAN DIEGO, CA 92126-2543","10685 Wallingford Rd, San Diego, California, 92126",100.0,-117.163134504651,32.910726798191
2018028072,HD LASER,SOLE,759 TURQUOISE ST ,SAN DIEGO,CA,92109-1034,332812,"METAL COATING, ENGRAVING, & ALLIED SERVICES",Manufacturing,Core,"759 TURQUOISE ST , SAN DIEGO, CA 92109-1034","759 Turquoise St, San Diego, California, 92109",100.0,-117.259753708383,32.808512925547
2008009493,HD SUPPLY FACILITIES MAINTENANCE LTD #2600,PARTNR,7411 GOEN PL A ,SAN DIEGO,CA,92120-1271,4219,MISCELLANEOUS DURABLE GOODS WHSLE,Wholesale Trade,Core,"7411 GOEN PL A , SAN DIEGO, CA 92120-1271","7411 Goen Pl, Suite A, San Diego, California, 92120",100.0,-117.081694173199,32.804447702507
2024012813,HEALING TRANSPORTATION,SOLE,230 S SUNSHINE AVE 212 ,EL CAJON,CA,92020-4421,48899,OTHER TRANSPORTATION SUPPORT ACTIVITIES,Transportation and Warehousing,Core,"230 S SUNSHINE AVE 212 , EL CAJON, CA 92020-4421","230 S Sunshine Ave, Apartment 212, El Cajon, California, 92020",100.0,-116.964810377436,32.793368544799
2025000511,HEALTH FIRST,SOLE,9151 MEADOWRUN CT ,SAN DIEGO,CA,92129-3397,3119,OTHER FOOD MFG,Manufacturing,Core,"9151 MEADOWRUN CT , SAN DIEGO, CA 92129-3397","3970 Home Ave, San Diego, California, 92105",100.0,-117.109528797264,32.721189420075
1974002124,HEATING & COOLING SUPPLY LLC,LLC,3970 HOME AVE ,SAN DIEGO,CA,92105-5925,4216,ELECTRICAL GOODS WHSLE,Wholesale Trade,Core,"3970 HOME AVE , SAN DIEGO, CA 92105-5925","9151 Meadowrun Ct, San Diego, California, 92129",100.0,-117.131858271142,32.97512567275
2008015887,HEAVENLY DONUTS,SCORP,5132 WARING RD ,SAN DIEGO,CA,92120-2706,311811,RETAIL BAKERIES,Manufacturing,Core,"5132 WARING RD , SAN DIEGO, CA 92120-2706","5132 Waring Rd, San Diego, California, 92120",100.0,-117.082144784314,32.79138953555
2025013217,HECOS WELDING MANUFACTURE,LLC,210 S EVANS ST ,SAN DIEGO,CA,92113-1211,331,PRIMARY METAL MFG,Manufacturing,Core,"210 S EVANS ST , SAN DIEGO, CA 92113-1211","2340 Sheri Pl, Alpine, California, 91901",100.0,-116.812289998314,32.822765555616
2015043784,HEIDELBERG USA INC,CORP,1000 GUTENBERG NW DR ,KENNESAW,GA,30144-7028,4219,MISCELLANEOUS DURABLE GOODS WHSLE,Wholesale Trade,Core,"1000 GUTENBERG NW DR , KENNESAW, GA 30144-7028","1000 Gutenberg Dr NW, Kennesaw, Georgia, 30144",96.64,-84.580541320415,34.028274800641
2023009957,HEIDI WELLS DESIGN,SOLE,2340 SHERI PL ,ALPINE,CA,91901-4805,33991,JEWELRY & SILVERWARE MFG,Manufacturing,Core,"2340 SHERI PL , ALPINE, CA 91901-4805","210 S Evans St, San Diego, California, 92113",100.0,-117.135706905804,32.704643920392
2019025548,HEIRLOOM FARMS INC,CORP,4275 EXECUTIVE SQ 200 ,LA JOLLA,CA,92037-1476,42241,GENERAL LINE GROCERY WHSLE,Wholesale Trade,Core,"4275 EXECUTIVE SQ 200 , LA JOLLA, CA 92037-1476","4275 Executive Sq, Suite 200, La Jolla, California, 92037",100.0,-117.2149810182,32.873964399506
2014015053,HERITAGE GOLF CART RENTAL/LEASING,LLC,4437 GRANGER ST ,SAN DIEGO,CA,92107-4007,42111,AUTOMOBILE & OTHER MOTOR VEHICLE WHSLE,Wholesale Trade,Core,"4437 GRANGER ST , SAN DIEGO, CA 92107-4007","4437 Granger St, San Diego, California, 92107",100.0,-117.25006699434,32.730228129183
2021013752,HERON THERAPEUTICS INC,CORP,4242 CAMPUS POINT CT 200 ,SAN DIEGO,CA,92121-1513,32541,PHARMACEUTICAL & MEDICINE MFG,Manufacturing,Core,"4242 CAMPUS POINT CT 200 , SAN DIEGO, CA 92121-1513","9355 Ruffin Ct, San Diego, California, 92123",100.0,-117.124855023401,32.828691686889
2024008036,HERRERAS TRUCKING SERVICES,SOLE,859 41ST ST ,SAN DIEGO,CA,92102-3520,49221,LOCAL MESSENGERS & LOCAL DELIVERY,Transportation and Warehousing,Core,"859 41ST ST , SAN DIEGO, CA 92102-3520","4242 Campus Point Ct, San Diego, California, 92121",99.23,-117.224270765308,32.887901995745
1989010282,HI TECH HONEYCOMB INC,CORP,9355 RUFFIN CT ,SAN DIEGO,CA,92123-5304,332,FABRICATED METAL PRODUCT MFG,Manufacturing,Core,"9355 RUFFIN CT , SAN DIEGO, CA 92123-5304","1938 Avenida del Oro, Oceanside, California, 92056",100.0,-117.290220333864,33.207490049865
1974013237,HI-Q ENVIRONMENTAL PRODUCTS COMPANY INC,CORP,7386 TRADE ST ,SAN DIEGO,CA,92121-2422,42199,OTHER MISCELLANEOUS DURABLE GOODS WHSLE,Wholesale Trade,Core,"7386 TRADE ST , SAN DIEGO, CA 92121-2422","7386 Trade St, San Diego, California, 92121",100.0,-117.162931411137,32.888703850512
1997006262,HI-TECH ELECTRONIC MANUFACTORING CORP,CORP,1938 AVENIDA DEL ORO ,OCEANSIDE,CA,92056-5803,3344,SEMICONDUCTOR & OTH ELECTRONIC COMPONENT MFG,Manufacturing,Core,"1938 AVENIDA DEL ORO , OCEANSIDE, CA 92056-5803","859 41st St, San Diego, California, 92102",100.0,-117.106515922168,32.714416171757
2018002253,HIGHWAY 101 SPIRITS INC,CORP,1220 J ST ,SAN DIEGO,CA,92101-7541,31214,DISTILLERIES,Manufacturing,Core,"1220 J ST , SAN DIEGO, CA 92101-7541","3713 University Ave, San Diego, California, 92105",100.0,-117.112850210216,32.749686633586
1999002338,HILDA'S BAKERY,PARTNR,3713 UNIVERSITY AVE ,SAN DIEGO,CA,92105-1321,311811,RETAIL BAKERIES,Manufacturing,Core,"3713 UNIVERSITY AVE , SAN DIEGO, CA 92105-1321","2195 Britannia Blvd, Suite 100, San Diego, California, 92154",100.0,-116.979735026592,32.558231056928
2007000155,HILL RANCH LLC,LLC,2195 BRITANNIA BLVD 100 ,SAN DIEGO,CA,92154-6290,42248,FRESH FRUIT & VEGETABLE WHSLE,Wholesale Trade,Core,"2195 BRITANNIA BLVD 100 , SAN DIEGO, CA 92154-6290","1220 J St, San Diego, California, 92101",100.0,-117.153386770353,32.709431998762
1991011653,HILL'S PET NUTRITION SALES INC,CORP,510 CORPORATE DR G-7 ,ESCONDIDO,CA,92029-1532,4229,MISCELLANEOUS NONDURABLE GOODS WHSLE,Wholesale Trade,Core,"510 CORPORATE DR G-7 , ESCONDIDO, CA 92029-1532","925 Buckaroo Ln, Bonita, California, 91902",100.0,-117.029649846735,32.65650627327
1974011689,HILTI INC,CORP,8303 CLAIREMONT MESA BLVD ,SAN DIEGO,CA,92111-1326,42199,OTHER MISCELLANEOUS DURABLE GOODS WHSLE,Wholesale Trade,Core,"8303 CLAIREMONT MESA BLVD , SAN DIEGO, CA 92111-1326","510 Corporate Dr, Suite G, Escondido, California, 92029",100.0,-117.12851783127,33.127359893698
2024003421,HIMALAYAN EXPORT AND IMPORT LLC,LLC,925 BUCKAROO LN ,BONITA,CA,91902-2355,421,"WHOLESALE TRADE, DURABLE GOODS",Wholesale Trade,Core,"925 BUCKAROO LN , BONITA, CA 91902-2355","8303 Clairemont Mesa Blvd, San Diego, California, 92111",100.0,-117.145578859907,32.83269970344
2025006712,HINAR LLC,LLC,10755 SCRIPPS POWAY PKY 207 ,SAN DIEGO,CA,92131-3924,311811,RETAIL BAKERIES,Manufacturing,Core,"10755 SCRIPPS POWAY PKY 207 , SAN DIEGO, CA 92131-3924","10755 Scripps Poway Pkwy, Suite 207, San Diego, California, 92131",100.0,-117.097295241941,32.936793092143
2025015436,HIPPWRAP HOLDINGS LLC,LLC,8510 PRODUCTION AVE ,SAN DIEGO,CA,92121-2244,4219,MISCELLANEOUS DURABLE GOODS WHSLE,Wholesale Trade,Core,"8510 PRODUCTION AVE , SAN DIEGO, CA 92121-2244","7790 Convoy Ct, San Diego, California, 92111",100.0,-117.153173450918,32.834622553938
2015020225,HIRSCH PIPE & SUPPLY CO INC,SCORP,7790 CONVOY CT ,SAN DIEGO,CA,92111-1106,42172,PLUMBING & HEATING EQUIPMENT & SUPPLIES WHSLE,Wholesale Trade,Core,"7790 CONVOY CT , SAN DIEGO, CA 92111-1106","8510 Production Ave, San Diego, California, 92121",100.0,-117.165783437512,32.880986632258
2015048905,HITCOM CORP,CORP,8880 RIO SAN DIEGO DR 812 ,SAN DIEGO,CA,92108-1634,42169,OTHER ELECTRONIC PARTS & EQUIPMENT WHSLE,Wholesale Trade,Core,"8880 RIO SAN DIEGO DR 812 , SAN DIEGO, CA 92108-1634","8880 Rio San Diego Dr, San Diego, California, 92108",99.23,-117.138843246335,32.776191007707
2020014099,HITEC GROUP USA,PARTNR,9320 HAZARD WAY D ,SAN DIEGO,CA,92123-1227,42149,OTH PROFESSIONAL EQUIPMENT & SUPPLIES WHSLE,Wholesale Trade,Core,"9320 HAZARD WAY D , SAN DIEGO, CA 92123-1227","2220 Niels Bohr Ct, San Diego, California, 92154",100.0,-116.93945344395,32.557368601001
2012027142,HJ GLOVE,CORP,31192 LA BAYA DR E ,WESTLAKE VLG,CA,91362-4021,42192,TOY & HOBBY GOODS & SUPPLIES WHSLE,Wholesale Trade,Core,"31192 LA BAYA DR E , WESTLAKE VLG, CA 91362-4021","9320 Hazard Way, Suite D, San Diego, California, 92123",100.0,-117.128010977585,32.835697072016
2021007792,HJM INTERNATIONAL ENTERPRISES INC,CORP,2220 NIELS BOHR CT ,SAN DIEGO,CA,92154-7915,4841,GENERAL FREIGHT TRUCKING,Transportation and Warehousing,Core,"2220 NIELS BOHR CT , SAN DIEGO, CA 92154-7915","2158 Jackam Way, San Diego, California, 92139",100.0,-117.046670642237,32.682821551656
2013051453,HJM INTERNATIONAL LOGISTICS LLC,LLC,8905 AIRWAY RD ,SAN DIEGO,CA,92154-6226,4885,FREIGHT TRANSPORTATION ARRANGEMENT,Transportation and Warehousing,Core,"8905 AIRWAY RD , SAN DIEGO, CA 92154-6226","2609 Pasture Gln, Escondido, California, 92029",100.0,-117.082561783997,33.085710887371
2017005666,HO'ONANI CAKES,SOLE,2158 JACKAM WAY ,SAN DIEGO,CA,92139-2500,31181,BREAD & BAKERY PRODUCT MFG,Manufacturing,Core,"2158 JACKAM WAY , SAN DIEGO, CA 92139-2500","9066 Carroll Way, San Diego, California, 92121",100.0,-117.158907343242,32.888414549124
1987003343,HOANG TRAN COMPANY,SOLE,2609 PASTURE GLN ,ESCONDIDO,CA,92029-5722,339999,ALL OTHER MISCELLANEOUS MFG,Manufacturing,Core,"2609 PASTURE GLN , ESCONDIDO, CA 92029-5722","2321 Siempre Viva Ct, Suite 103, San Diego, California, 92154",100.0,-116.976216052182,32.556894143371
2000011410,HOENSCHEIDT TRANSPORTATION,SOLE,2321 SIEMPRE VIVA CT 103 ,SAN DIEGO,CA,92154-6301,484,TRUCK TRANSPORTATION,Transportation and Warehousing,Core,"2321 SIEMPRE VIVA CT 103 , SAN DIEGO, CA 92154-6301","8905 Airway Rd, San Diego, California, 92154",100.0,-116.952267446254,32.560334156651
1991005176,HOFFMEYER COMPANY INC,CORP,9066 CARROLL WAY ,SAN DIEGO,CA,92121-2406,4217,"HARDWARE, & PLUMB & HEATING EQUIP & SUP WHSLE",Wholesale Trade,Core,"9066 CARROLL WAY , SAN DIEGO, CA 92121-2406","6207 Radcliffe Dr, San Diego, California, 92122",100.0,-117.205756985213,32.850161680416
2025013124,HOLIDAY CRUISES,PARTNR,6207 RADCLIFFE DR ,SAN DIEGO,CA,92122-3313,483212,INLAND WATER PASSENGER TRANSPORTATION,Transportation and Warehousing,Core,"6207 RADCLIFFE DR , SAN DIEGO, CA 92122-3313","31192 La Baya Dr, Westlake Village, California, 91362",98.83,-118.802561256477,34.156369266173
1994002957,HOLIDAY FOLIAGE INC,CORP,2592 OTAY CENTER DR ,SAN DIEGO,CA,92154-7611,322299,ALL OTHER CONVERTED PAPER PRODUCT MFG,Manufacturing,Core,"2592 OTAY CENTER DR , SAN DIEGO, CA 92154-7611","2592 Otay Center Dr, San Diego, California, 92154",100.0,-116.942150740392,32.552082176577
2022016192,HOLLMAN,CORP,1825 W WALNUT HILL LN 110 ,IRVING,TX,75038-4453,337215,"SHWCASE, PARTITION, SHELV & LOCKER MFG",Manufacturing,Core,"1825 W WALNUT HILL LN 110 , IRVING, TX 75038-4453","1825 W Walnut Hill Ln, Suite 110, Irving, Texas, 75038",100.0,-96.970961614033,32.873699908552
2000000429,HOLMER CARPETS,SOLE,2895 MARKET ST ,SAN DIEGO,CA,92102-3104,421,"WHOLESALE TRADE, DURABLE GOODS",Wholesale Trade,Core,"2895 MARKET ST , SAN DIEGO, CA 92102-3104","250 Campus Dr, Marlborough, Massachusetts, 01752",100.0,-71.582700848385,42.325056019391
2023001224,HOLOGIC SALES AND SERVICE LLC,LLC,250 CAMPUS DR ,MARLBOROUGH,MA,01752-3020,339,MISCELLANEOUS MFG,Manufacturing,Core,"250 CAMPUS DR , MARLBOROUGH, MA 01752-3020","2895 Market St, San Diego, California, 92102",100.0,-117.132355820915,32.711601402942
2026000043,HOMESTEAD STEAKS,LLC,4211 CAMINO DE LA PLAZA ,SAN YSIDRO,CA,92173-3049,42242,PACKAGED FROZEN FOOD WHSLE,Wholesale Trade,Core,"4211 CAMINO DE LA PLAZA , SAN YSIDRO, CA 92173-3049","4571 Twain Ave, San Diego, California, 92120",100.0,-117.09610677189,32.784960993
2021008659,HONEST SMOG LLC,LLC,107 S 47TH ST A ,SAN DIEGO,CA,92113-2001,488999,ALL OTHER TRANSPORTATION SUPPORT ACTIVITIES,Transportation and Warehousing,Core,"107 S 47TH ST A , SAN DIEGO, CA 92113-2001","2155 Britannia Blvd, San Diego, California, 92154",100.0,-116.979722537556,32.559749983512
2026003244,HOOKERS TOWING,SOLE,4571 TWAIN AVE ,SAN DIEGO,CA,92120-4107,48841,MOTOR VEHICLE TOWING,Transportation and Warehousing,Core,"4571 TWAIN AVE , SAN DIEGO, CA 92120-4107","4211 Camino de la Plz, San Ysidro, California, 92173",100.0,-117.041482327991,32.545425185256
2002005284,HOON IMPORT AND EXPORT,CORP,2155 BRITANNIA BLVD ,SAN DIEGO,CA,92154-8307,42199,OTHER MISCELLANEOUS DURABLE GOODS WHSLE,Wholesale Trade,Core,"2155 BRITANNIA BLVD , SAN DIEGO, CA 92154-8307","19300 International Blvd, Seatac, Washington, 98188",100.0,-122.295406592216,47.429230165402
2017011864,HORIZON AIR INDUSTRIES INC,CORP,19300 INTERNATIONAL BLVD ,SEATAC,WA,98188-5304,481111,SCHEDULED PASSENGER AIR TRANSPORTATION,Transportation and Warehousing,Core,"19300 INTERNATIONAL BLVD , SEATAC, WA 98188-5304","3527 Luna Ave, San Diego, California, 92117",100.0,-117.210199142438,32.828553343578
2026000414,HORIZON LINE GROUP LLC,LLC,2125 WESTINGHOUSE ST 96 ,SAN DIEGO,CA,92111-6666,4214,PROFESSIONAL & COMMERCIAL EQUIP & SUPP WHSLE,Wholesale Trade,Core,"2125 WESTINGHOUSE ST 96 , SAN DIEGO, CA 92111-6666","2125 Westinghouse St, #96, San Diego, California, 92111",100.0,-117.168800000646,32.782815980158
1991005221,HORNBLOWER YACHTS LLC,CORP,1230 COLUMBIA ST 640 ,SAN DIEGO,CA,92101-8502,483,WATER TRANSPORTATION,Transportation and Warehousing,Core,"1230 COLUMBIA ST 640 , SAN DIEGO, CA 92101-8502","1230 Columbia St, Suite 640, San Diego, California, 92101",100.0,-117.167426793448,32.718160703181
2012019678,HOSE MD,LLC,3527 LUNA AVE ,SAN DIEGO,CA,92117-2625,339,MISCELLANEOUS MFG,Manufacturing,Core,"3527 LUNA AVE , SAN DIEGO, CA 92117-2625","107 S 47th St, San Diego, California, 92113",100.0,-117.093681300568,32.70396628543
2021013143,HOT PEPPER INC,CORP,350 10TH AVE 1000 ,SAN DIEGO,CA,92101-8705,421,"WHOLESALE TRADE, DURABLE GOODS",Wholesale Trade,Core,"350 10TH AVE 1000 , SAN DIEGO, CA 92101-8705","350 10th Ave, Suite 1000, San Diego, California, 92101",100.0,-117.155580482053,32.70899412814
2024014028,HOT PRODUCTS,SOLE,8830 REHCO RD F ,SAN DIEGO,CA,92121-3263,4211,MOTOR VEHICLE/MOTOR VEHICLE PT & SUPPLY WHSLE,Wholesale Trade,Core,"8830 REHCO RD F , SAN DIEGO, CA 92121-3263","8830 Rehco Rd, Suite F, San Diego, California, 92121",100.0,-117.171114076474,32.883546214031
1993002572,HOUSE OF DIAMONDS,CORP,861 06TH AVE 612 ,SAN DIEGO,CA,92101-6316,421,"WHOLESALE TRADE, DURABLE GOODS",Wholesale Trade,Core,"861 06TH AVE 612 , SAN DIEGO, CA 92101-6316","3636 Cowley Way, San Diego, California, 92117",100.0,-117.1960140286,32.806504495817
1993000325,HOUSE OF IRON,SOLE,3636 COWLEY WAY ,SAN DIEGO,CA,92117-5836,421,"WHOLESALE TRADE, DURABLE GOODS",Wholesale Trade,Core,"3636 COWLEY WAY , SAN DIEGO, CA 92117-5836","5214 Mount Alifan Dr, San Diego, California, 92111",100.0,-117.183839398056,32.816933511205
2025015914,HOUSE OF SHOKUNIN LLC,LLC,5965 VILLAGE WAY E105 ,SAN DIEGO,CA,92130-2475,4229,MISCELLANEOUS NONDURABLE GOODS WHSLE,Wholesale Trade,Core,"5965 VILLAGE WAY E105 , SAN DIEGO, CA 92130-2475","5965 Village Way, Suite E 105, San Diego, California, 92130",100.0,-117.189599861013,32.961923798063
2024008795,HOUSEHOLD TECHNOLOGIES,SOLE,5214 MOUNT ALIFAN DR ,SAN DIEGO,CA,92111-2621,334418,PRINTED CIRCUIT ASSEMBLY (ELECTRONIC ASSEMBLY,Manufacturing,Core,"5214 MOUNT ALIFAN DR , SAN DIEGO, CA 92111-2621","92101-6316, San Diego, California",86.5,-117.159229040686,32.714230009687
1993007326,HOWARD COSTANTINO DESIGNS,SOLE,212 N STAGE COACH LN ,FALLBROOK,CA,92028-2419,421,"WHOLESALE TRADE, DURABLE GOODS",Wholesale Trade,Core,"212 N STAGE COACH LN , FALLBROOK, CA 92028-2419","8629 Nottingham Pl, La Jolla, California, 92037",100.0,-117.240676412937,32.863644851774
1974006545,HP COMPUTING AND PRINTING INC,CORP,16399 W BERNARDO CENTER DR ,SAN DIEGO,CA,92128-2541,3352,HOUSEHOLD APPLIANCE MFG,Manufacturing,Core,"16399 W BERNARDO CENTER DR , SAN DIEGO, CA 92128-2541","212 N Stage Coach Ln, Fallbrook, California, 92028",100.0,-117.228279494321,33.384218161639
2026002035,HPK INDUSTRIES LLC,LLC,8629 NOTTINGHAM PL ,LA JOLLA,CA,92037-2127,333514,"SPECIAL DIE/TOOL, DIE SET, JIG & FIXTURE MFG",Manufacturing,Core,"8629 NOTTINGHAM PL , LA JOLLA, CA 92037-2127","2235 Avenida Costa Este, Suite 600, San Diego, California, 92154",100.0,-116.955141433028,32.558721565902
2015007718,HS SUPPLIES LLC,LLC,2235 AVENIDA COSTA ESTE 600 ,SAN DIEGO,CA,92154-6210,42299,OTHER MISCELLANEOUS NONDURABLE GOODS WHSLE,Wholesale Trade,Core,"2235 AVENIDA COSTA ESTE 600 , SAN DIEGO, CA 92154-6210","6318 La Jolla Blvd, La Jolla, California, 92037",100.0,-117.276111746801,32.824392315384
1985003285,HUA SHIA CORD,SOLE,6318 LA JOLLA BLVD ,LA JOLLA,CA,92037-6601,421,"WHOLESALE TRADE, DURABLE GOODS",Wholesale Trade,Core,"6318 LA JOLLA BLVD , LA JOLLA, CA 92037-6601","7056 Convoy Ct, San Diego, California, 92111",100.0,-117.165072400665,32.834697320515
2026003941,HUBBAHUBBAROMANCE.COM,SCORP,3430 LARK ST ,SAN DIEGO,CA,92103-4714,3231,PRINTING & RELATED SUPPORT ACTIVITIES,Manufacturing,Core,"3430 LARK ST , SAN DIEGO, CA 92103-4714","9605 Scranton Rd, San Diego, California, 92121",100.0,-117.202839160898,32.895698297255
2012076442,HUDSON NEWS,PARTNR,7056 CONVOY CT ,SAN DIEGO,CA,92111-1017,49311,GENERAL WAREHOUSING & STORAGE,Transportation and Warehousing,Core,"7056 CONVOY CT , SAN DIEGO, CA 92111-1017","3430 Lark St, San Diego, California, 92103",100.0,-117.17580467331,32.741713641557
2007029837,HUGHES NETWORK SYSTEMS LLC,LLC,9605 SCRANTON RD ,SAN DIEGO,CA,92121-1788,33422,RADIO/TV BROADCAST & WIRELESS COMM EQUIP MFG,Manufacturing,Core,"9605 SCRANTON RD , SAN DIEGO, CA 92121-1788","4315 Marcia Ct, San Diego, California, 92154",100.0,-117.041411752366,32.575634109124
2020007958,HUMAN INDUSTRIAL INC,SCORP,2475 PASEO DE LAS AMERICAS 1780 ,SAN DIEGO,CA,92154-7255,42161,ELEC EQUIP/WIRING SUPP/CONST MATERIAL WHSLE,Wholesale Trade,Core,"2475 PASEO DE LAS AMERICAS 1780 , SAN DIEGO, CA 92154-7255","2475 Paseo de las Americas, San Diego, California, 92154",99.11,-116.935868252505,32.553304383789
2025015761,HUMBERTO GARCIA & VICTORIA E GARCIA,H-W,4315 MARCIA CT ,SAN DIEGO,CA,92154-3804,333992,WELDING & SOLDERING EQUIPMENT MFG,Manufacturing,Core,"4315 MARCIA CT , SAN DIEGO, CA 92154-3804","14411 Corte Morea, San Diego, California, 92129",100.0,-117.128973639165,32.978764298828
2008030408,HUNG PHAMS TRADING,SOLE,14411 CORTE MOREA ,SAN DIEGO,CA,92129-3812,422,"WHOLESALE TRADE, NONDURABLE GOODS",Wholesale Trade,Core,"14411 CORTE MOREA , SAN DIEGO, CA 92129-3812","16399 Bernardo Center Dr, San Diego, California, 92128",98.87,-117.079154372718,33.012463530997
2021006687,HUSKS UNLIMITED,SCORP,9925 AIRWAY RD C ,SAN DIEGO,CA,92154-7932,311,FOOD MFG,Manufacturing,Core,"9925 AIRWAY RD C , SAN DIEGO, CA 92154-7932","2001 Sanyo Ave, San Diego, California, 92154",100.0,-116.940717099672,32.562899106444
1979054251,HUSSMANN TECHNOLOGIES CORP OF AMERICA  ,CORP,2001 SANYO AVE ,SAN DIEGO,CA,92154-6212,337,FURNITURE & RELATED PRODUCT MFG,Manufacturing,Core,"2001 SANYO AVE , SAN DIEGO, CA 92154-6212","4568 University Ave, San Diego, California, 92105",100.0,-117.096303495158,32.749643969699
1997013995,HUY KY BAKERY,CORP,4568 UNIVERSITY AVE ,SAN DIEGO,CA,92105-1819,311811,RETAIL BAKERIES,Manufacturing,Core,"4568 UNIVERSITY AVE , SAN DIEGO, CA 92105-1819","5252 Balboa Arms Dr, Unit 123, San Diego, California, 92117",100.0,-117.180560481353,32.823543396231
2026003189,HYDDR8 US,SOLE,5252 BALBOA ARMS DR 123 ,SAN DIEGO,CA,92117-4953,312112,BOTTLED WATER MFG,Manufacturing,Core,"5252 BALBOA ARMS DR 123 , SAN DIEGO, CA 92117-4953","401 Jones Rd, Oceanside, California, 92058",100.0,-117.354523948094,33.212093139632
2016008004,HYDRANAUTICS,CORP,401 JONES RD ,OCEANSIDE,CA,92058-1216,339999,ALL OTHER MISCELLANEOUS MFG,Manufacturing,Core,"401 JONES RD , OCEANSIDE, CA 92058-1216","2925 NE Aloclek Dr, Suite 140, Hillsboro, Oregon, 97124",100.0,-122.893466196439,45.54157988892
2026000658,HYDRION SCIENTIFIC INSTRUMENT LLC,LLC,6725 MESA RIDGE RD 100 ,SAN DIEGO,CA,92121-2924,4218,"MACHINERY, EQUIPMENT & SUPPLIES WHSLE",Wholesale Trade,Core,"6725 MESA RIDGE RD 100 , SAN DIEGO, CA 92121-2924","6241 Yarrow Dr, Suite D, Carlsbad, California, 92011",100.0,-117.273743523878,33.121056073867
2023003395,HYDRO INTERNATIONAL,CORP,2925 NE ALOCLEK DR 140 ,HILLSBORO,OR,97124-7523,339,MISCELLANEOUS MFG,Manufacturing,Core,"2925 NE ALOCLEK DR 140 , HILLSBORO, OR 97124-7523","5974 Caminito Yucatan, San Diego, California, 92108",100.0,-117.106568392881,32.782516997672
2021005542,HYDROVIDA,CORP,6241 YARROW DR D ,CARLSBAD,CA,92011-1541,325998,ALL OTH MISC CHEMICAL PRODUCT & PREP MFG,Manufacturing,Core,"6241 YARROW DR D , CARLSBAD, CA 92011-1541","6725 Mesa Ridge Rd, Suite 100, San Diego, California, 92121",100.0,-117.174625339533,32.901701039123
2016006114,HYPER AUDIO VISUAL,LLC,5974 CAMINITO YUCATAN ,SAN DIEGO,CA,92108-2442,4219,MISCELLANEOUS DURABLE GOODS WHSLE,Wholesale Trade,Core,"5974 CAMINITO YUCATAN , SAN DIEGO, CA 92108-2442","8880 Rio San Diego Dr, Suite 600, San Diego, California, 92108",100.0,-117.138843246335,32.776191007707
1991008640,HYUNDAI,CORP,8880 RIO SAN DIEGO DR 600 ,SAN DIEGO,CA,92108-1640,4214,PROFESSIONAL & COMMERCIAL EQUIP & SUPP WHSLE,Wholesale Trade,Core,"8880 RIO SAN DIEGO DR 600 , SAN DIEGO, CA 92108-1640","9925 Airway Rd, San Diego, California, 92154",99.69,-116.9331988678,32.560038111433
2025004638,HYUNJIN AMERICA INC,CORP,591 CAMINO DE LA REINA 705 ,SAN DIEGO,CA,92108-3109,4221,PAPER & PAPER PRODUCT WHSLE,Wholesale Trade,Core,"591 CAMINO DE LA REINA 705 , SAN DIEGO, CA 92108-3109","591 Camino de la Reina, Suite 705, San Diego, California, 92108",100.0,-117.161661049892,32.766306732207
2024013846,I FOUND THIS HUMOROUS,SOLE,9250 TOWNE CENTRE DR 14 ,SAN DIEGO,CA,92121-3005,422,"WHOLESALE TRADE, NONDURABLE GOODS",Wholesale Trade,Core,"9250 TOWNE CENTRE DR 14 , SAN DIEGO, CA 92121-3005","9250 Towne Centre Dr, Unit 14, San Diego, California, 92121",100.0,-117.207624054145,32.875239580346
1980062168,I J D DESIGNS,SOLE,7229 COUNTRY CLUB DR ,LA JOLLA,CA,92037-5615,339999,ALL OTHER MISCELLANEOUS MFG,Manufacturing,Core,"7229 COUNTRY CLUB DR , LA JOLLA, CA 92037-5615","4310 54th St, Apartment 302, San Diego, California, 92115",100.0,-117.079508508127,32.755397810952
2025007545,IAN SHANNON TRANSPORT LLC,LLC,4310 54TH ST 302 ,SAN DIEGO,CA,92115-5341,4841,GENERAL FREIGHT TRUCKING,Transportation and Warehousing,Core,"4310 54TH ST 302 , SAN DIEGO, CA 92115-5341","7229 Country Club Dr, La Jolla, California, 92037",100.0,-117.261965944088,32.839346007835
2018001018,IBARRA WELDING,SOLE,3246 39TH ST ,SAN DIEGO,CA,92105-4017,332312,FABRICATED STRUCTURAL METAL MFG,Manufacturing,Core,"3246 39TH ST , SAN DIEGO, CA 92105-4017","3246 39th St, San Diego, California, 92105",100.0,-117.110769570391,32.740196810449
2021012530,IBARRA'S TRUCKING LLC,LLC,789 SHASTA WAY ,BOULEVARD,CA,91905-9745,484,TRUCK TRANSPORTATION,Transportation and Warehousing,Core,"789 SHASTA WAY , BOULEVARD, CA 91905-9745","9345 Cabot Dr, San Diego, California, 92126",100.0,-117.144075062659,32.891571886321
2021012407,IBS SAN DIEGO COUNTY,CORP,9345 CABOT DR ,SAN DIEGO,CA,92126-4310,4211,MOTOR VEHICLE/MOTOR VEHICLE PT & SUPPLY WHSLE,Wholesale Trade,Core,"9345 CABOT DR , SAN DIEGO, CA 92126-4310","789 Shasta Way, Boulevard, California, 91905",100.0,-116.330021441136,32.645553137477
1984016475,ICEE USA CORP,CORP,810 THOMAS AVE 132 ,SAN DIEGO,CA,92109,42199,OTHER MISCELLANEOUS DURABLE GOODS WHSLE,Wholesale Trade,Core,"810 THOMAS AVE 132 , SAN DIEGO, CA 92109","3140 Midway Dr, Unit 207, San Diego, California, 92110",100.0,-117.20757426564,32.750400855555
1996005101,ICT,CORP,6790 TOP GUN ST 1 ,SAN DIEGO,CA,92121-4121,4229,MISCELLANEOUS NONDURABLE GOODS WHSLE,Wholesale Trade,Core,"6790 TOP GUN ST 1 , SAN DIEGO, CA 92121-4121","810 Thomas Ave, San Diego, California, 92109",99.0,-117.254283751038,32.793791019646
2019005557,ID BAJA,SOLE,4492 CAMINO DE LA PLAZA 559 ,SAN YSIDRO,CA,92173-3071,4889,OTHER TRANSPORTATION SUPPORT ACTIVITIES,Transportation and Warehousing,Core,"4492 CAMINO DE LA PLAZA 559 , SAN YSIDRO, CA 92173-3071","6790 Top Gun St, Suite 1, San Diego, California, 92121",100.0,-117.172844436566,32.910532673314
2026000382,IDEAL WHOLESALE,SOLE,3140 MIDWAY DR 207 ,SAN DIEGO,CA,92110-4508,4219,MISCELLANEOUS DURABLE GOODS WHSLE,Wholesale Trade,Core,"3140 MIDWAY DR 207 , SAN DIEGO, CA 92110-4508","4492 Camino de la Plz, San Ysidro, California, 92173",99.29,-117.037945416308,32.545209476978
1998012960,IGROUP DESIGN INC,CORP,6593 RIVERDALE ST ,SAN DIEGO,CA,92120-2327,421,"WHOLESALE TRADE, DURABLE GOODS",Wholesale Trade,Core,"6593 RIVERDALE ST , SAN DIEGO, CA 92120-2327","6593 Riverdale St, San Diego, California, 92120",100.0,-117.099598756572,32.792562373352
2017007716,IKANOS COMMUNICATIONS INC.,CORP,5775 MOREHOUSE DR ,SAN DIEGO,CA,92121-1714,33441,SEMICONDUCTOR & OTH ELECTRONIC COMPONENT MFG,Manufacturing,Core,"5775 MOREHOUSE DR , SAN DIEGO, CA 92121-1714","5775 Morehouse Dr, San Diego, California, 92121",100.0,-117.196450558117,32.896673028775
2007001121,IKON DISPLAYS INC,SCORP,8580 AVENIDA DE LA FUENTE A ,SAN DIEGO,CA,92154-6284,421,"WHOLESALE TRADE, DURABLE GOODS",Wholesale Trade,Core,"8580 AVENIDA DE LA FUENTE A , SAN DIEGO, CA 92154-6284","6632 1/2 Antigua Blvd, San Diego, California, 92124",100.0,-117.08812694861,32.837655503693
2025013556,ILIA KHODAKOV & EVGENIIA KHODAKOVA,H-W,6632 1/2 ANTIGUA BLVD ,SAN DIEGO,CA,92124-4032,4922,LOCAL MESSENGERS & LOCAL DELIVERY,Transportation and Warehousing,Core,"6632 1/2 ANTIGUA BLVD , SAN DIEGO, CA 92124-4032","5749 Abernathy Way, San Diego, California, 92117",100.0,-117.175041752483,32.823716817807
2025021095,ILIANA M BARAJAS ,SOLE,5749 ABERNATHY WAY ,SAN DIEGO,CA,92117-4043,4922,LOCAL MESSENGERS & LOCAL DELIVERY,Transportation and Warehousing,Core,"5749 ABERNATHY WAY , SAN DIEGO, CA 92117-4043","8580 Avenida de la Fuente, Suite A, San Diego, California, 92154",100.0,-116.958480280339,32.556474084294
2026002107,IMAXESS INC,CORP,845 15TH ST 103 ,SAN DIEGO,CA,92101-8098,4218,"MACHINERY, EQUIPMENT & SUPPLIES WHSLE",Wholesale Trade,Core,"845 15TH ST 103 , SAN DIEGO, CA 92101-8098","3475 E St, San Diego, California, 92102",100.0,-117.119570568725,32.714420530346
2023005806,IMIA LLC,SOLE,3475 E ST ,SAN DIEGO,CA,92102-3335,3366,SHIP & BOAT BUILDING,Manufacturing,Core,"3475 E ST , SAN DIEGO, CA 92102-3335","845 15th St, Suite 103, San Diego, California, 92101",100.0,-117.150360568031,32.713975535107
2025010672,IMPACT ACOUSTIC INC,CORP,7811 PASEO DE LA FUENTE 110 ,SAN DIEGO,CA,92154-5274,327993,MINERAL WOOL MFG,Manufacturing,Core,"7811 PASEO DE LA FUENTE 110 , SAN DIEGO, CA 92154-5274","6010 Cornerstone Ct W, Suite 200, San Diego, California, 92121",99.89,-117.190927470658,32.896181011058
2007003116,IMPACT COMPONENTS,LP,6010 W CORNERSTONE CT 200 ,SAN DIEGO,CA,92121-3762,42169,OTHER ELECTRONIC PARTS & EQUIPMENT WHSLE,Wholesale Trade,Core,"6010 W CORNERSTONE CT 200 , SAN DIEGO, CA 92121-3762","7811 Paseo de la Fuente, San Diego, California, 92154",99.27,-116.909011964178,32.561236849316
2016009205,IMPACT DESIGN LLC,LLC,10755 SCRIPPS POWAY PKY 490 ,SAN DIEGO,CA,92131-3924,42299,OTHER MISCELLANEOUS NONDURABLE GOODS WHSLE,Wholesale Trade,Core,"10755 SCRIPPS POWAY PKY 490 , SAN DIEGO, CA 92131-3924","10755 Scripps Poway Pkwy, Suite 490, San Diego, California, 92131",100.0,-117.097295241941,32.936793092143
2009037804,IMPACT GRAPHICS & SIGNS,SOLE,5147 ARLENE ST ,SAN DIEGO,CA,92117-1415,33995,SIGN MFG,Manufacturing,Core,"5147 ARLENE ST , SAN DIEGO, CA 92117-1415","5147 Arlene St, San Diego, California, 92117",100.0,-117.179580720691,32.839019867982
2025001580,IMPERIAL BAG & PAPER CO LLC,LLC,1865 MOUNTAIN VIEW AVE ,LOMA LINDA,CA,92354-1722,422,"WHOLESALE TRADE, NONDURABLE GOODS",Wholesale Trade,Core,"1865 MOUNTAIN VIEW AVE , LOMA LINDA, CA 92354-1722","9332 Clairemont Mesa Blvd, San Diego, California, 92123",100.0,-117.128560159881,32.831526614182
2003013183,IMPERIAL SPRINKLER SUPPLY INC,CORP,9332 CLAIREMONT MESA BLVD ,SAN DIEGO,CA,92123-1214,421,"WHOLESALE TRADE, DURABLE GOODS",Wholesale Trade,Core,"9332 CLAIREMONT MESA BLVD , SAN DIEGO, CA 92123-1214","8680 Miralani Dr, Suite 124, San Diego, California, 92126",100.0,-117.136825470783,32.896192619994
2017006131,IMPERO WINE DISTRIBUTOR SAN DIEGO LLC,LLC,8680 MIRALANI DR 124 ,SAN DIEGO,CA,92126-6391,42281,BEER & ALE WHSLE,Wholesale Trade,Core,"8680 MIRALANI DR 124 , SAN DIEGO, CA 92126-6391","1865 Mountain View Ave, Loma Linda, California, 92354",100.0,-117.243669087646,34.067756456355
2004016178,IMPEX NORTH AMERICA INC,CORP,3065 BEYER BLVD B-103-1 ,SAN DIEGO,CA,92154-3499,42269,OTHER CHEMICAL & ALLIED PRODUCTS WHSLE,Wholesale Trade,Core,"3065 BEYER BLVD B-103-1 , SAN DIEGO, CA 92154-3499","13711 Nob Ave, Del Mar, California, 92014",100.0,-117.259013586333,32.946691994065
1984008298,IMPORT WATCHES INC,CORP,1422 RADAR RD A ,SAN DIEGO,CA,92154-7806,42199,OTHER MISCELLANEOUS DURABLE GOODS WHSLE,Wholesale Trade,Core,"1422 RADAR RD A , SAN DIEGO, CA 92154-7806","11462 Avenger Rd, San Diego, California, 92126",100.0,-117.117460340782,32.927584188491
1987009838,IMPRINTABLES ETC,SOLE,13711 NOB AVE ,DEL MAR,CA,92014-3345,421,"WHOLESALE TRADE, DURABLE GOODS",Wholesale Trade,Core,"13711 NOB AVE , DEL MAR, CA 92014-3345","1422 Radar Rd, San Diego, California, 92154",100.0,-116.960092874691,32.57104723834
2025022821,IN-KIND SUPPLY,CORP,11462 AVENGER RD ,SAN DIEGO,CA,92126-5504,42269,OTHER CHEMICAL & ALLIED PRODUCTS WHSLE,Wholesale Trade,Core,"11462 AVENGER RD , SAN DIEGO, CA 92126-5504","2361 India St, San Diego, California, 92101",100.0,-117.170610910827,32.729135464285
1993010015,INDIA STREET ANTIQUES,CORP,2361 INDIA ST ,SAN DIEGO,CA,92101-1209,42121,FURNITURE WHSLE,Wholesale Trade,Core,"2361 INDIA ST , SAN DIEGO, CA 92101-1209","3065 Beyer Blvd, San Diego, California, 92154",98.65,-117.065370332946,32.57216915608
1998007083,INDO-PACIFIC PRESS,SOLE,4231 BALBOA AVE 1287 ,SAN DIEGO,CA,92117-5504,323,PRINTING & RELATED SUPPORT ACTIVITIES,Manufacturing,Core,"4231 BALBOA AVE 1287 , SAN DIEGO, CA 92117-5504","4231 Balboa Ave, San Diego, California, 92117",98.89,-117.199933322705,32.811647086782
2024004809,INDOFF LLC,LLC,11816 LACKLAND RD ,SAINT LOUIS,MO,63146-4268,4219,MISCELLANEOUS DURABLE GOODS WHSLE,Wholesale Trade,Core,"11816 LACKLAND RD , SAINT LOUIS, MO 63146-4268","6837 Nancy Ridge Dr, San Diego, California, 92121",100.0,-117.175608620595,32.885746254067
2014004497,INDUSTRIAL ELECTRIC SERVICE,CORP,6837 NANCY RIDGE DR ,SAN DIEGO,CA,92121-3217,81131,COMMERCIAL EQUIPMENT (EXC AUTO & ELEC) R&M,Industrial Machinery Repair,Core,"6837 NANCY RIDGE DR , SAN DIEGO, CA 92121-3217","11816 Lackland Rd, Saint Louis, Missouri, 63146",100.0,-90.434809508936,38.698050905344
1997009773,INDUSTRIAL EXPERTS INC,CORP,9950 MARCONI DR 101 ,SAN DIEGO,CA,92154-7272,4214,PROFESSIONAL & COMMERCIAL EQUIP & SUPP WHSLE,Wholesale Trade,Core,"9950 MARCONI DR 101 , SAN DIEGO, CA 92154-7272","9950 Marconi Dr, Suite 101, San Diego, California, 92154",100.0,-116.931507986473,32.554339129736
1995003724,INDUSTRIAL METAL SUPPLY CO,CORP,7550 RONSON RD ,SAN DIEGO,CA,92111-1500,4215,METAL & MINERAL (EXCEPT PETROLEUM) WHSLE,Wholesale Trade,Core,"7550 RONSON RD , SAN DIEGO, CA 92111-1500","7550 Ronson Rd, San Diego, California, 92111",100.0,-117.156057160886,32.829059945806
2016002418,INDUSTRIAL SEATING INC,CORP,24024 HUMPHRIES RD ,TECATE,CA,91980,42212,STATIONERY & OFFICE SUPPLIES WHSLE,Wholesale Trade,Core,"24024 HUMPHRIES RD , TECATE, CA 91980","24024 Humphries Rd, Tecate, California, 91980",100.0,-116.633168392178,32.582633836467
2014037317,INFANTINO,LLC,10025 MESA RIM RD ,SAN DIEGO,CA,92121-2913,4229,MISCELLANEOUS NONDURABLE GOODS WHSLE,Wholesale Trade,Core,"10025 MESA RIM RD , SAN DIEGO, CA 92121-2913","10025 Mesa Rim Rd, San Diego, California, 92121",100.0,-117.177272428375,32.900264632376
2025007140,INFINITI TOWING,SCORP,110 S 31ST ST ,SAN DIEGO,CA,92113-1404,48841,MOTOR VEHICLE TOWING,Transportation and Warehousing,Core,"110 S 31ST ST , SAN DIEGO, CA 92113-1404","4147 Beta St, San Diego, California, 92113",100.0,-117.104811545976,32.690822036327
2025016669,INFINITY CARE TRANSPORT,SOLE,4147 BETA ST ,SAN DIEGO,CA,92113-4108,488,TRANSPORTATION SUPPORT ACTIVITIES,Transportation and Warehousing,Core,"4147 BETA ST , SAN DIEGO, CA 92113-4108","510 Market St, San Diego, California, 92101",100.0,-117.159821892697,32.711570976633
2020017228,INFINIUM SPIRITS INC,CORP,510 MARKET ST ,SAN DIEGO,CA,92101-7025,4228,BEER/WINE/DISTILLED ALCOHOLIC BEVERAGE WHSLE,Wholesale Trade,Core,"510 MARKET ST , SAN DIEGO, CA 92101-7025","4320 Ampudia St, San Diego, California, 92103",100.0,-117.188932158607,32.754822099933
2007029754,INFORMATION COMMUNICATION ENTERTAINMENT,SOLE,4320 AMPUDIA ST ,SAN DIEGO,CA,92103-1008,42161,ELEC EQUIP/WIRING SUPP/CONST MATERIAL WHSLE,Wholesale Trade,Core,"4320 AMPUDIA ST , SAN DIEGO, CA 92103-1008","110 S 31st St, San Diego, California, 92113",100.0,-117.127407312918,32.704985860132
2006000852,INITIAL IMPRESSION INC,SCORP,7512 CLAIREMONT MESA BLVD ,SAN DIEGO,CA,92111-1504,3231,PRINTING & RELATED SUPPORT ACTIVITIES,Manufacturing,Core,"7512 CLAIREMONT MESA BLVD , SAN DIEGO, CA 92111-1504","7512 Clairemont Mesa Blvd, San Diego, California, 92111",100.0,-117.157075310665,32.832803513311
2023000234,INLAND KENWORTH (US) INC,CORP,9993 MARCONI DR ,SAN DIEGO,CA,92154-7271,421,"WHOLESALE TRADE, DURABLE GOODS",Wholesale Trade,Core,"9993 MARCONI DR , SAN DIEGO, CA 92154-7271","9993 Marconi Dr, San Diego, California, 92154",100.0,-116.930112651051,32.554262644869
2016007547,INLAND KENWORTH - OTAY,CORP,9993 MARCONI DR ,SAN DIEGO,CA,92154-7271,4211,MOTOR VEHICLE/MOTOR VEHICLE PT & SUPPLY WHSLE,Wholesale Trade,Core,"9993 MARCONI DR , SAN DIEGO, CA 92154-7271","9993 Marconi Dr, San Diego, California, 92154",100.0,-116.930112651051,32.554262644869
2025012823,INMORTALES CO,SOLE,1167 25TH ST 112 ,SAN DIEGO,CA,92154-3228,332812,"METAL COATING, ENGRAVING, & ALLIED SERVICES",Manufacturing,Core,"1167 25TH ST 112 , SAN DIEGO, CA 92154-3228","7875 Golfcrest Dr, Unit 4, San Diego, California, 92119",100.0,-117.046733255054,32.81762133018
2017003080,INNACREATIONS,SOLE,7875 GOLFCREST DR 4 ,SAN DIEGO,CA,92119-1250,33991,JEWELRY & SILVERWARE MFG,Manufacturing,Core,"7875 GOLFCREST DR 4 , SAN DIEGO, CA 92119-1250","7716 Prairie Shadow Rd, San Diego, California, 92126",100.0,-117.156505425068,32.927902952269
2012005147,INNATEL INC,SCORP,7716 PRAIRIE SHADOW RD ,SAN DIEGO,CA,92126-8018,42299,OTHER MISCELLANEOUS NONDURABLE GOODS WHSLE,Wholesale Trade,Core,"7716 PRAIRIE SHADOW RD , SAN DIEGO, CA 92126-8018","10109 Carroll Canyon Rd, San Diego, California, 92131",100.0,-117.109244650746,32.90425508884
2007004018,INNO TECH MANUFACTURING INC ,CORP,10109 CARROLL CANYON RD ,SAN DIEGO,CA,92131-1109,333518,OTHER METALWORKING MACHINERY MFG,Manufacturing,Core,"10109 CARROLL CANYON RD , SAN DIEGO, CA 92131-1109","1167 25th St, Otay Mesa, California, 92154",99.06,-117.076491022984,32.574579330429
2016011944,INNOTECH TRANSPORTATION INC,CORP,1210 AIR WING RD 101 ,SAN DIEGO,CA,92154-7713,48412,"GENERAL FREIGHT TRUCKING, LONG-DISTANCE",Transportation and Warehousing,Core,"1210 AIR WING RD 101 , SAN DIEGO, CA 92154-7713","1210 Air Wing Rd, Suite 101, San Diego, California, 92154",100.0,-116.955856996102,32.574013174779
1999013484,INNOVATIVE COLD STORAGE ENTERPRISE INC,CORP,7850 WATERVILLE RD ,SAN DIEGO,CA,92154-8205,49312,REFRIGERATED WAREHOUSING & STORAGE,Transportation and Warehousing,Core,"7850 WATERVILLE RD , SAN DIEGO, CA 92154-8205","7850 Waterville Rd, San Diego, California, 92154",100.0,-116.972625999233,32.562542037369
1997000751,INNOVATIVE IMPRINTS LLC,CORP,10861 KINSBURY RIDGE CT ,SAN DIEGO,CA,92130-6822,42199,OTHER MISCELLANEOUS DURABLE GOODS WHSLE,Wholesale Trade,Core,"10861 KINSBURY RIDGE CT , SAN DIEGO, CA 92130-6822","10861 Kinsbury Ridge Ct, San Diego, California, 92130",100.0,-117.185287874744,32.935627756145
2018018062,INNOVATIVE WOODWORKS,SOLE,3724 DALBERGIA ST ,SAN DIEGO,CA,92113-3815,337212,CUSTOM ARCHITECTURAL WOODWORK & MILLWORK MFG,Manufacturing,Core,"3724 DALBERGIA ST , SAN DIEGO, CA 92113-3815","10019 Waples Ct, San Diego, California, 92121",100.0,-117.179390116212,32.902427289124
2016004468,INNOVIVE LLC,LLC,10019 WAPLES CT ,SAN DIEGO,CA,92121-2962,339,MISCELLANEOUS MFG,Manufacturing,Core,"10019 WAPLES CT , SAN DIEGO, CA 92121-2962","3724 Dalbergia St, San Diego, California, 92113",100.0,-117.114085032192,32.686015936866
2017008614,INOVA DIAGNOSTICS INC,CORP,9900 OLD GROVE RD ,SAN DIEGO,CA,92131-1638,339,MISCELLANEOUS MFG,Manufacturing,Core,"9900 OLD GROVE RD , SAN DIEGO, CA 92131-1638","7739 Fay Ave, La Jolla, California, 92037",100.0,-117.274962923152,32.844074951878
2020001643,INPLACE STUDIO,CORP,7739 FAY AVE ,LA JOLLA,CA,92037-4310,337,FURNITURE & RELATED PRODUCT MFG,Manufacturing,Core,"7739 FAY AVE , LA JOLLA, CA 92037-4310","969 Buenos Ave, San Diego, California, 92110",100.0,-117.202343371326,32.766812160968
2018022206,INSERTS INTERNATIONAL LP,LP,969 BUENOS AVE ,SAN DIEGO,CA,92110-3926,49311,GENERAL WAREHOUSING & STORAGE,Transportation and Warehousing,Core,"969 BUENOS AVE , SAN DIEGO, CA 92110-3926","9900 Old Grove Rd, San Diego, California, 92131",100.0,-117.113970870671,32.898892892012
2024013845,INSOMNIA COOKIES,LLC,3066 E UNIVERSITY AVE ,SAN DIEGO,CA,92104-3034,311811,RETAIL BAKERIES,Manufacturing,Core,"3066 E UNIVERSITY AVE , SAN DIEGO, CA 92104-3034","1901 Harpers Way, Torrance, California, 90501",100.0,-118.313824384619,33.843790746221
2015035303,INSPIRA TECHNOLOGIES LLC,CORP,501 W BROADWAY 800 ,SAN DIEGO,CA,92101-3546,339,MISCELLANEOUS MFG,Manufacturing,Core,"501 W BROADWAY 800 , SAN DIEGO, CA 92101-3546","7263 Engineer Rd, San Diego, California, 92111",100.0,-117.160928052459,32.82714468093
1974002688,INSTRUMENTS INC,CORP,7263 ENGINEER RD ,SAN DIEGO,CA,92111-1432,336,TRANSPORTATION EQUIPMENT MFG,Manufacturing,Core,"7263 ENGINEER RD , SAN DIEGO, CA 92111-1432","501 W Broadway, Suite 800, San Diego, California, 92101",100.0,-117.167745138131,32.715600702313
1983014527,INSULATION SUPPLY CO,CORP,1901 HARPERS WY ,TORRANCE,CA,90501,4216,ELECTRICAL GOODS WHSLE,Wholesale Trade,Core,"1901 HARPERS WY , TORRANCE, CA 90501","2380 Britannia Blvd, San Diego, California, 92154",100.0,-116.98001007228,32.555314917485
2002005833,INSURANCE AUTO AUCTIONS INC,CORP,2380 BRITANNIA BLVD ,SAN DIEGO,CA,92154-8301,4211,MOTOR VEHICLE/MOTOR VEHICLE PT & SUPPLY WHSLE,Wholesale Trade,Core,"2380 BRITANNIA BLVD , SAN DIEGO, CA 92154-8301","3066 University Ave, San Diego, California, 92104",98.87,-117.128451362778,32.748556208214
2006000413,INTEGRATED DNA TECHNOLOGIES INC / IDT,CORP,6828 NANCY RIDGE DR ,SAN DIEGO,CA,92121-2285,339,MISCELLANEOUS MFG,Manufacturing,Core,"6828 NANCY RIDGE DR , SAN DIEGO, CA 92121-2285","6828 Nancy Ridge Dr, San Diego, California, 92121",100.0,-117.176044311922,32.885968835506
1982007493,INTEGRATED MICROWAVE CORP,SCORP,11353 SORRENTO VALLEY RD ,SAN DIEGO,CA,92121-1303,3344,SEMICONDUCTOR & OTH ELECTRONIC COMPONENT MFG,Manufacturing,Core,"11353 SORRENTO VALLEY RD , SAN DIEGO, CA 92121-1303","5330 Eastgate Mall, San Diego, California, 92121",100.0,-117.192011753652,32.882272583843
2013048493,INTELLIGENT BLENDS,LP,5330 EASTGATE MALL ,SAN DIEGO,CA,92121-2804,31192,COFFEE & TEA MFG,Manufacturing,Core,"5330 EASTGATE MALL , SAN DIEGO, CA 92121-2804","11353 Sorrento Valley Rd, San Diego, California, 92121",100.0,-117.22905523946,32.909119442529
1997012492,INTELLIGENT TECHNOLOGIES,CORP,9454 WAPLES ST ,SAN DIEGO,CA,92121-2919,334419,OTHER ELECTRONIC COMPONENT MFG,Manufacturing,Core,"9454 WAPLES ST , SAN DIEGO, CA 92121-2919","9454 Waples St, San Diego, California, 92121",100.0,-117.1841593353,32.902039123188
2016002275,INTER BAJA PARTS,SOLE,2364 PASEO DE LAS AMERICAS 104 PMB 523 ,SAN DIEGO,CA,92154-5224,42112,MOTOR VEHICLE SUPPLIES & NEW PARTS WHSLE,Wholesale Trade,Core,"2364 PASEO DE LAS AMERICAS 104 PMB 523 , SAN DIEGO, CA 92154-5224","201 Bonair St, La Jolla, California, 92037",100.0,-117.280395486057,32.829968586019
2017005574,INTERBORDER AUTO STORAGE & TOWING,CORP,1625 OTAY MESA CENTER RD A ,SAN DIEGO,CA,92154-8222,49319,OTHER WAREHOUSING & STORAGE,Transportation and Warehousing,Core,"1625 OTAY MESA CENTER RD A , SAN DIEGO, CA 92154-8222","10145 Via de la Amistad, San Diego, California, 92154",99.5,-116.928276343703,32.552719704133
2000011681,INTERCALIFORNIAS FORWARDING,CORP,10145 VIA DE LA AMISTAD 10 ,SAN DIEGO,CA,92154-5217,484,TRUCK TRANSPORTATION,Transportation and Warehousing,Core,"10145 VIA DE LA AMISTAD 10 , SAN DIEGO, CA 92154-5217","1625 Otay Mesa Center Rd, San Diego, California, 92154",100.0,-116.966647690612,32.566420134421
1981002849,INTERCONTI SYSTEMS INC,CORP,201 BONAIR ST ,LA JOLLA,CA,92037-5902,42199,OTHER MISCELLANEOUS DURABLE GOODS WHSLE,Wholesale Trade,Core,"201 BONAIR ST , LA JOLLA, CA 92037-5902","2466 Grand Ave, Vista, California, 92081",100.0,-117.220115269171,33.15423558613
2013022892,INTERCRUISES SHORESIDE AND PORT SERVICES INC,CORP,1800 ELLER DR 550 ,FT LAUDERDALE,FL,33316-4211,48839,OTHER WATER TRANSPORTATION SUPPORT ACTIVITIES,Transportation and Warehousing,Core,"1800 ELLER DR 550 , FT LAUDERDALE, FL 33316-4211","1800 Eller Dr, Suite 550, Dania, Florida, 33004",97.13,-80.123669663502,26.082011906468
1997005544,INTERFLEX GROUP INC,CORP,2466 GRAND AVE ,VISTA,CA,92081-7804,4229,MISCELLANEOUS NONDURABLE GOODS WHSLE,Wholesale Trade,Core,"2466 GRAND AVE , VISTA, CA 92081-7804","2364 Paseo de las Americas, Suite 104, San Diego, California, 92154",98.0,-116.936071681295,32.555119484922
2022017027,INTERIO LLC,LLC,8952 ALESMITH CT D ,SAN DIEGO,CA,92126-4230,331,PRIMARY METAL MFG,Manufacturing,Core,"8952 ALESMITH CT D , SAN DIEGO, CA 92126-4230","8952 Alesmith Ct, San Diego, California, 92126",99.71,-117.149396649166,32.886968209821
2021004005,INTERLAKE MECALUX INC,CORP,8607 AVENIDA DE LA FUENTE ,SAN DIEGO,CA,92154-6267,3399,OTHER MISCELLANEOUS MFG,Manufacturing,Core,"8607 AVENIDA DE LA FUENTE , SAN DIEGO, CA 92154-6267","5565 Trinity Way, San Diego, California, 92120",100.0,-117.079102404918,32.785059103176
2013022692,INTERMEX FOODS,CORP,5656 LA JOLLA BLVD 5 ,LA JOLLA,CA,92037-7523,422,"WHOLESALE TRADE, NONDURABLE GOODS",Wholesale Trade,Core,"5656 LA JOLLA BLVD 5 , LA JOLLA, CA 92037-7523","4343 Morena Blvd, Suite 6, San Diego, California, 92117",100.0,-117.221843114692,32.817693749824
2003019495,INTERNATIONAL CHEMICALS SERVICES INC,SCORP,5565 TRINITY WAY ,SAN DIEGO,CA,92120-4503,421,"WHOLESALE TRADE, DURABLE GOODS",Wholesale Trade,Core,"5565 TRINITY WAY , SAN DIEGO, CA 92120-4503","8607 Avenida de la Fuente, San Diego, California, 92154",100.0,-116.958035788014,32.556288215591
1992008067,INTERNATIONAL DESIGN RESOURCE INC,CORP,4343 MORENA BLVD 6 ,SAN DIEGO,CA,92117-4343,421,"WHOLESALE TRADE, DURABLE GOODS",Wholesale Trade,Core,"4343 MORENA BLVD 6 , SAN DIEGO, CA 92117-4343","5656 La Jolla Blvd, La Jolla, California, 92037",99.71,-117.270364443432,32.814999931871
2016000475,INTERNATIONAL EXPORTS,SOLE,402 63RD ST 277 ,SAN DIEGO,CA,92114-4273,42199,OTHER MISCELLANEOUS DURABLE GOODS WHSLE,Wholesale Trade,Core,"402 63RD ST 277 , SAN DIEGO, CA 92114-4273","4748 Berwick Dr, San Diego, California, 92117",100.0,-117.167099983044,32.82751428095
1992007000,INTERNATIONAL IRON PRODUCTS,CORP,10883 THORNMINT RD ,SAN DIEGO,CA,92127-2403,332312,FABRICATED STRUCTURAL METAL MFG,Manufacturing,Core,"10883 THORNMINT RD , SAN DIEGO, CA 92127-2403","8527 Avenida Costa Sur, San Diego, California, 92154",100.0,-116.95988089636,32.554879175757
1998009049,INTERNATIONAL SECURITY SERVICES,SOLE,4748 BERWICK DR ,SAN DIEGO,CA,92117-4233,4215,METAL & MINERAL (EXCEPT PETROLEUM) WHSLE,Wholesale Trade,Core,"4748 BERWICK DR , SAN DIEGO, CA 92117-4233","10883 Thornmint Rd, San Diego, California, 92127",100.0,-117.099721970549,33.016688764569
2014020004,INTERNATIONAL SEEDS AND FRUITS,CORP,8527 AVENIDA COSTA SUR ,SAN DIEGO,CA,92154-6281,42248,FRESH FRUIT & VEGETABLE WHSLE,Wholesale Trade,Core,"8527 AVENIDA COSTA SUR , SAN DIEGO, CA 92154-6281","8527 Avenida Costa Sur, San Diego, California, 92154",100.0,-116.95988089636,32.554879175757
2013018402,INTERNATIONAL SEEDS AND FRUITS LLC,LLC,8527 AVENIDA COSTA SUR ,SAN DIEGO,CA,92154-6281,422,"WHOLESALE TRADE, NONDURABLE GOODS",Wholesale Trade,Core,"8527 AVENIDA COSTA SUR , SAN DIEGO, CA 92154-6281","9950 Marconi Dr, Suite 106, San Diego, California, 92154",100.0,-116.931507986473,32.554339129736
1996006501,INTERNATIONAL SIGNS AND INDUSTRY SUPPLY,SOLE,1605 PACIFIC RIM CT C ,SAN DIEGO,CA,92154-7524,421,"WHOLESALE TRADE, DURABLE GOODS",Wholesale Trade,Core,"1605 PACIFIC RIM CT C , SAN DIEGO, CA 92154-7524","1605 Pacific Rim Ct, Suite C, San Diego, California, 92154",100.0,-116.992545927406,32.567695021894
2012018567,INTERNATIONAL STATIONERY IMPORTS INC,CORP,9950 MARCONI DR 106 ,SAN DIEGO,CA,92154-7272,42299,OTHER MISCELLANEOUS NONDURABLE GOODS WHSLE,Wholesale Trade,Core,"9950 MARCONI DR 106 , SAN DIEGO, CA 92154-7272","402 63rd St, Office 277, San Diego, California, 92114",100.0,-117.062358715136,32.708074214267
1994010132,INTERNATIONAL TRAILER SERVICES INC,CORP,9170 SIEMPRE VIVA RD ,SAN DIEGO,CA,92154-7606,488999,ALL OTHER TRANSPORTATION SUPPORT ACTIVITIES,Transportation and Warehousing,Core,"9170 SIEMPRE VIVA RD , SAN DIEGO, CA 92154-7606","9170 Siempre Viva Rd, San Diego, California, 92154",100.0,-116.946657814225,32.553207955406
2003025246,INTERNATIONAL WEIGHING SYSTEMS INC,SCORP,9865 MESA RIM RD 213 ,SAN DIEGO,CA,92121-2980,42144,OTHER COMMERCIAL EQUIPMENT WHSLE,Wholesale Trade,Core,"9865 MESA RIM RD 213 , SAN DIEGO, CA 92121-2980","5755 Oberlin Dr, Suite 217, San Diego, California, 92121",100.0,-117.19445139039,32.892999450161
1982000305,INTERSTATE MARKETING ASSOCIATES,CORP,5755 OBERLIN DR 217 ,SAN DIEGO,CA,92121-1786,3353,ELECTRICAL EQUIPMENT MFG,Manufacturing,Core,"5755 OBERLIN DR 217 , SAN DIEGO, CA 92121-1786","9865 Mesa Rim Rd, Suite 213, San Diego, California, 92121",100.0,-117.17944744843,32.898330466309
2001003431,INTJ BOOKS INC,CORP,2153 DE MAYO RD ,DEL MAR,CA,92014,42199,OTHER MISCELLANEOUS DURABLE GOODS WHSLE,Wholesale Trade,Core,"2153 DE MAYO RD , DEL MAR, CA 92014","2334 Felicita Rd, Escondido, California, 92029",100.0,-117.084942663594,33.090182087892
2014014902,INTO THE DEPTHS SPORTFISHING,SOLE,2334 FELICITA RD ,ESCONDIDO,CA,92029-4423,483112,DEEP SEA PASSENGER TRANSPORTATION,Transportation and Warehousing,Core,"2334 FELICITA RD , ESCONDIDO, CA 92029-4423","2153 De Mayo Rd, Del Mar, California, 92014",100.0,-117.25832643791,32.947666935133
2021013040,INTREPID AUTOMATION,CORP,7867 DUNBROOK RD ,SAN DIEGO,CA,92126-4390,3342,COMMUNICATIONS EQUIPMENT MFG,Manufacturing,Core,"7867 DUNBROOK RD , SAN DIEGO, CA 92126-4390","7867 Dunbrook Rd, San Diego, California, 92126",100.0,-117.1519560633,32.892551227888
1998011025,INVIVOGEN,CORP,10515 VISTA SORRENTO PKY ,SAN DIEGO,CA,92121-2712,42199,OTHER MISCELLANEOUS DURABLE GOODS WHSLE,Wholesale Trade,Core,"10515 VISTA SORRENTO PKY , SAN DIEGO, CA 92121-2712","10515 Vista Sorrento Pkwy, San Diego, California, 92121",100.0,-117.216998458475,32.898094599554
2017017081,INVIVOSCRIBE TECHNOLOGIES INC,CORP,10222 BARNES CANYON RD 100 ,SAN DIEGO,CA,92121-2711,339,MISCELLANEOUS MFG,Manufacturing,Core,"10222 BARNES CANYON RD 100 , SAN DIEGO, CA 92121-2711","7737 Kenamar Ct, San Diego, California, 92121",100.0,-117.154176261814,32.886281145218
2011014490,INZI DISPLAY AMERICA INC,CORP,7880 AIRWAY RD B6E ,SAN DIEGO,CA,92154-8308,42169,OTHER ELECTRONIC PARTS & EQUIPMENT WHSLE,Wholesale Trade,Core,"7880 AIRWAY RD B6E , SAN DIEGO, CA 92154-8308","10222 Barnes Canyon Rd, Suite 100, San Diego, California, 92121",100.0,-117.19682430718,32.899986269372
2016002213,IPNG USA,SOLE,12366 BRIARDALE WAY ,SAN DIEGO,CA,92128-5223,42233,WOMEN'S/CHILDREN'S/INFANTS' CLOTHING WHSLE,Wholesale Trade,Core,"12366 BRIARDALE WAY , SAN DIEGO, CA 92128-5223","12366 Briardale Way, San Diego, California, 92128",100.0,-117.074584978202,32.944034050658
2008018687,IPS GROUP INC,CORP,7737 KENAMAR CT ,SAN DIEGO,CA,92121-2425,334514,TOTAL FLUID METER & COUNTING DEVICE MFG,Manufacturing,Core,"7737 KENAMAR CT , SAN DIEGO, CA 92121-2425","7880 Airway Rd, Suite B6E, San Diego, California, 92154",100.0,-116.970090389703,32.560655019507
2021006513,IREPSA COSMETICS LLC,LLC,6935 CAMINO MAQUILADORA E ,SAN DIEGO,CA,92154-7505,33999,ALL OTHER MISC MFG,Manufacturing,Core,"6935 CAMINO MAQUILADORA E , SAN DIEGO, CA 92154-7505","5455 Kearny Villa Rd, San Diego, California, 92123",100.0,-117.139000826114,32.833268247933
1998005805,IRON MOUNTAIN OFF-SITE DATA PROTECTION,CORP,5455 KEARNY VILLA RD ,SAN DIEGO,CA,92123-1105,49311,GENERAL WAREHOUSING & STORAGE,Transportation and Warehousing,Core,"5455 KEARNY VILLA RD , SAN DIEGO, CA 92123-1105","9163 Siempre Viva Rd, Suite I, San Diego, California, 92154",100.0,-116.947306951949,32.553001042713
2016000147,IRONSMITH INC,CORP,9163 SIEMPRE VIVA RD I ,SAN DIEGO,CA,92154-7656,488,TRANSPORTATION SUPPORT ACTIVITIES,Transportation and Warehousing,Core,"9163 SIEMPRE VIVA RD I , SAN DIEGO, CA 92154-7656","4823 Sea Urchin Dr, San Diego, California, 92154",100.0,-117.029162774342,32.576215142652
2025010199,IRYNA SMOLINA TRANSPORT,SOLE,5251 MOUNT ETNA DR 307 ,SAN DIEGO,CA,92117-1058,49221,LOCAL MESSENGERS & LOCAL DELIVERY,Transportation and Warehousing,Core,"5251 MOUNT ETNA DR 307 , SAN DIEGO, CA 92117-1058","5251 Mount Etna Dr, San Diego, California, 92117",99.19,-117.183230704248,32.820167794274
2025018835,ISAAC A GONZALEZ ,SOLE,4823 SEA URCHIN DR ,SAN DIEGO,CA,92154-6412,48411,"GENERAL FREIGHT TRUCKING, LOCAL",Transportation and Warehousing,Core,"4823 SEA URCHIN DR , SAN DIEGO, CA 92154-6412","6935 Camino Maquiladora, San Diego, California, 92154",98.87,-116.99132149899,32.566854694191
2026005339,ISAAC VELASQUEZ,SOLE,9960 KIKA CT ,SAN DIEGO,CA,92129-5013,323113,COMMERCIAL SCREEN PRINTING,Manufacturing,Core,"9960 KIKA CT , SAN DIEGO, CA 92129-5013","9960 Kika Ct, San Diego, California, 92129",100.0,-117.111673055734,32.940549400142
2002006314,ISIMAT,SOLE,12079 WORLD TRADE DR 4 ,SAN DIEGO,CA,92128-4393,42149,OTH PROFESSIONAL EQUIPMENT & SUPPLIES WHSLE,Wholesale Trade,Core,"12079 WORLD TRADE DR 4 , SAN DIEGO, CA 92128-4393","12079 World Trade Dr, San Diego, California, 92128",99.73,-117.081029655915,32.979793345081
2023007541,ISLA TESORO LLC,LLC,615 S SPRUCE ST ,ESCONDIDO,CA,92025-4031,323,PRINTING & RELATED SUPPORT ACTIVITIES,Manufacturing,Core,"615 S SPRUCE ST , ESCONDIDO, CA 92025-4031","9550 Kearny Mesa Rd, San Diego, California, 92126",100.0,-117.118017904981,32.894719416692
2012022401,ISLAND PORT SNACK CO,SOLE,9550 KEARNY MESA RD ,SAN DIEGO,CA,92126-4524,42249,OTHER GROCERY & RELATED PRODUCTS WHSLE,Wholesale Trade,Core,"9550 KEARNY MESA RD , SAN DIEGO, CA 92126-4524","615 S Spruce St, Escondido, California, 92025",100.0,-117.087608108803,33.112177878205
2016022855,ISMAEL A FONSECA ,SOLE,5429 LBJ FREEWAY ST 900 ,DALLAS,TX,75240,492,COURIERS & MESSENGERS,Transportation and Warehousing,Core,"5429 LBJ FREEWAY ST 900 , DALLAS, TX 75240","7330 Trade St, San Diego, California, 92121",100.0,-117.163927935606,32.888701838855
2006016415,ISRAEL CEDILLO,SOLE,804 48TH ST ,SAN DIEGO,CA,92102-3706,492,COURIERS & MESSENGERS,Transportation and Warehousing,Core,"804 48TH ST , SAN DIEGO, CA 92102-3706","804 48th St, San Diego, California, 92102",100.0,-117.091869468378,32.713929518458
2024006561,ITECH,LLC,7330 TRADE ST ,SAN DIEGO,CA,92121-2422,334,COMPUTER & ELECTRONIC PRODUCT MFG,Manufacturing,Core,"7330 TRADE ST , SAN DIEGO, CA 92121-2422","4652 Del Mar Ave, San Diego, California, 92107",100.0,-117.249390407116,32.738120990218
2020015543,ITZA BREWING,LLC,4652 DEL MAR AVE ,SAN DIEGO,CA,92107-3523,31212,BREWERIES,Manufacturing,Core,"4652 DEL MAR AVE , SAN DIEGO, CA 92107-3523","3535 Lebon Dr, Apartment 3410, San Diego, California, 92122",100.0,-117.223875726212,32.870326695438
2003021693,IVAHILL INVESTMENTS,SCORP,3535 LEBON DR 3410 ,SAN DIEGO,CA,92122-4599,42231,"PIECE GOODS, NOTIONS & OTHER DRY GOODS WHSLE",Wholesale Trade,Core,"3535 LEBON DR 3410 , SAN DIEGO, CA 92122-4599","1400 Appalachian Pl, Chula Vista, California, 91915",100.0,-116.949306538771,32.63521921478
1989007318,IVY INTERNATIONAL TRADING CORP,CORP,1400 APPALACHIAN PL ,CHULA VISTA,CA,91915,421,"WHOLESALE TRADE, DURABLE GOODS",Wholesale Trade,Core,"1400 APPALACHIAN PL , CHULA VISTA, CA 91915","10054 Prospect Ave, Suite L, Santee, California, 92071",100.0,-116.977920512193,32.831376913391
2005013803,J & H TOWING,PARTNR,8839 TROY ST ,SPRING VALLEY,CA,91977-2638,48849,OTHER ROAD TRANSPORTATION SUPPORT ACTIVITIES,Transportation and Warehousing,Core,"8839 TROY ST , SPRING VALLEY, CA 91977-2638","969 Heritage Rd, San Diego, California, 92154",100.0,-116.996734280603,32.577242680163
2023011801,J & I AUTO DISMANTLING,SOLE,969 HERITAGE RD ,SAN DIEGO,CA,92154-5603,3369,OTHER TRANSPORTATION EQUIPMENT MFG,Manufacturing,Core,"969 HERITAGE RD , SAN DIEGO, CA 92154-5603","5429 Lyndon B Johnson Fwy, Suite 900, Dallas, Texas, 75240",98.87,-96.815120576329,32.926950181335
1996010559,J & J DRAPERY WORKROOM,SOLE,10054 PROSPECT AV L ,SANTEE,CA,92071,339999,ALL OTHER MISCELLANEOUS MFG,Manufacturing,Core,"10054 PROSPECT AV L , SANTEE, CA 92071","4824 Mahogany Vista Ln, San Diego, California, 92102",100.0,-117.090824747966,32.705387437113
2003017895,J & M FOOD SERVICE,H-W,4824 MAHOGANY VISTA LN ,SAN DIEGO,CA,92102-4899,48411,"GENERAL FREIGHT TRUCKING, LOCAL",Transportation and Warehousing,Core,"4824 MAHOGANY VISTA LN , SAN DIEGO, CA 92102-4899","8839 Troy St, Spring Valley, California, 91977",100.0,-117.009112004661,32.736183010385
2002003678,J & R INDUSTRIAL TOOLS INC,CORP,2339 MARCONI PL 1 ,SAN DIEGO,CA,92154-7287,42199,OTHER MISCELLANEOUS DURABLE GOODS WHSLE,Wholesale Trade,Core,"2339 MARCONI PL 1 , SAN DIEGO, CA 92154-7287","2339 Marconi Pl, San Diego, California, 92154",99.7,-116.929951131777,32.555509872062
2007017825,J & S PACKAGING INC,CORP,9620 CHESAPEAKE DR 201A ,SAN DIEGO,CA,92123-1366,32615,FOAM PRODUCT (EXC POLYSTYRENE) MFG,Manufacturing,Core,"9620 CHESAPEAKE DR 201A , SAN DIEGO, CA 92123-1366","9620 Chesapeake Dr, Suite 201 A, San Diego, California, 92123",100.0,-117.123738972993,32.833708716945
1998001302,J & T MANUFACTURING & ENGINEERING,CORP,4698 ALVARADO CANYON RD E ,SAN DIEGO,CA,92120-4318,332,FABRICATED METAL PRODUCT MFG,Manufacturing,Core,"4698 ALVARADO CANYON RD E , SAN DIEGO, CA 92120-4318","2859 Deerpark Dr, San Diego, California, 92110",100.0,-117.192441912923,32.793202457388
2016019302,J A FOODS INC,SCORP,6965 CAMINO MAQUILADORA H ,SAN DIEGO,CA,92154-7507,42249,OTHER GROCERY & RELATED PRODUCTS WHSLE,Wholesale Trade,Core,"6965 CAMINO MAQUILADORA H , SAN DIEGO, CA 92154-7507","559 Blackshaw Ln, San Ysidro, California, 92173",100.0,-117.056944173322,32.55953289222
2008010456,J ALAN DESIGN,LLC,2859 DEERPARK DR ,SAN DIEGO,CA,92110-1020,327112,VITREOUS CHINA & OTHER POTTERY PRODUCT MFG,Manufacturing,Core,"2859 DEERPARK DR , SAN DIEGO, CA 92110-1020","6965 Camino Maquiladora, Suite H, San Diego, California, 92154",100.0,-116.989976371168,32.566837092194
2005000217,J D ELECTRICAL SIGNS,SOLE,559 BLACKSHAW LN ,SAN YSIDRO,CA,92173-2325,81131,COMMERCIAL EQUIPMENT (EXC AUTO & ELEC) R&M,Industrial Machinery Repair,Core,"559 BLACKSHAW LN , SAN YSIDRO, CA 92173-2325","9990 Alesmith Ct, San Diego, California, 92126",100.0,-117.149400337203,32.887289320532
1991010538,J D Z INC,CORP,9990 ALESMITH CT ,SAN DIEGO,CA,92126-4200,31212,BREWERIES,Manufacturing,Core,"9990 ALESMITH CT , SAN DIEGO, CA 92126-4200","9720 Distribution Ave, San Diego, California, 92121",100.0,-117.162915150245,32.883824116031
2020001000,J HERRERA TRUCKING,SOLE,4070 46TH ST ,SAN DIEGO,CA,92105-1810,48411,"GENERAL FREIGHT TRUCKING, LOCAL",Transportation and Warehousing,Core,"4070 46TH ST , SAN DIEGO, CA 92105-1810","9717 Paseo Montril, San Diego, California, 92129",100.0,-117.111145498748,32.945764033564
1976024008,J I MACHINE COMPANY,CORP,9720 DISTRIBUTION AVE ,SAN DIEGO,CA,92121-2310,3339,OTHER GENERAL PURPOSE MACHINERY MFG,Manufacturing,Core,"9720 DISTRIBUTION AVE , SAN DIEGO, CA 92121-2310","7949 Silverton Ave, Suite 904, San Diego, California, 92126",100.0,-117.14966813901,32.890688810912
1999010904,J K MACHINE & TOOLS,SOLE,7949 SILVERTON AVE 904 ,SAN DIEGO,CA,92126-6354,3327,"MACH SHOPS, TURN PROD, SCREW, NUT, BOLT MFG",Manufacturing,Core,"7949 SILVERTON AVE 904 , SAN DIEGO, CA 92126-6354","4070 46th St, San Diego, California, 92105",100.0,-117.095536886293,32.750860351487
1988001018,J K STUDIOS,PARTNR,9717 PASEO MONTRIL ,SAN DIEGO,CA,92129-3910,327,NONMETALLIC MINERAL PRODUCT MFG,Manufacturing,Core,"9717 PASEO MONTRIL , SAN DIEGO, CA 92129-3910","8656 Commerce Ave, San Diego, California, 92121",100.0,-117.167760225557,32.881759737098
2009011923,J PLUS E CUSTOM FABRICATION CORP,CORP,8656 COMMERCE AVE A ,SAN DIEGO,CA,92121-2613,81131,COMMERCIAL EQUIPMENT (EXC AUTO & ELEC) R&M,Industrial Machinery Repair,Core,"8656 COMMERCE AVE A , SAN DIEGO, CA 92121-2613","4698 Alvarado Canyon Rd, San Diego, California, 92120",98.87,-117.092873201283,32.780823434136
1991009912,J SCHUFFMAN AND COMPANY,H-W,4055 03RD AVE 102 ,SAN DIEGO,CA,92103-2148,339999,ALL OTHER MISCELLANEOUS MFG,Manufacturing,Core,"4055 03RD AVE 102 , SAN DIEGO, CA 92103-2148","5712 Cumberland St, San Diego, California, 92139",100.0,-117.067099184295,32.673555315786
2016006650,J&S CO,PARTNR,5712 CUMBERLAND ST ,SAN DIEGO,CA,92139-3008,42111,AUTOMOBILE & OTHER MOTOR VEHICLE WHSLE,Wholesale Trade,Core,"5712 CUMBERLAND ST , SAN DIEGO, CA 92139-3008","5045 Crescent Bay Dr, San Diego, California, 92154",100.0,-117.025763996423,32.566087833869
2025004404,J&V CUSTOMS BROKERS,SOLE,5045 CRESCENT BAY DR ,SAN DIEGO,CA,92154-4877,4931,WAREHOUSING & STORAGE,Transportation and Warehousing,Core,"5045 CRESCENT BAY DR , SAN DIEGO, CA 92154-4877","4869 Santa Monica Ave, San Diego, California, 92107",100.0,-117.248151980922,32.746335003873
1999003584,J.B. KELLY INC,CORP,4869 SANTA MONICA AVE ,SAN DIEGO,CA,92107-2839,421,"WHOLESALE TRADE, DURABLE GOODS",Wholesale Trade,Core,"4869 SANTA MONICA AVE , SAN DIEGO, CA 92107-2839","632 Kumquat Way, Oceanside, California, 92058",100.0,-117.335787796106,33.233651981332
2024003606,JAB TOWING INC,CORP,632 KUMQUAT WAY ,OCEANSIDE,CA,92058-1677,48841,MOTOR VEHICLE TOWING,Transportation and Warehousing,Core,"632 KUMQUAT WAY , OCEANSIDE, CA 92058-1677","92103-2148, San Diego, California",86.5,-117.162764024531,32.751019984833
2008044194,JABER PRODUCE,H-W,1240 STEINER DR ,CHULA VISTA,CA,91911,42248,FRESH FRUIT & VEGETABLE WHSLE,Wholesale Trade,Core,"1240 STEINER DR , CHULA VISTA, CA 91911","1240 Steiner Dr, Chula Vista, California, 91911",100.0,-117.019057970969,32.621054678513
2025017814,JACKS CUSTOM WOODWORKS,SOLE,2553 TUBEROSE ST ,SAN DIEGO,CA,92105-4522,339999,ALL OTHER MISCELLANEOUS MFG,Manufacturing,Core,"2553 TUBEROSE ST , SAN DIEGO, CA 92105-4522","2553 Tuberose St, San Diego, California, 92105",100.0,-117.104885642,32.733377168297
1986010055,JACOBS WOODWORKS,SOLE,3403 HANCOCK ST ,SAN DIEGO,CA,92110-4307,337,FURNITURE & RELATED PRODUCT MFG,Manufacturing,Core,"3403 HANCOCK ST , SAN DIEGO, CA 92110-4307","3403 Hancock St, San Diego, California, 92110",100.0,-117.207602093559,32.755719424577
2014016637,JAKES JUNK REMOVAL,SOLE,3158 AURORA VIS ,SPRING VALLEY,CA,91978-2301,48422,"SPECIALIZED FRGT (EXC USED) TRUCKING, LOCAL",Transportation and Warehousing,Core,"3158 AURORA VIS , SPRING VALLEY, CA 91978-2301","5392 Via Carancho, San Diego, California, 92111",100.0,-117.187623575883,32.803349086458
1988007602,JAMES MINOS DENTAL LABORATORY,SOLE,5392 VIA CARANCHO ,SAN DIEGO,CA,92111-4521,421,"WHOLESALE TRADE, DURABLE GOODS",Wholesale Trade,Core,"5392 VIA CARANCHO , SAN DIEGO, CA 92111-4521","7346 Volclay Dr, San Diego, California, 92119",100.0,-117.04116381567,32.809368131128
1995005284,JANE M FLETCHER FINE ARTS,SOLE,1727 ALTA LA JOLLA DR ,LA JOLLA,CA,92037-7103,421,"WHOLESALE TRADE, DURABLE GOODS",Wholesale Trade,Core,"1727 ALTA LA JOLLA DR , LA JOLLA, CA 92037-7103","3158 Aurora Vis, Spring Valley, California, 91978",100.0,-116.910270339302,32.724805834109
2000002187,JANSEN L KLEE,SOLE,7346 VOLCLAY DR ,SAN DIEGO,CA,92119-1605,4219,MISCELLANEOUS DURABLE GOODS WHSLE,Wholesale Trade,Core,"7346 VOLCLAY DR , SAN DIEGO, CA 92119-1605","1727 Alta la Jolla Dr, La Jolla, California, 92037",100.0,-117.245667333363,32.822017764124
2022008785,JASMINE TOWING,LLC,3138 1/2 INGELOW ST ,SAN DIEGO,CA,92106-2222,48841,MOTOR VEHICLE TOWING,Transportation and Warehousing,Core,"3138 1/2 INGELOW ST , SAN DIEGO, CA 92106-2222","10330 Friars Rd, Suite 117, San Diego, California, 92120",100.0,-117.100611625752,32.790453360784
2002001872,JASMINE'S BEAUTY SALON,SOLE,10330 FRIARS RD 117 ,SAN DIEGO,CA,92120-2300,422,"WHOLESALE TRADE, NONDURABLE GOODS",Wholesale Trade,Core,"10330 FRIARS RD 117 , SAN DIEGO, CA 92120-2300","3138 1/2 Ingelow St, San Diego, California, 92106",100.0,-117.229036296359,32.727837526578
2007029551,JASPER ENGINES & TRANSMISSIONS,CORP,1477 CEDAR ST D ,ONTARIO,CA,91761,42112,MOTOR VEHICLE SUPPLIES & NEW PARTS WHSLE,Wholesale Trade,Core,"1477 CEDAR ST D , ONTARIO, CA 91761","1174 Camino Donaire, San Diego, California, 92154",100.0,-117.066980077451,32.575572921231
2006001698,JAVIER MARTINEZ,SOLE,1174 CAMINO DONAIRE ,SAN DIEGO,CA,92154-4638,488,TRANSPORTATION SUPPORT ACTIVITIES,Transportation and Warehousing,Core,"1174 CAMINO DONAIRE , SAN DIEGO, CA 92154-4638","1477 E Cedar St, Suite D, Ontario, California, 91761",99.55,-117.620207396159,34.037682229671
2013019238,JAZZY LIMOUSINE SERVICE,SOLE,8520 CHLOE AVE 3 ,LA MESA,CA,91942-2867,48849,OTHER ROAD TRANSPORTATION SUPPORT ACTIVITIES,Transportation and Warehousing,Core,"8520 CHLOE AVE 3 , LA MESA, CA 91942-2867","8520 Chloe Ave, Apartment 3, La Mesa, California, 91942",100.0,-117.014789319138,32.781550648055
2025004487,JBI LLC,LLC,2650 E EL PRESIDIO ST ,LONG BEACH,CA,90810-1115,33721,OFFICE FURNITURE (INCLUDING FIXTURES) MFG,Manufacturing,Core,"2650 E EL PRESIDIO ST , LONG BEACH, CA 90810-1115","428 Childers St, Pensacola, Florida, 32534",100.0,-87.271049594167,30.562083162629
2023008783,JC BOAT DETAILING LLC,LLC,3067 05TH AVE 806 ,SAN DIEGO,CA,92103-5879,48839,OTHER WATER TRANSPORTATION SUPPORT ACTIVITIES,Transportation and Warehousing,Core,"3067 05TH AVE 806 , SAN DIEGO, CA 92103-5879","2650 E El Presidio St, Long Beach, California, 90810",100.0,-118.217211970229,33.841625323445
2025008874,JC PET DESIGNS,SOLE,428 CHILDERS ST ,PENSACOLA,FL,32534-9630,323,PRINTING & RELATED SUPPORT ACTIVITIES,Manufacturing,Core,"428 CHILDERS ST , PENSACOLA, FL 32534-9630","524 E San Ysidro Blvd, Suite G 2, San Ysidro, California, 92173",100.0,-117.035109567007,32.548977310094
2022008638,JC TIRE SERVICE,SOLE,504 E DIVISION ST C ,NATIONAL CITY,CA,91950-1362,48849,OTHER ROAD TRANSPORTATION SUPPORT ACTIVITIES,Transportation and Warehousing,Core,"504 E DIVISION ST C , NATIONAL CITY, CA 91950-1362","92103-5879, San Diego, California",86.5,-117.160369985346,32.737260587857
2025012280,JCAM PRODUCTS INC,CORP,524 E SAN YSIDRO BLVD G2 ,SAN YSIDRO,CA,92173-3194,421,"WHOLESALE TRADE, DURABLE GOODS",Wholesale Trade,Core,"524 E SAN YSIDRO BLVD G2 , SAN YSIDRO, CA 92173-3194","1401 Del Amo Blvd, Torrance, California, 90501",98.87,-118.304399353594,33.846855421479
2006010240,JCI JONES CHEMICALS INC,CORP,1401 W DEL AMO BLVD ,TORRANCE,CA,90501-1630,422,"WHOLESALE TRADE, NONDURABLE GOODS",Wholesale Trade,Core,"1401 W DEL AMO BLVD , TORRANCE, CA 90501-1630","504 E Division St, Apartment C, National City, California, 91950",100.0,-117.104136718951,32.684180467708
2011025941,JCVT,SOLE,2720 05TH AVE I ,SAN DIEGO,CA,92103-6329,42194,JEWELRY/WATCH/PRECIOUS STONE & METAL WHSLE,Wholesale Trade,Core,"2720 05TH AVE I , SAN DIEGO, CA 92103-6329","122 Penn St, El Segundo, California, 90245",100.0,-118.410020805155,33.917085418439
2025003910,JD GROUP LOGISTICS,CORP,9350 AIRWAY RD ,SAN DIEGO,CA,92154-7911,4931,WAREHOUSING & STORAGE,Transportation and Warehousing,Core,"9350 AIRWAY RD , SAN DIEGO, CA 92154-7911","9350 Airway Rd, San Diego, California, 92154",100.0,-116.942178092466,32.560293312151
2004002018,JD SALES CO INC,CORP,122 PENN ST ,EL SEGUNDO,CA,90245-3907,42144,OTHER COMMERCIAL EQUIPMENT WHSLE,Wholesale Trade,Core,"122 PENN ST , EL SEGUNDO, CA 90245-3907","1018 Outer Rd, San Diego, California, 92154",100.0,-117.082555329931,32.577957237408
2016006930,JDM WESTSIDE INC,CORP,1018 OUTER RD ,SAN DIEGO,CA,92154-1351,49311,GENERAL WAREHOUSING & STORAGE,Transportation and Warehousing,Core,"1018 OUTER RD , SAN DIEGO, CA 92154-1351","4560 Mission Gorge Pl, San Diego, California, 92120",99.25,-117.095580220733,32.782972176924
2025020016,JDR HAULING LLC,LLC,4560  MISSION GORGE PL 425 ,SAN DIEGO,CA,92120-4179,4841,GENERAL FREIGHT TRUCKING,Transportation and Warehousing,Core,"4560  MISSION GORGE PL 425 , SAN DIEGO, CA 92120-4179","2720 I Ave, National City, California, 91950",90.72,-117.090898935704,32.660741049028
2025004001,JE EXPORTS,CORP,1350 PIPER RANCH RD ,SAN DIEGO,CA,92154-7708,493,WAREHOUSING & STORAGE,Transportation and Warehousing,Core,"1350 PIPER RANCH RD , SAN DIEGO, CA 92154-7708","6390 Greenwich Dr, San Diego, California, 92122",99.44,-117.186230671213,32.855180470671
2026001668,JE HOSPITALITY LLC,LLC,6390 GREENWICH DR 19 ,SAN DIEGO,CA,92122-5973,337,FURNITURE & RELATED PRODUCT MFG,Manufacturing,Core,"6390 GREENWICH DR 19 , SAN DIEGO, CA 92122-5973","4984 Vista Pl, San Diego, California, 92116",100.0,-117.131960530361,32.76749243623
2022009984,JEFFREY D HOFFMAN,SOLE,4984 VISTA PL ,SAN DIEGO,CA,92116-1429,421,"WHOLESALE TRADE, DURABLE GOODS",Wholesale Trade,Core,"4984 VISTA PL , SAN DIEGO, CA 92116-1429","1350 Piper Ranch Rd, San Diego, California, 92154",100.0,-116.953806614948,32.571875999017
2025023615,JESSE & SONS TRUCKING INC,CORP,790 HOLLISTER ST B ,SAN DIEGO,CA,92154-1330,48422,"SPECIALIZED FRGT (EXC USED) TRUCKING, LOCAL",Transportation and Warehousing,Core,"790 HOLLISTER ST B , SAN DIEGO, CA 92154-1330","9765 Marconi Dr, Suite 200 N, San Diego, California, 92154",100.0,-116.935527192864,32.554353085605
1992004590,JESSIE'S BAKE SHOP,H-W,12075 CARMEL MOUNTAIN RD 207 ,SAN DIEGO,CA,92128-4613,311811,RETAIL BAKERIES,Manufacturing,Core,"12075 CARMEL MOUNTAIN RD 207 , SAN DIEGO, CA 92128-4613","3835 N Harbor Dr, Suite 108, San Diego, California, 92101",100.0,-117.205746004919,32.72943717089
2005012750,JESUS E ESCOBAR,SOLE,9765 MARCONI DR 200N ,SAN DIEGO,CA,92154-7264,48851,FREIGHT TRANSPORTATION ARRANGEMENT,Transportation and Warehousing,Core,"9765 MARCONI DR 200N , SAN DIEGO, CA 92154-7264","12075 Carmel Mountain Rd, Suite 207, San Diego, California, 92128",100.0,-117.075748051086,32.983548772979
2003016538,JETBLUE AIRWAYS CORPORATION,CORP,3835 N HARBOR DR 108 ,SAN DIEGO,CA,92101-1059,48111,SCHEDULED AIR TRANSPORTATION,Transportation and Warehousing,Core,"3835 N HARBOR DR 108 , SAN DIEGO, CA 92101-1059","790 Hollister St, Apartment B, San Diego, California, 92154",100.0,-117.084118722512,32.582236073251
1992011028,JEWELRY BY DESIGN,SOLE,861 06TH AVE 624 ,SAN DIEGO,CA,92101-6316,421,"WHOLESALE TRADE, DURABLE GOODS",Wholesale Trade,Core,"861 06TH AVE 624 , SAN DIEGO, CA 92101-6316","9693 Distribution Ave, San Diego, California, 92121",100.0,-117.162844658439,32.883973565364
2026003284,JFA TRANSPORT LLC,LLC,2285 MICHAEL FARADAY DR 7 ,SAN DIEGO,CA,92154-7926,488,TRANSPORTATION SUPPORT ACTIVITIES,Transportation and Warehousing,Core,"2285 MICHAEL FARADAY DR 7 , SAN DIEGO, CA 92154-7926","8653 Avenida Costa Norte, San Diego, California, 92154",100.0,-116.957455844133,32.558964641094
2000010308,JFC INTERNATIONAL INC,CORP,9693 DISTRIBUTION AVE ,SAN DIEGO,CA,92121-2307,4224,GROCERY & RELATED PRODUCT WHSLE,Wholesale Trade,Core,"9693 DISTRIBUTION AVE , SAN DIEGO, CA 92121-2307","2285 Michael Faraday Dr, Suite 7, San Diego, California, 92154",100.0,-116.932004698054,32.557651113047
2011003551,JFG INTERNATIONAL INC.,CORP,8653 AVENIDA COSTA NORTE ,SAN DIEGO,CA,92154-6235,484,TRUCK TRANSPORTATION,Transportation and Warehousing,Core,"8653 AVENIDA COSTA NORTE , SAN DIEGO, CA 92154-6235","92101-6316, San Diego, California",86.5,-117.159229040686,32.714230009687
2016008389,JIMENEZ DELIVERY,SOLE,10767 JAMACHA BLVD 223 ,SPRING VALLEY,CA,91978-1863,49221,LOCAL MESSENGERS & LOCAL DELIVERY,Transportation and Warehousing,Core,"10767 JAMACHA BLVD 223 , SPRING VALLEY, CA 91978-1863","6265 Greenwich Dr, Suite 250, San Diego, California, 92122",100.0,-117.184899289713,32.854461387198
2021004751,JIT TRANSPORTATION & LOGISTIC INC,CORP,6265 GREENWICH DR 250 ,SAN DIEGO,CA,92122-5956,484,TRUCK TRANSPORTATION,Transportation and Warehousing,Core,"6265 GREENWICH DR 250 , SAN DIEGO, CA 92122-5956","3233 Copley Ave, San Diego, California, 92116",100.0,-117.124251358735,32.767237500645
2018003797,JJ KNOX LLC,LLC,3233 COPLEY AVE ,SAN DIEGO,CA,92116-1705,42282,WINE & DISTILLED ALCOHOLIC BEVERAGE WHSLE,Wholesale Trade,Core,"3233 COPLEY AVE , SAN DIEGO, CA 92116-1705","10767 Jamacha Blvd, Office 223, Spring Valley, California, 91978",100.0,-116.961915770993,32.729568934407
2022005320,JK LASER AND DESIGNS,SOLE,5005 TEXAS ST 400 ,SAN DIEGO,CA,92108-3725,332,FABRICATED METAL PRODUCT MFG,Manufacturing,Core,"5005 TEXAS ST 400 , SAN DIEGO, CA 92108-3725","6955 Camino Maquiladora, San Diego, California, 92154",100.0,-116.990429161578,32.566843043345
2025007086,JM USED AUTO PARTS,PARTNR,6955 CAMINO MAQUILADORA ,SAN DIEGO,CA,92154-7506,42114,MOTOR VEHICLE PARTS (USED) WHSLE,Wholesale Trade,Core,"6955 CAMINO MAQUILADORA , SAN DIEGO, CA 92154-7506","5005 Texas St, Suite 400, San Diego, California, 92108",100.0,-117.139019098663,32.766774232856
2026004993,JNJS MOVING,SOLE,1030 HARRIS RANCH RD ,POTRERO,CA,91963-4309,48421,USED HOUSEHOLD & OFFICE GOODS MOVING,Transportation and Warehousing,Core,"1030 HARRIS RANCH RD , POTRERO, CA 91963-4309","1030 Harris Ranch Rd, Potrero, California, 91963",100.0,-116.575564097881,32.610450271802
2009001220,JNS DENTAL LAB,SOLE,8041 VICKERS ST 200 ,SAN DIEGO,CA,92111-1917,339116,DENTAL LABORATORIES,Manufacturing,Core,"8041 VICKERS ST 200 , SAN DIEGO, CA 92111-1917","8041 Vickers St, San Diego, California, 92111",99.14,-117.149663528963,32.827246143868
2026001246,JOAL PRODUCE USA LLC,LLC,3065 BEYER BLVD B-103 ,SAN DIEGO,CA,92154-3499,4225,FARM PRODUCT RAW MATERIAL WHSLE,Wholesale Trade,Core,"3065 BEYER BLVD B-103 , SAN DIEGO, CA 92154-3499","3065 Beyer Blvd, Suite 103, San Diego, California, 92154",99.94,-117.065326998506,32.572089737548
2025018897,JOAQUIN TREJO DURAN ,SOLE,2475 PASEO DE LAS AMERICAS A ,SAN DIEGO,CA,92154-7255,48411,"GENERAL FREIGHT TRUCKING, LOCAL",Transportation and Warehousing,Core,"2475 PASEO DE LAS AMERICAS A , SAN DIEGO, CA 92154-7255","1250 Delevan Dr, San Diego, California, 92102",100.0,-117.11839115113,32.718788843005
2008036796,JOFFROY SAN DIEGO LLC,LLC,10025 SIEMPRE VIVA RD A ,SAN DIEGO,CA,92154-7293,4931,WAREHOUSING & STORAGE,Transportation and Warehousing,Core,"10025 SIEMPRE VIVA RD A , SAN DIEGO, CA 92154-7293","10025 Siempre Viva Rd, Suite A, San Diego, California, 92154",100.0,-116.928487483844,32.556712842806
2025014291,JOHN CORBIN,SOLE,861 06TH AVE 810 ,SAN DIEGO,CA,92101-6318,33991,JEWELRY & SILVERWARE MFG,Manufacturing,Core,"861 06TH AVE 810 , SAN DIEGO, CA 92101-6318","1348 Delevan Dr, San Diego, California, 92102",100.0,-117.118259219974,32.71951647602
1993011186,JOHN LENORE & CO,CORP,1250 DELEVAN DR ,SAN DIEGO,CA,92102-2437,4229,MISCELLANEOUS NONDURABLE GOODS WHSLE,Wholesale Trade,Core,"1250 DELEVAN DR , SAN DIEGO, CA 92102-2437","2717 Barbour Dr, San Diego, California, 92154",100.0,-117.074982699507,32.580565476129
2011003310,JOHN LENORE & CO INC,CORP,1348 DELEVAN DR ,SAN DIEGO,CA,92102-2461,42299,OTHER MISCELLANEOUS NONDURABLE GOODS WHSLE,Wholesale Trade,Core,"1348 DELEVAN DR , SAN DIEGO, CA 92102-2461","2475 Paseo de las Americas, Suite A, San Diego, California, 92154",100.0,-116.935868252504,32.553311340769
2013060470,JOHN MILLER,SOLE,2717 BARBOUR DR ,SAN DIEGO,CA,92154-1446,4223,"APPAREL, PIECE GOODS & NOTIONS WHSLE",Wholesale Trade,Core,"2717 BARBOUR DR , SAN DIEGO, CA 92154-1446","4446 Pescadero Ave, San Diego, California, 92107",100.0,-117.247221338212,32.734215568162
1976022207,JOHN STEWART STUDIOS,SOLE,4446 PESCADERO AVE ,SAN DIEGO,CA,92107-3629,339999,ALL OTHER MISCELLANEOUS MFG,Manufacturing,Core,"4446 PESCADERO AVE , SAN DIEGO, CA 92107-3629","92101-6318, San Diego, California",86.5,-117.159229040686,32.714230009687
2021009267,JOHN T HANSEN ENTERPRISES,SOLE,14315A OLDE HIGHWAY 80 ,EL CAJON,CA,92021-2841,48421,USED HOUSEHOLD & OFFICE GOODS MOVING,Transportation and Warehousing,Core,"14315A OLDE HIGHWAY 80 , EL CAJON, CA 92021-2841","4504 Lucille Dr, San Diego, California, 92115",100.0,-117.09501343644,32.770141033814
2007026632,JOHNNY'S USA/ JOHNNY'S GENERAL CONTRACTING,SOLE,3319 MENARD ST ,NATIONAL CITY,CA,91950-8123,42112,MOTOR VEHICLE SUPPLIES & NEW PARTS WHSLE,Wholesale Trade,Core,"3319 MENARD ST , NATIONAL CITY, CA 91950-8123","4320 Pacific Hwy, San Diego, California, 92110",100.0,-117.199136874266,32.748384924023
1974011517,JOHNSTONE SUPPLY,CORP,4320 PACIFIC HWY ,SAN DIEGO,CA,92110-3106,4216,ELECTRICAL GOODS WHSLE,Wholesale Trade,Core,"4320 PACIFIC HWY , SAN DIEGO, CA 92110-3106","3319 Menard St, National City, California, 91950",100.0,-117.06280153108,32.660025331499
1994005287,JON BEAMAN MARKETING,SOLE,4504 LUCILLE DR ,SAN DIEGO,CA,92115,421,"WHOLESALE TRADE, DURABLE GOODS",Wholesale Trade,Core,"4504 LUCILLE DR , SAN DIEGO, CA 92115","14315 Olde Highway 80, El Cajon, California, 92021",97.34,-116.87339692231,32.846157477631
1995002471,JON T INTERNATIONAL INC,CORP,6046 CORNERSTONE W CT 205 ,SAN DIEGO,CA,92121-4734,4215,METAL & MINERAL (EXCEPT PETROLEUM) WHSLE,Wholesale Trade,Core,"6046 CORNERSTONE W CT 205 , SAN DIEGO, CA 92121-4734","5741 Carnegie St, San Diego, California, 92122",100.0,-117.217608158112,32.846328636094
2020009770,JORDAN ESGUERRA,SOLE,5741 CARNEGIE ST ,SAN DIEGO,CA,92122-3233,4922,LOCAL MESSENGERS & LOCAL DELIVERY,Transportation and Warehousing,Core,"5741 CARNEGIE ST , SAN DIEGO, CA 92122-3233","8840 Libra Dr, San Diego, California, 92126",100.0,-117.134477532066,32.920661029835
2019007101,JORDAN MORALES ,SOLE,8840 LIBRA DR ,SAN DIEGO,CA,92126-1924,3231,PRINTING & RELATED SUPPORT ACTIVITIES,Manufacturing,Core,"8840 LIBRA DR , SAN DIEGO, CA 92126-1924","12658 Torrey Bluff Dr, San Diego, California, 92130",99.25,-117.226903240665,32.954352439532
2025015785,JORGE L DELAO & AZUCENA DELAO,H-W,12658 TORREY BLUFF DR 277 ,SAN DIEGO,CA,92130-4255,337,FURNITURE & RELATED PRODUCT MFG,Manufacturing,Core,"12658 TORREY BLUFF DR 277 , SAN DIEGO, CA 92130-4255","6259 Progressive Ave, Suite 400, San Diego, California, 92154",100.0,-117.0024878704,32.571016225298
2014010598,JOSE LUIS DESIGN,CORP,6259 PROGRESSIVE AVE 400 ,SAN DIEGO,CA,92154-6644,316999,ALL OTHER LEATHER GOOD MFG,Manufacturing,Core,"6259 PROGRESSIVE AVE 400 , SAN DIEGO, CA 92154-6644","7310 Pogo Row, San Diego, California, 92154",99.38,-116.987281809151,32.575389203243
2013048953,JOSE PAREDES TRUCKING,SOLE,7310 POGO ROW 66 ,SAN DIEGO,CA,92154-5517,42111,AUTOMOBILE & OTHER MOTOR VEHICLE WHSLE,Wholesale Trade,Core,"7310 POGO ROW 66 , SAN DIEGO, CA 92154-5517","4060 San Ardo Cv, San Diego, California, 92130",100.0,-117.227300655668,32.942622705802
2007002708,JOSE VILLEGAS,SOLE,3622 HIGHLAND AVE 4 ,SAN DIEGO,CA,92105-3553,48841,MOTOR VEHICLE TOWING,Transportation and Warehousing,Core,"3622 HIGHLAND AVE 4 , SAN DIEGO, CA 92105-3553","2338 Walmar Ln, San Diego, California, 92109",100.0,-117.228641927814,32.807970155407
2016013595,JOSEPH ELLIOTT USA LLC,LLC,4060 SAN ARDO CV ,SAN DIEGO,CA,92130-2276,488,TRANSPORTATION SUPPORT ACTIVITIES,Transportation and Warehousing,Core,"4060 SAN ARDO CV , SAN DIEGO, CA 92130-2276","6046 Cornerstone Ct W, San Diego, California, 92121",94.14,-117.190214170697,32.896954325446
2021008082,JOSEPH MAGRENE,SOLE,2338 WALMAR LN ,SAN DIEGO,CA,92109-3729,42111,AUTOMOBILE & OTHER MOTOR VEHICLE WHSLE,Wholesale Trade,Core,"2338 WALMAR LN , SAN DIEGO, CA 92109-3729","8331 Nelson Way, Escondido, California, 92026",100.0,-117.150437932997,33.274894674902
2020005500,JOSEPH MATERIALS INC,CORP,8331 NELSON WAY ,ESCONDIDO,CA,92026-5204,4841,GENERAL FREIGHT TRUCKING,Transportation and Warehousing,Core,"8331 NELSON WAY , ESCONDIDO, CA 92026-5204","3622 Highland Ave, Apartment 4, San Diego, California, 92105",100.0,-117.098822257062,32.74448616558
2025015754,JOSEPH R SPACHMAN ,SOLE,6385 RANCHO MISSION RD ,SAN DIEGO,CA,92108-2020,332,FABRICATED METAL PRODUCT MFG,Manufacturing,Core,"6385 RANCHO MISSION RD , SAN DIEGO, CA 92108-2020","7933 Silverton Ave, Suite 714, San Diego, California, 92126",100.0,-117.150863146945,32.890839307984
1984014967,JOSEPH S FORTE CO,SOLE,7933 SILVERTON AVE 714 ,SAN DIEGO,CA,92126-6352,331,PRIMARY METAL MFG,Manufacturing,Core,"7933 SILVERTON AVE 714 , SAN DIEGO, CA 92126-6352","11107 Adriatic Pl, San Diego, California, 92126",100.0,-117.152768521175,32.923751730902
2015032029,JOSH HALL SURFBOARDS LLC,LLC,5311 GRANT ST ,SAN DIEGO,CA,92110-4010,33992,SPORTING & ATHLETIC GOODS MFG,Manufacturing,Core,"5311 GRANT ST , SAN DIEGO, CA 92110-4010","6385 Rancho Mission Rd, San Diego, California, 92108",100.0,-117.108402688572,32.788312957989
2016015464,JOSHUA T NOCK,SOLE,11107 ADRIATIC PL ,SAN DIEGO,CA,92126-1108,334,COMPUTER & ELECTRONIC PRODUCT MFG,Manufacturing,Core,"11107 ADRIATIC PL , SAN DIEGO, CA 92126-1108","3268 Governor Dr, San Diego, California, 92122",99.17,-117.21542509143,32.851264110232
2006014005,JOTAL & JT MEDSTAFF,SCORP,3268 GOVERNOR DR 137 ,SAN DIEGO,CA,92122-2902,42194,JEWELRY/WATCH/PRECIOUS STONE & METAL WHSLE,Wholesale Trade,Core,"3268 GOVERNOR DR 137 , SAN DIEGO, CA 92122-2902","5311 Grant St, San Diego, California, 92110",100.0,-117.198938474617,32.764987714014
1993007832,JR TRANSPORTATION INC,CORP,7365 MISSION GORGE RD C ,SAN DIEGO,CA,92120-1274,481,AIR TRANSPORTATION,Transportation and Warehousing,Core,"7365 MISSION GORGE RD C , SAN DIEGO, CA 92120-1274","1770 Village Pl, #24, San Diego, California, 92101",100.0,-117.147466548322,32.733106558553
2022009185,JRGWOODTURNING,SOLE,1770 VILLAGE PL 24 ,SAN DIEGO,CA,92101-1651,3219,OTHER WOOD PRODUCT MFG,Manufacturing,Core,"1770 VILLAGE PL 24 , SAN DIEGO, CA 92101-1651","3581 Plumbago Ln, San Diego, California, 92154",100.0,-117.055971453458,32.57972485506
2025013849,JT TRUCKING,SOLE,12837 PINEFIELD RD ,POWAY,CA,92064-1501,4841,GENERAL FREIGHT TRUCKING,Transportation and Warehousing,Core,"12837 PINEFIELD RD , POWAY, CA 92064-1501","12837 Pinefield Rd, Poway, California, 92064",100.0,-117.051490907116,33.018191807446
2009008554,JTB SUPPLY CO INC,CORP,1030 N BATAVIA ST A ,ORANGE,CA,92867-5541,42199,OTHER MISCELLANEOUS DURABLE GOODS WHSLE,Wholesale Trade,Core,"1030 N BATAVIA ST A , ORANGE, CA 92867-5541","1030 N Batavia St, Suite A, Orange, California, 92867",100.0,-117.864214823518,33.806001815854
2025018845,JUAN MANUEL DE LA TORRE ,SOLE,3581 PLUMBAGO LN ,SAN DIEGO,CA,92154-2349,48411,"GENERAL FREIGHT TRUCKING, LOCAL",Transportation and Warehousing,Core,"3581 PLUMBAGO LN , SAN DIEGO, CA 92154-2349","7365 Mission Gorge Rd, Suite C, San Diego, California, 92120",100.0,-117.083449176086,32.804609766605
2025018959,JUAN PARTIDA GARZA ,SOLE,521 LOS ANGELES PL ,SAN DIEGO,CA,92114-5323,48412,"GENERAL FREIGHT TRUCKING, LONG-DISTANCE",Transportation and Warehousing,Core,"521 LOS ANGELES PL , SAN DIEGO, CA 92114-5323","521 Los Angeles Pl, San Diego, California, 92114",100.0,-117.078582307826,32.699583388259
2003014809,JUELERIE,SOLE,4249 ARDEN WAY ,SAN DIEGO,CA,92103-1530,339911,JEWELRY (EXC COSTUME) MFG,Manufacturing,Core,"4249 ARDEN WAY , SAN DIEGO, CA 92103-1530","4249 Arden Way, San Diego, California, 92103",100.0,-117.183703778863,32.752845647164
2022011418,JUICE JERKY INC,SCORP,8585 COMMERCE AVE K14 ,SAN DIEGO,CA,92121-2683,311,FOOD MFG,Manufacturing,Core,"8585 COMMERCE AVE K14 , SAN DIEGO, CA 92121-2683","8585 Commerce Ave, San Diego, California, 92121",99.19,-117.167636508666,32.881337834001
1980062760,JULIE DESIGNS,SOLE,1877 BACON ST ,SAN DIEGO,CA,92107-3015,339999,ALL OTHER MISCELLANEOUS MFG,Manufacturing,Core,"1877 BACON ST , SAN DIEGO, CA 92107-3015","3855 Wabash Ave, San Diego, California, 92104",100.0,-117.120670777336,32.748886580928
1996003940,JUMPIN JARVIS SASSY SAUCES,SOLE,4655 GEORGIA ST ,SAN DIEGO,CA,92116-2625,4224,GROCERY & RELATED PRODUCT WHSLE,Wholesale Trade,Core,"4655 GEORGIA ST , SAN DIEGO, CA 92116-2625","4901 Morena Blvd, Suite 105, San Diego, California, 92117",100.0,-117.230346136368,32.826846410906
2025004609,JUNGLE CLUB,PARTNR,3855 WABASH AVE ,SAN DIEGO,CA,92104-3113,422,"WHOLESALE TRADE, NONDURABLE GOODS",Wholesale Trade,Core,"3855 WABASH AVE , SAN DIEGO, CA 92104-3113","4655 Georgia St, San Diego, California, 92116",100.0,-117.145008639034,32.761998308246
2015045372,JUNKMD INC,CORP,4901 MORENA BLVD 105 ,SAN DIEGO,CA,92117-3333,4889,OTHER TRANSPORTATION SUPPORT ACTIVITIES,Transportation and Warehousing,Core,"4901 MORENA BLVD 105 , SAN DIEGO, CA 92117-3333","1877 Bacon St, San Diego, California, 92107",100.0,-117.251261415543,32.746589981367
2024007213,JUPITER GLASS,PARTNR,6557 LEMARAND AVE ,SAN DIEGO,CA,92115-7229,3272,GLASS & GLASS PRODUCT MFG,Manufacturing,Core,"6557 LEMARAND AVE , SAN DIEGO, CA 92115-7229","3495 Sports Arena Blvd, San Diego, California, 92110",100.0,-117.21106122118,32.753451407307
2024005695,JUST MOVE IT LLC,LLC,2667 CAMINO DEL RIO S 101 ,SAN DIEGO,CA,92108-3763,48421,USED HOUSEHOLD & OFFICE GOODS MOVING,Transportation and Warehousing,Core,"2667 CAMINO DEL RIO S 101 , SAN DIEGO, CA 92108-3763","6557 Lemarand Ave, San Diego, California, 92115",100.0,-117.054865461334,32.743853792895
2022005861,JUSTFOODFORDOGS,SOLE,3495 SPORTS ARENA BLVD ,SAN DIEGO,CA,92110-4918,31111,ANIMAL FOOD MFG,Manufacturing,Core,"3495 SPORTS ARENA BLVD , SAN DIEGO, CA 92110-4918","2667 Camino del Rio S, Suite 101, San Diego, California, 92108",100.0,-117.135488557227,32.769846451827
2017009326,JUSTFOODFORDOGS LLC,LLC,3485 DEL MAR HEIGHTS RD A2 ,SAN DIEGO,CA,92130-2125,311,FOOD MFG,Manufacturing,Core,"3485 DEL MAR HEIGHTS RD A2 , SAN DIEGO, CA 92130-2125","3485 Del Mar Heights Rd, Suite A 2, San Diego, California, 92130",100.0,-117.231749769874,32.954631374662
2011001013,JV IMEXPO WAREHOUSE,CORP,2360 MICHAEL FARADAY DR A ,SAN DIEGO,CA,92154-7254,488999,ALL OTHER TRANSPORTATION SUPPORT ACTIVITIES,Transportation and Warehousing,Core,"2360 MICHAEL FARADAY DR A , SAN DIEGO, CA 92154-7254","2850 Redhill Ave, Santa Ana, California, 92705",100.0,-117.845992482196,33.703004696268
2015006210,JWC ENVIRONMENTAL INC,CORP,2850 REDHILL AVE ,SANTA ANA,CA,92705-5532,3399,OTHER MISCELLANEOUS MFG,Manufacturing,Core,"2850 REDHILL AVE , SANTA ANA, CA 92705-5532","5475 Repecho Dr, San Diego, California, 92124",99.14,-117.111887687431,32.832127801491
2021010559,JY STAR TRANSPORT LLC,LLC,5475 REPECHO DR 201 ,SAN DIEGO,CA,92124-1731,484,TRUCK TRANSPORTATION,Transportation and Warehousing,Core,"5475 REPECHO DR 201 , SAN DIEGO, CA 92124-1731","2360 Michael Faraday Dr, Suite A, San Diego, California, 92154",100.0,-116.932038393306,32.555490593685
2014015860,JZ CUSTOMS BROKER,SOLE,9543 HEINRICH HERTZ DR 6 ,SAN DIEGO,CA,92154-7921,48851,FREIGHT TRANSPORTATION ARRANGEMENT,Transportation and Warehousing,Core,"9543 HEINRICH HERTZ DR 6 , SAN DIEGO, CA 92154-7921","9543 Heinrich Hertz Dr, Suite 6, San Diego, California, 92154",100.0,-116.940199936247,32.558888910598
2003012910,JZAP ENTERPRISE INC,CORP,8451 MIRALANI DR D ,SAN DIEGO,CA,92126-4388,421,"WHOLESALE TRADE, DURABLE GOODS",Wholesale Trade,Core,"8451 MIRALANI DR D , SAN DIEGO, CA 92126-4388","8451 Miralani Dr, Suite D, San Diego, California, 92126",100.0,-117.140985409329,32.896021880627
1976022714,K & S TECHNOLOGIES INC,CORP,9710 SCRANTON RD 150 ,SAN DIEGO,CA,92121-1771,42199,OTHER MISCELLANEOUS DURABLE GOODS WHSLE,Wholesale Trade,Core,"9710 SCRANTON RD 150 , SAN DIEGO, CA 92121-1771","9710 Scranton Rd, Suite 150, San Diego, California, 92121",100.0,-117.2028545836,32.896698425942
2005006811,K C DISTRIBUTOR,SOLE,10112 ASHWOOD ST 27 ,LAKESIDE,CA,92040-2150,4229,MISCELLANEOUS NONDURABLE GOODS WHSLE,Wholesale Trade,Core,"10112 ASHWOOD ST 27 , LAKESIDE, CA 92040-2150","7723 Fay Ave, Suite 2, La Jolla, California, 92037",100.0,-117.274870051665,32.843772951906
1992006107,K NATHAN GALLERY,CORP,7723 FAY AVE 2 ,LA JOLLA,CA,92037-4311,42121,FURNITURE WHSLE,Wholesale Trade,Core,"7723 FAY AVE 2 , LA JOLLA, CA 92037-4311","11803 Calle Trucksess, El Cajon, California, 92019",99.67,-116.939571461146,32.753949795269
2008041701,K X TOWING,SOLE,1526 WEAVER ST ,SAN DIEGO,CA,92114-1941,48841,MOTOR VEHICLE TOWING,Transportation and Warehousing,Core,"1526 WEAVER ST , SAN DIEGO, CA 92114-1941","1526 Weaver St, San Diego, California, 92114",100.0,-117.066120429461,32.721071989611
2026000302,K Z MOTORS,SCORP,11803 CALLEE TRUCKSESS ,EL CAJON,CA,92019-4006,42111,AUTOMOBILE & OTHER MOTOR VEHICLE WHSLE,Wholesale Trade,Core,"11803 CALLEE TRUCKSESS , EL CAJON, CA 92019-4006","10112 Ashwood St, Apartment 27, Lakeside, California, 92040",100.0,-116.91768329447,32.862818605668
1996010918,K'S AUTO SALES,SOLE,5240 CAMINITO VISTA LUJO ,SAN DIEGO,CA,92130-2857,42111,AUTOMOBILE & OTHER MOTOR VEHICLE WHSLE,Wholesale Trade,Core,"5240 CAMINITO VISTA LUJO , SAN DIEGO, CA 92130-2857","5240 Caminito Vista Lujo, San Diego, California, 92130",100.0,-117.206237184445,32.944029817797
2017017359,KABUSHKA ENTERPRISE,SOLE,11160 BROOKE DR 40205 ,SAN DIEGO,CA,92126-6712,32551,PAINT & COATING MFG,Manufacturing,Core,"11160 BROOKE DR 40205 , SAN DIEGO, CA 92126-6712","11160 Brooke Dr, Apartment 40205, San Diego, California, 92126",100.0,-117.116172545178,32.922753823419
2019003405,KAIROA BREWING CO,SCORP,4601 PARK BLVD ,SAN DIEGO,CA,92116-2630,31212,BREWERIES,Manufacturing,Core,"4601 PARK BLVD , SAN DIEGO, CA 92116-2630","4601 Park Blvd, San Diego, California, 92116",100.0,-117.146232061622,32.761201650259
2025013380,KALON INC,CORP,3400 EL CAJON BLVD ,SAN DIEGO,CA,92104-1511,421,"WHOLESALE TRADE, DURABLE GOODS",Wholesale Trade,Core,"3400 EL CAJON BLVD , SAN DIEGO, CA 92104-1511","3400 El Cajon Blvd, San Diego, California, 92104",100.0,-117.119931912571,32.755346178429
2017001665,KAMPS PROPANE INC,CORP,16245 ALPINE BLVD ,ALPINE,CA,91901-2316,42269,OTHER CHEMICAL & ALLIED PRODUCTS WHSLE,Wholesale Trade,Core,"16245 ALPINE BLVD , ALPINE, CA 91901-2316","16245 Alpine Blvd, Alpine, California, 91901",100.0,-116.686630843188,32.829468269501
2003002780,KANAKAS,SOLE,4465 LA CROSSE AVE ,SAN DIEGO,CA,92117-3538,42199,OTHER MISCELLANEOUS DURABLE GOODS WHSLE,Wholesale Trade,Core,"4465 LA CROSSE AVE , SAN DIEGO, CA 92117-3538","5066 College Ave, San Diego, California, 92115",100.0,-117.069511998943,32.770009563663
2023004345,KANAKO,SOLE,3549 CASTLE GLEN DR 225 ,SAN DIEGO,CA,92123-2433,49221,LOCAL MESSENGERS & LOCAL DELIVERY,Transportation and Warehousing,Core,"3549 CASTLE GLEN DR 225 , SAN DIEGO, CA 92123-2433","4465 La Crosse Ave, San Diego, California, 92117",100.0,-117.215601279035,32.824775997002
2014026044,KAPPA DELTA-BETA RHO CHAPTER,CORP,5066 COLLEGE AVE ,SAN DIEGO,CA,92115-2437,33699,OTHER TRANSPORTATION EQUIPMENT MFG,Manufacturing,Core,"5066 COLLEGE AVE , SAN DIEGO, CA 92115-2437","3549 Castle Glen Dr, Unit 225, San Diego, California, 92123",100.0,-117.130525632356,32.806671044234
1992007101,KARL STRAUSS OLD COLUMBIA BREWERY,CORP,5985 SANTA FE ST ,SAN DIEGO,CA,92109-1623,311213,MALT MFG,Manufacturing,Core,"5985 SANTA FE ST , SAN DIEGO, CA 92109-1623","8850 Double Diamond Pkwy, Reno, Nevada, 89521",100.0,-119.753273259733,39.451526291413
2007004817,KASSBOHRER ALL TERRAIN VEHICLES,CORP,8850 DOUBLE DIAMOND PKWY ,RENO,NV,89521-5908,339999,ALL OTHER MISCELLANEOUS MFG,Manufacturing,Core,"8850 DOUBLE DIAMOND PKWY , RENO, NV 89521-5908","5985 Santa Fe St, San Diego, California, 92109",100.0,-117.231804838978,32.832596354574
2007002521,KATOLEC DEVELOPMENT INC,CORP,6120 BUSINESS CENTER CT F200 ,SAN DIEGO,CA,92154-6652,334418,PRINTED CIRCUIT ASSEMBLY (ELECTRONIC ASSEMBLY,Manufacturing,Core,"6120 BUSINESS CENTER CT F200 , SAN DIEGO, CA 92154-6652","6120 Business Center Ct, San Diego, California, 92154",99.07,-117.003375849222,32.56931847081
1992000367,KAUFMAN ENTERPRISES,SOLE,861 06TH AVE 410 ,SAN DIEGO,CA,92101,421,"WHOLESALE TRADE, DURABLE GOODS",Wholesale Trade,Core,"861 06TH AVE 410 , SAN DIEGO, CA 92101","3425 Hancock St, San Diego, California, 92110",99.41,-117.208203914207,32.756062747331
2023007859,KAUKAU BENTO,LLC,3425 HANCOCK ST 26 ,SAN DIEGO,CA,92110-4307,3119,OTHER FOOD MFG,Manufacturing,Core,"3425 HANCOCK ST 26 , SAN DIEGO, CA 92110-4307","92101, San Diego, California",84.0,-117.162222,32.718814
1991011472,KB FOAM INC,CORP,2525 CAMINO DEL RIO SOUTH S 145 ,SAN DIEGO,CA,92108-3774,325211,PLASTICS MATERIAL & RESINS MFG,Manufacturing,Core,"2525 CAMINO DEL RIO SOUTH S 145 , SAN DIEGO, CA 92108-3774","6611 Edmonton Ave, San Diego, California, 92122",100.0,-117.201385571249,32.858244307739
2007008809,KB INTERNATIONAL LLC,LLC,10883 THORNMINT RD ,SAN DIEGO,CA,92127-2403,483112,DEEP SEA PASSENGER TRANSPORTATION,Transportation and Warehousing,Core,"10883 THORNMINT RD , SAN DIEGO, CA 92127-2403","10883 Thornmint Rd, San Diego, California, 92127",100.0,-117.099721970549,33.016688764569
2000000663,KD FOODS,SOLE,6611 EDMONTON AVE ,SAN DIEGO,CA,92122-2516,422,"WHOLESALE TRADE, NONDURABLE GOODS",Wholesale Trade,Core,"6611 EDMONTON AVE , SAN DIEGO, CA 92122-2516","5255 Ruette de Mer, San Diego, California, 92130",100.0,-117.205535283874,32.94664044536
2017003411,KD STONE AND CABINET INC,SCORP,9340 CABOT DR E ,SAN DIEGO,CA,92126-4397,42139,OTHER CONSTRUCTION MATERIAL WHSLE,Wholesale Trade,Core,"9340 CABOT DR E , SAN DIEGO, CA 92126-4397","2525 Camino del Rio S, Suite 145, San Diego, California, 92108",99.95,-117.138287190878,32.76876925154
2007020364,KDTI INC,CORP,5255 RUETTE DE MER ,SAN DIEGO,CA,92130-2873,42161,ELEC EQUIP/WIRING SUPP/CONST MATERIAL WHSLE,Wholesale Trade,Core,"5255 RUETTE DE MER , SAN DIEGO, CA 92130-2873","3475 Kurtz St, San Diego, California, 92110",100.0,-117.209280653489,32.755577854233
1987015008,KEARNY MESA SELF STORAGE,PARTNR,5450 KEARNY MESA RD ,SAN DIEGO,CA,92111-1303,4931,WAREHOUSING & STORAGE,Transportation and Warehousing,Core,"5450 KEARNY MESA RD , SAN DIEGO, CA 92111-1303","5450 Kearny Mesa Rd, San Diego, California, 92111",100.0,-117.142122749771,32.83384069001
1974002976,KECO INC,CORP,3475 KURTZ ST ,SAN DIEGO,CA,92110-4430,4214,PROFESSIONAL & COMMERCIAL EQUIP & SUPP WHSLE,Wholesale Trade,Core,"3475 KURTZ ST , SAN DIEGO, CA 92110-4430","9340 Cabot Dr, San Diego, California, 92126",98.87,-117.144104818415,32.891411289056
2024014341,KEFIR & CHILL,SOLE,4975 CLAIREMONT MESA BLVD 219 ,SAN DIEGO,CA,92117-2140,311,FOOD MFG,Manufacturing,Core,"4975 CLAIREMONT MESA BLVD 219 , SAN DIEGO, CA 92117-2140","1033 Cudahy Pl, San Diego, California, 92110",100.0,-117.201038476639,32.766686641968
1995013013,KELLY SPICERS INC,CORP,1033 CUDAHY PL ,SAN DIEGO,CA,92110-3929,4229,MISCELLANEOUS NONDURABLE GOODS WHSLE,Wholesale Trade,Core,"1033 CUDAHY PL , SAN DIEGO, CA 92110-3929","4975 Clairemont Mesa Blvd, Apartment 219, San Diego, California, 92117",100.0,-117.183282755866,32.834336102397
2014019362,KEN MILLER WELDING,SCORP,4570 ALVARADO CANYON RD G ,SAN DIEGO,CA,92120-4307,33271,MACHINE SHOPS,Manufacturing,Core,"4570 ALVARADO CANYON RD G , SAN DIEGO, CA 92120-4307","1600 Ebers St, San Diego, California, 92107",100.0,-117.250051990734,32.738847617404
1992002249,KENNETH MCCROBIE PROPERTIES,SOLE,1600 EBERS ST ,SAN DIEGO,CA,92107-3545,421,"WHOLESALE TRADE, DURABLE GOODS",Wholesale Trade,Core,"1600 EBERS ST , SAN DIEGO, CA 92107-3545","4570 Alvarado Canyon Rd, Suite G, San Diego, California, 92120",100.0,-117.096278852362,32.782928088113
2020005652,KENYON MACHINE,SCORP,5002 SANTA FE ST ,SAN DIEGO,CA,92109-1611,33271,MACHINE SHOPS,Manufacturing,Core,"5002 SANTA FE ST , SAN DIEGO, CA 92109-1611","5002 Santa Fe St, San Diego, California, 92109",100.0,-117.218807943733,32.813498607284
2020015668,KETTNER DISTILLERY LLC,LLC,6915 FLANDERS DR C ,SAN DIEGO,CA,92121-2987,31214,DISTILLERIES,Manufacturing,Core,"6915 FLANDERS DR C , SAN DIEGO, CA 92121-2987","6915 Flanders Dr, Suite C, San Diego, California, 92121",100.0,-117.172840664709,32.904172317546
2023009248,KEYENCE CORPORATION OF AMERICA,SCORP,12730 HIGH BLUFF DR 200 ,SAN DIEGO,CA,92130-2077,4218,"MACHINERY, EQUIPMENT & SUPPLIES WHSLE",Wholesale Trade,Core,"12730 HIGH BLUFF DR 200 , SAN DIEGO, CA 92130-2077","12730 High Bluff Dr, Suite 200, San Diego, California, 92130",100.0,-117.240616482329,32.948996765981
2014014589,KEYSIGHT TECHNOLOGIES INC,CORP,4980 CARROLL CANYON RD 115 ,SAN DIEGO,CA,92121-1732,334515,ELECTRICITY MEASURING/TESTING INSTRUMENT MFG,Manufacturing,Core,"4980 CARROLL CANYON RD 115 , SAN DIEGO, CA 92121-1732","9669 Aero Dr, San Diego, California, 92123",100.0,-117.120603470654,32.808212392408
2025011261,KEYSIGHT TECHNOLOGIES INC,CORP,4660 LA JOLLA VILLAGE DR 500 ,SAN DIEGO,CA,92121,4219,MISCELLANEOUS DURABLE GOODS WHSLE,Wholesale Trade,Core,"4660 LA JOLLA VILLAGE DR 500 , SAN DIEGO, CA 92121","3032 Altadena Ave, San Diego, California, 92105",100.0,-117.089548016474,32.737501651392
1981007814,KEYSTON BROTHERS,CORP,9669 AERO DR ,SAN DIEGO,CA,92123-1805,42199,OTHER MISCELLANEOUS DURABLE GOODS WHSLE,Wholesale Trade,Core,"9669 AERO DR , SAN DIEGO, CA 92123-1805","4980 Carroll Canyon Rd, San Diego, California, 92121",99.27,-117.198839903436,32.890182334413
2025018937,KHALID ABDIALI ,SOLE,3032 ALTADENA AVE ,SAN DIEGO,CA,92105-3657,48412,"GENERAL FREIGHT TRUCKING, LONG-DISTANCE",Transportation and Warehousing,Core,"3032 ALTADENA AVE , SAN DIEGO, CA 92105-3657","9841 Mira Mesa Blvd, San Diego, California, 92131",100.0,-117.114019569528,32.916761894206
1999002182,KIC INTERNATIONAL SALES INC,CORP,10865 RANCHO BERNARDO RD 100 ,SAN DIEGO,CA,92127-2102,4214,PROFESSIONAL & COMMERCIAL EQUIP & SUPP WHSLE,Wholesale Trade,Core,"10865 RANCHO BERNARDO RD 100 , SAN DIEGO, CA 92127-2102","10865 Rancho Bernardo Rd, Suite 100, San Diego, California, 92127",100.0,-117.094980327922,33.022566196985
1992004762,KIC THERMAL PROFILING,CORP,10865 RANCHO BERNARDO RD 100 ,SAN DIEGO,CA,92127-2102,3344,SEMICONDUCTOR & OTH ELECTRONIC COMPONENT MFG,Manufacturing,Core,"10865 RANCHO BERNARDO RD 100 , SAN DIEGO, CA 92127-2102","10865 Rancho Bernardo Rd, Suite 100, San Diego, California, 92127",100.0,-117.094980327922,33.022566196985
2024000530,KIDDLETON INC,CORP,9841 MIRA MESA BLVD ,SAN DIEGO,CA,92131-1097,333,MACHINERY MFG,Manufacturing,Core,"9841 MIRA MESA BLVD , SAN DIEGO, CA 92131-1097","7742 Herschel Ave, Suite AA, La Jolla, California, 92037",100.0,-117.272579277527,32.844703091702
2026000667,KIERSTYN G COTTA,SOLE,5757 UNIVERSITY AVE 19A ,SAN DIEGO,CA,92115-6243,31181,BREAD & BAKERY PRODUCT MFG,Manufacturing,Core,"5757 UNIVERSITY AVE 19A , SAN DIEGO, CA 92115-6243","5757 University Ave, Apartment 19 A, San Diego, California, 92115",100.0,-117.07297665862,32.748533409437
2008018658,KIKI'S ALTERATIONS,SOLE,7742 HERSCHEL AVE AA ,LA JOLLA,CA,92037-4444,31521,CUT & SEW APPAREL CONTRACTORS,Manufacturing,Core,"7742 HERSCHEL AVE AA , LA JOLLA, CA 92037-4444","3018 Suncrest Dr, Apartment 4, San Diego, California, 92116",100.0,-117.130344164153,32.763814038022
2013068234,KIM BUTLER,SOLE,3018 SUNCREST DR 4 ,SAN DIEGO,CA,92116-1567,49221,LOCAL MESSENGERS & LOCAL DELIVERY,Transportation and Warehousing,Core,"3018 SUNCREST DR 4 , SAN DIEGO, CA 92116-1567","4660 La Jolla Village Dr, Suite 500, San Diego, California, 92122",99.74,-117.206883261542,32.874214138312
2018002042,KIMBERLY MCSHERRY,SOLE,6170 VALERIAN VISTA PL ,SAN DIEGO,CA,92130-5778,31,MANUFACTURING,Manufacturing,Core,"6170 VALERIAN VISTA PL , SAN DIEGO, CA 92130-5778","8517 Production Ave, San Diego, California, 92121",100.0,-117.165744210205,32.881208333597
2025000964,KIMBRID CORP,CORP,1092 EVERGREEN ST ,SAN DIEGO,CA,92106-2455,33999,ALL OTHER MISC MFG,Manufacturing,Core,"1092 EVERGREEN ST , SAN DIEGO, CA 92106-2455","6170 Valerian Vista Pl, San Diego, California, 92130",100.0,-117.188460341277,32.96648967218
2025018984,KIN TUNG LAW & SIMIN CAI,H-W,8510 WESTMORE RD 273 ,SAN DIEGO,CA,92126-5425,48412,"GENERAL FREIGHT TRUCKING, LONG-DISTANCE",Transportation and Warehousing,Core,"8510 WESTMORE RD 273 , SAN DIEGO, CA 92126-5425","8510 Westmore Rd, Apartment 273, San Diego, California, 92126",100.0,-117.140319886217,32.917860761712
1995011264,KING GRAPHICS,CORP,8517 PRODUCTION AVE ,SAN DIEGO,CA,92121-2204,315,APPAREL MANUFACTURING,Manufacturing,Core,"8517 PRODUCTION AVE , SAN DIEGO, CA 92121-2204","1092 Evergreen St, San Diego, California, 92106",100.0,-117.234013721922,32.722552275622
2007018738,KING TECH INDUSTRY INC,CORP,4455 MURPHY CANYON RD 100 ,SAN DIEGO,CA,92123-4379,42231,"PIECE GOODS, NOTIONS & OTHER DRY GOODS WHSLE",Wholesale Trade,Core,"4455 MURPHY CANYON RD 100 , SAN DIEGO, CA 92123-4379","10476 Hollingsworth Way, Unit 181, San Diego, California, 92127",100.0,-117.110588186006,33.021181799947
1981005094,KINTETSU WORLD EXPRESS (USA) INC,CORP,8525 CAMINO SANTA FE E & F ,SAN DIEGO,CA,92121,481,AIR TRANSPORTATION,Transportation and Warehousing,Core,"8525 CAMINO SANTA FE E & F , SAN DIEGO, CA 92121","10405 Woodchuck Pt, San Diego, California, 92131",100.0,-117.090257796035,32.910471946425
2015043144,KIRAN J MANDANIA & STACY K MANDANIA,H-W,10476 HOLLINGSWORTH WAY 181 ,SAN DIEGO,CA,92127-7815,315,APPAREL MANUFACTURING,Manufacturing,Core,"10476 HOLLINGSWORTH WAY 181 , SAN DIEGO, CA 92127-7815","4455 Murphy Canyon Rd, Suite 100, San Diego, California, 92123",100.0,-117.119185671731,32.824910400819
2006014609,KISSINGER TRUCKING & EQ,CORP,10405 WOODCHUCK PT ,SAN DIEGO,CA,92131-1354,4842,SPECIALIZED FREIGHT TRUCKING,Transportation and Warehousing,Core,"10405 WOODCHUCK PT , SAN DIEGO, CA 92131-1354","1207 Air Wing Rd, San Diego, California, 92154",100.0,-116.955802849008,32.574052108719
2024002993,KLOECKNER METALS CORPORATION,CORP,1202 PIPER RANCH RD ,SAN DIEGO,CA,92154-7714,4215,METAL & MINERAL (EXCEPT PETROLEUM) WHSLE,Wholesale Trade,Core,"1202 PIPER RANCH RD , SAN DIEGO, CA 92154-7714","1202 Piper Ranch Rd, San Diego, California, 92154",100.0,-116.953794125912,32.573199543438
2024002999,KLOECKNER METALS CORPORATION,CORP,1207 AIR WING RD ,SAN DIEGO,CA,92154-7713,421,"WHOLESALE TRADE, DURABLE GOODS",Wholesale Trade,Core,"1207 AIR WING RD , SAN DIEGO, CA 92154-7713","2136 Pointe Pkwy, Spring Valley, California, 91977",100.0,-116.972895946815,32.721348504555
2024007293,KNORA,SOLE,2136 POINTE PKY ,SPRING VALLEY,CA,91977,339999,ALL OTHER MISCELLANEOUS MFG,Manufacturing,Core,"2136 POINTE PKY , SPRING VALLEY, CA 91977","1640 W Artley Dr, Nogales, Arizona, 85621",100.0,-110.969020124045,31.391364690564
2025017248,KOD LOGISTICS LLC,LLC,1640 W ARTLEY DR ,NOGALES,AZ,85621-3898,484,TRUCK TRANSPORTATION,Transportation and Warehousing,Core,"1640 W ARTLEY DR , NOGALES, AZ 85621-3898","12225 World Trade Dr, Suite P, San Diego, California, 92128",100.0,-117.072798710816,32.987732641859
2014034956,KOI ZEN CELLARS,CORP,12225 WORLD TRADE DR P ,SAN DIEGO,CA,92128-3768,31213,WINERIES,Manufacturing,Core,"12225 WORLD TRADE DR P , SAN DIEGO, CA 92128-3768","8525 Camino Santa Fe, Suite F, San Diego, California, 92121",98.87,-117.169982351907,32.881516578086
2014019368,KOMARU TECHNOLOGIES LLC,LLC,7847 DUNBROOK RD H ,SAN DIEGO,CA,92126-6305,33599,ALL OTH ELECTRICAL EQUIPMENT & COMPONENT MFG,Manufacturing,Core,"7847 DUNBROOK RD H , SAN DIEGO, CA 92126-6305","9477 Waples St, Suite 150, San Diego, California, 92121",100.0,-117.183649883225,32.902310445393
2020014414,KONTRON AMERICA INC,CORP,9477 WAPLES ST 150 ,SAN DIEGO,CA,92121-2937,334119,OTHER COMPUTER PERIPHERAL EQUIPMENT MFG,Manufacturing,Core,"9477 WAPLES ST 150 , SAN DIEGO, CA 92121-2937","7847 Dunbrook Rd, Suite H, San Diego, California, 92126",100.0,-117.152491750732,32.892556382759
2006015602,KORALEEN ENTERPRISES,SOLE,1340 LOMA DE PAZ ,ESCONDIDO,CA,92027-3968,334513,INDUSTRIAL PROCESS CONTROL MFG,Manufacturing,Core,"1340 LOMA DE PAZ , ESCONDIDO, CA 92027-3968","1340 Loma de Paz, Escondido, California, 92027",100.0,-117.057467874632,33.12175273575
2025003908,KORBER SUPPLY CHAIN LLC,LLC,3835 N HARBOR DR ,SAN DIEGO,CA,92101-1073,488,TRANSPORTATION SUPPORT ACTIVITIES,Transportation and Warehousing,Core,"3835 N HARBOR DR , SAN DIEGO, CA 92101-1073","2194 San Diego Ave, San Diego, California, 92110",100.0,-117.190977594438,32.747384376241
2015041473,KOVET HOSPITALITY INC,SCORP,6700 GATEWAY PARK DR 1 ,SAN DIEGO,CA,92154-7533,3379,OTHER FURNITURE RELATED PRODUCT MFG,Manufacturing,Core,"6700 GATEWAY PARK DR 1 , SAN DIEGO, CA 92154-7533","3835 N Harbor Dr, San Diego, California, 92101",100.0,-117.205746004919,32.72943717089
2017007103,KRESCO LLC,LLC,2194 SAN DIEGO AVE ,SAN DIEGO,CA,92110-2901,4224,GROCERY & RELATED PRODUCT WHSLE,Wholesale Trade,Core,"2194 SAN DIEGO AVE , SAN DIEGO, CA 92110-2901","3030 Enterprise Ct, Suite C, Vista, California, 92081",100.0,-117.223584874171,33.145310284172
2020012944,KS REFRIGERATED TRANSPORT LLC,LLC,3030 ENTERPRISE CT C ,VISTA,CA,92081-8361,49221,LOCAL MESSENGERS & LOCAL DELIVERY,Transportation and Warehousing,Core,"3030 ENTERPRISE CT C , VISTA, CA 92081-8361","4569 Norma Dr, San Diego, California, 92115",100.0,-117.094154459002,32.760936237295
2008007630,KUEHNE + NAGEL INC ,CORP,2660 SARNEN ST 100 ,SAN DIEGO,CA,92154-6216,48851,FREIGHT TRANSPORTATION ARRANGEMENT,Transportation and Warehousing,Core,"2660 SARNEN ST 100 , SAN DIEGO, CA 92154-6216","2660 Sarnen St, Suite 100, San Diego, California, 92154",100.0,-116.953563455936,32.551464472223
2025015812,KURT A STOLLE & ANGELA DEFELICE,SOLE,4569 NORMA DR ,SAN DIEGO,CA,92115-3132,3399,OTHER MISCELLANEOUS MFG,Manufacturing,Core,"4569 NORMA DR , SAN DIEGO, CA 92115-3132","18166 Calle Estepona, San Diego, California, 92128",100.0,-117.047979644056,33.041882083305
2002005213,KV & ASSOCIATES LLC,LLC,18166 CALLE ESTEPONA ,SAN DIEGO,CA,92128-1579,422,"WHOLESALE TRADE, NONDURABLE GOODS",Wholesale Trade,Core,"18166 CALLE ESTEPONA , SAN DIEGO, CA 92128-1579","6700 Gateway Park Dr, Suite 1, San Diego, California, 92154",100.0,-116.994256003291,32.562781466433
2020015700,KW INTERNATIONAL INC,CORP,2285 MICHAEL FARADAY DR 13 ,SAN DIEGO,CA,92154-7926,484,TRUCK TRANSPORTATION,Transportation and Warehousing,Core,"2285 MICHAEL FARADAY DR 13 , SAN DIEGO, CA 92154-7926","13562 Bolero Way, San Diego, California, 92130",100.0,-117.178072900129,32.968950640861
2025015753,KYLE SODARO & CAROLINA A SODARO,H-W,13562 BOLERO WAY ,SAN DIEGO,CA,92130-7006,332,FABRICATED METAL PRODUCT MFG,Manufacturing,Core,"13562 BOLERO WAY , SAN DIEGO, CA 92130-7006","2285 Michael Faraday Dr, Suite 13, San Diego, California, 92154",100.0,-116.932004698054,32.557651113047
1974009010,KYOCERA INTERNATIONAL INC,CORP,8611 BALBOA AVE ,SAN DIEGO,CA,92123-1501,3344,SEMICONDUCTOR & OTH ELECTRONIC COMPONENT MFG,Manufacturing,Core,"8611 BALBOA AVE , SAN DIEGO, CA 92123-1501","8611 Balboa Ave, San Diego, California, 92123",100.0,-117.141726453389,32.820568868341
2001012625,KYOWA KOGYO LTD,CORP,701 B ST 505 ,SAN DIEGO,CA,92101-8225,422,"WHOLESALE TRADE, NONDURABLE GOODS",Wholesale Trade,Core,"701 B ST 505 , SAN DIEGO, CA 92101-8225","701 B St, Suite 505, San Diego, California, 92101",100.0,-117.157840578425,32.71777471654
2008003393,KZ JEWELRY DESIGNS,SOLE,16777 BERNARDO CENTER DR E6 ,SAN DIEGO,CA,92128-2572,42194,JEWELRY/WATCH/PRECIOUS STONE & METAL WHSLE,Wholesale Trade,Core,"16777 BERNARDO CENTER DR E6 , SAN DIEGO, CA 92128-2572","8724 Approach Rd, San Diego, California, 92154",100.0,-116.955256013645,32.569639204335
1996010172,L & C FOOD DISTRIBUTION INC,CORP,8724 APPROACH RD ,SAN DIEGO,CA,92154-7709,422,"WHOLESALE TRADE, NONDURABLE GOODS",Wholesale Trade,Core,"8724 APPROACH RD , SAN DIEGO, CA 92154-7709","9395 Harritt Rd, Space 121, Lakeside, California, 92040",100.0,-116.88399189938,32.849118678295
2023011070,L AND M FABRICATION,SOLE,9395 HARRITT RD 121 ,LAKESIDE,CA,92040-3530,333992,WELDING & SOLDERING EQUIPMENT MFG,Manufacturing,Core,"9395 HARRITT RD 121 , LAKESIDE, CA 92040-3530","3010 E Beyer Blvd, San Ysidro, California, 92173",100.0,-117.032023685534,32.547402895311
2001004663,L AND R TRANSPORTES,CORP,3010 E BEYER BLVD ,SAN YSIDRO,CA,92173-3102,488999,ALL OTHER TRANSPORTATION SUPPORT ACTIVITIES,Transportation and Warehousing,Core,"3010 E BEYER BLVD , SAN YSIDRO, CA 92173-3102","501 Kettering Dr, Ontario, California, 91761",100.0,-117.544587374453,34.058765230728
1983009767,L M I LARRY METHVIN INSTALLATION INC,CORP,501 KETTERING DR ,ONTARIO,CA,91761,339,MISCELLANEOUS MFG,Manufacturing,Core,"501 KETTERING DR , ONTARIO, CA 91761","16777 Bernardo Center Dr, San Diego, California, 92128",99.52,-117.074996697285,33.019570295242
2021007971,L V A TRUCKING INC,CORP,584 DOOLITTLE AVE ,SAN DIEGO,CA,92154-1634,4841,GENERAL FREIGHT TRUCKING,Transportation and Warehousing,Core,"584 DOOLITTLE AVE , SAN DIEGO, CA 92154-1634","278 Terol Ct, San Diego, California, 92114",100.0,-117.058989692973,32.706616433666
1992008170,L V SEWING & RETAILER,SOLE,278 TEROL CT ,SAN DIEGO,CA,92114-4244,315,APPAREL MANUFACTURING,Manufacturing,Core,"278 TEROL CT , SAN DIEGO, CA 92114-4244","584 Doolittle Ave, San Diego, California, 92154",100.0,-117.058151167379,32.585608573903
1997008871,L-3 COMMUNICATIONS TELEMETRY WEST,CORP,9020 BALBOA AVE ,SAN DIEGO,CA,92123-1510,334419,OTHER ELECTRONIC COMPONENT MFG,Manufacturing,Core,"9020 BALBOA AVE , SAN DIEGO, CA 92123-1510","9020 Balboa Ave, San Diego, California, 92123",100.0,-117.134916827611,32.821877702522
1997001515,L3HARRIS TECHNOLOGIES INC,CORP,9020 BALBOA AVE ,SAN DIEGO,CA,92123-1510,42199,OTHER MISCELLANEOUS DURABLE GOODS WHSLE,Wholesale Trade,Core,"9020 BALBOA AVE , SAN DIEGO, CA 92123-1510","9020 Balboa Ave, San Diego, California, 92123",100.0,-117.134916827611,32.821877702522
1981009663,LA BODEGA,CORP,4184 BEYER BLVD 208 ,SAN YSIDRO,CA,92173-2185,4224,GROCERY & RELATED PRODUCT WHSLE,Wholesale Trade,Core,"4184 BEYER BLVD 208 , SAN YSIDRO, CA 92173-2185","4184 Beyer Blvd, Suite 208, San Ysidro, California, 92173",100.0,-117.044853529448,32.558283443823
2024008095,LA BOOCHA KOMBUCHA,LLC,3042 CALLE CUMBRE ,SAN DIEGO,CA,92139-3512,3121,BEVERAGE MFG,Manufacturing,Core,"3042 CALLE CUMBRE , SAN DIEGO, CA 92139-3512","3042 Calle Cumbre, San Diego, California, 92139",100.0,-117.062275482836,32.665986624856
2018019846,LA ESPERANZA TRUCKING,CORP,4186 DIVISION ST ,SAN DIEGO,CA,92113-4320,48422,"SPECIALIZED FRGT (EXC USED) TRUCKING, LOCAL",Transportation and Warehousing,Core,"4186 DIVISION ST , SAN DIEGO, CA 92113-4320","8980 Crestmar Pt, San Diego, California, 92121",100.0,-117.169420596757,32.887107391324
2014017610,LA JOLLA BAKING COMPANY,CORP,8980 CRESTMAR PT ,SAN DIEGO,CA,92121-3222,3118,BAKERIES & TORTILLA MFG,Manufacturing,Core,"8980 CRESTMAR PT , SAN DIEGO, CA 92121-3222","4186 Division St, San Diego, California, 92113",100.0,-117.103907976814,32.684417843206
2004004774,LA MISION ASSOCIATES,SOLE,1351 AIR WING RD 3 ,SAN DIEGO,CA,92154-7725,42282,WINE & DISTILLED ALCOHOLIC BEVERAGE WHSLE,Wholesale Trade,Core,"1351 AIR WING RD 3 , SAN DIEGO, CA 92154-7725","8766 Sherwood Ter, San Diego, California, 92154",100.0,-116.954665005652,32.567995806489
2005009268,LA PEQUENA,SOLE,2256 MAIN ST 11 ,CHULA VISTA,CA,91911,42199,OTHER MISCELLANEOUS DURABLE GOODS WHSLE,Wholesale Trade,Core,"2256 MAIN ST 11 , CHULA VISTA, CA 91911","1351 Air Wing Rd, Suite 3, San Diego, California, 92154",100.0,-116.955815840957,32.571908227434
2025005615,LA PULGA WHOLESALE,SOLE,8766 SHERWOOD TER ,SAN DIEGO,CA,92154-7718,4223,"APPAREL, PIECE GOODS & NOTIONS WHSLE",Wholesale Trade,Core,"8766 SHERWOOD TER , SAN DIEGO, CA 92154-7718","2256 Main St, Chula Vista, California, 91911",99.31,-117.084232213481,32.594909049848
2004000406,LA ROCA,SOLE,6128 PARKSIDE AVE ,SAN DIEGO,CA,92139-3748,81131,COMMERCIAL EQUIPMENT (EXC AUTO & ELEC) R&M,Industrial Machinery Repair,Core,"6128 PARKSIDE AVE , SAN DIEGO, CA 92139-3748","6128 Parkside Ave, San Diego, California, 92139",100.0,-117.054689692824,32.66595083413
2025013848,LA SALSA CHILENA INC,SCORP,8548 ARJONS DR E/R ,SAN DIEGO,CA,92126,422,"WHOLESALE TRADE, NONDURABLE GOODS",Wholesale Trade,Core,"8548 ARJONS DR E/R , SAN DIEGO, CA 92126","2339 Marconi Pl, San Diego, California, 92154",99.7,-116.929951131777,32.555509872062
2007025690,LA VITA COMPOUNDING PHARMACY,LLC,11468 SORRENTO VALLEY BLVD C ,SAN DIEGO,CA,92121-1436,325412,PHARMACEUTICAL PREPARATION MFG,Manufacturing,Core,"11468 SORRENTO VALLEY BLVD C , SAN DIEGO, CA 92121-1436","6935 Camino Maquiladora, Suite G, San Diego, California, 92154",100.0,-116.99132149899,32.566854694191
2005003896,LABEL ID TECHNOLOGIES INC,CORP,2339 MARCONI PL 1 ,SAN DIEGO,CA,92154-7287,322,PAPER MFG,Manufacturing,Core,"2339 MARCONI PL 1 , SAN DIEGO, CA 92154-7287","8548 Arjons Dr, San Diego, California, 92126",97.51,-117.140375080753,32.894602868291
2021008904,LABELSLY LLC,LLC,6935 CAMINO MAQUILADORA G ,SAN DIEGO,CA,92154-7505,32311,PRINTING,Manufacturing,Core,"6935 CAMINO MAQUILADORA G , SAN DIEGO, CA 92154-7505","550 W B St, Suite 310, San Diego, California, 92101",100.0,-117.168048479207,32.717792528084
2022008902,LACA INDUSTRIES LLC,LLC,2735 VIA ORANGE N WAY 100 ,SPRING VALLEY,CA,91978-1749,332322,SHEET METAL WORK MFG,Manufacturing,Core,"2735 VIA ORANGE N WAY 100 , SPRING VALLEY, CA 91978-1749","2735 Via Orange Way, Spring Valley, California, 91978",96.45,-116.967672797371,32.729322254998
2015039813,LADERA QUALITY MEATS LLC,LLC,550 W B ST 310 ,SAN DIEGO,CA,92101-3537,42247,MEAT & MEAT PRODUCT WHSLE,Wholesale Trade,Core,"550 W B ST 310 , SAN DIEGO, CA 92101-3537","4466 Via Realzar, San Diego, California, 92122",100.0,-117.209513921854,32.866764638045
2016004526,LADY CROMER,SOLE,363 05TH AVE 301 ,SAN DIEGO,CA,92101-6965,42299,OTHER MISCELLANEOUS NONDURABLE GOODS WHSLE,Wholesale Trade,Core,"363 05TH AVE 301 , SAN DIEGO, CA 92101-6965","7030 Convoy Ct, San Diego, California, 92111",100.0,-117.165163595772,32.834696230867
2000011233,LAJOLLA IME,SOLE,4466 VIA REALZAR ,SAN DIEGO,CA,92122-1524,421,"WHOLESALE TRADE, DURABLE GOODS",Wholesale Trade,Core,"4466 VIA REALZAR , SAN DIEGO, CA 92122-1524","92101-6965, San Diego, California",86.5,-117.160097992588,32.708961983541
2012001413,LAMEXICANA,CORP,8595 AVENIDA COSTA SUR B ,SAN DIEGO,CA,92154-6281,42199,OTHER MISCELLANEOUS DURABLE GOODS WHSLE,Wholesale Trade,Core,"8595 AVENIDA COSTA SUR B , SAN DIEGO, CA 92154-6281","8595 Avenida Costa Sur, #B, San Diego, California, 92154",100.0,-116.958697874545,32.55483999036
2007014384,LANDSCAPE SOLUTION WAREHOUSE INC,CORP,7030 CONVOY CT ,SAN DIEGO,CA,92111-1017,42149,OTH PROFESSIONAL EQUIPMENT & SUPPLIES WHSLE,Wholesale Trade,Core,"7030 CONVOY CT , SAN DIEGO, CA 92111-1017","11468 Sorrento Valley Rd, Suite C, San Diego, California, 92121",98.04,-117.230165422536,32.910282473504
2015018680,LANDSCAPE STRUCTURES INC,CORP,601 07TH S ST ,DELANO,MN,55328-8605,3399,OTHER MISCELLANEOUS MFG,Manufacturing,Core,"601 07TH S ST , DELANO, MN 55328-8605","1649 Waterlily Way, San Marcos, California, 92078",100.0,-117.212919740571,33.125760500844
2026002437,LANE 4 TRANSPORT + HAULING,SOLE,6906 MIRAMAR RD C131 ,SAN DIEGO,CA,92121-2666,488,TRANSPORTATION SUPPORT ACTIVITIES,Transportation and Warehousing,Core,"6906 MIRAMAR RD C131 , SAN DIEGO, CA 92121-2666","1520 San Andreas St, Apartment 105, Chula Vista, California, 91913",100.0,-116.986814633471,32.619171139141
2025017104,LANNA COOKIE LLC,LLC,1649 WATERLILY WAY ,SAN MARCOS,CA,92078-4686,31181,BREAD & BAKERY PRODUCT MFG,Manufacturing,Core,"1649 WATERLILY WAY , SAN MARCOS, CA 92078-4686","31302 Ortega Hwy, San Juan Capistrano, California, 92675",100.0,-117.58109329471,33.513669161294
2023004323,LANUZA INC,CORP,1520 SAN ANDREAS ST 105 ,CHULA VISTA,CA,91913-2578,49221,LOCAL MESSENGERS & LOCAL DELIVERY,Transportation and Warehousing,Core,"1520 SAN ANDREAS ST 105 , CHULA VISTA, CA 91913-2578","4612 Larkspur St, San Diego, California, 92107",100.0,-117.238038795645,32.749555959715
2014010825,LAPEYRE INDUSTRIAL SANDS INC,CORP,31302 ORTEGA HIGHWAY ,SAN JUAN CAPISTRANO,CA,92675,42139,OTHER CONSTRUCTION MATERIAL WHSLE,Wholesale Trade,Core,"31302 ORTEGA HIGHWAY , SAN JUAN CAPISTRANO, CA 92675","55328-8605, Delano, Minnesota",86.5,-93.779279484311,45.031430188115
2002001693,LARIS,SOLE,7860 MISSION CENTER CT 203 ,SAN DIEGO,CA,92108-1331,31199,ALL OTHER FOOD MFG,Manufacturing,Core,"7860 MISSION CENTER CT 203 , SAN DIEGO, CA 92108-1331","6906 Miramar Rd, San Diego, California, 92121",98.89,-117.168016125061,32.878304842337
2024004343,LARKSPUR POTTERY,SOLE,4612 LARKSPUR ST ,SAN DIEGO,CA,92107-1423,32711,"POTTERY, CERAMICS & PLUMBING FIXTURE MFG",Manufacturing,Core,"4612 LARKSPUR ST , SAN DIEGO, CA 92107-1423","7860 Mission Center Ct, Suite 203, San Diego, California, 92108",100.0,-117.154975979195,32.773704641859
2026002745,LARRY T WRIGHT THOMPSON,SOLE,3795 FLORIDA ST 103 ,SAN DIEGO,CA,92104-3559,48421,USED HOUSEHOLD & OFFICE GOODS MOVING,Transportation and Warehousing,Core,"3795 FLORIDA ST 103 , SAN DIEGO, CA 92104-3559","16447 Dartolo Rd, Ramona, California, 92065",100.0,-116.792367471751,33.013454565319
1981012237,LARSSON RACING ENTERPRISES,SOLE,16447 DARTOLO RD ,RAMONA,CA,92065-4678,421,"WHOLESALE TRADE, DURABLE GOODS",Wholesale Trade,Core,"16447 DARTOLO RD , RAMONA, CA 92065-4678","3795 Florida St, Apartment 103, San Diego, California, 92104",100.0,-117.143720424335,32.747343011548
2017010156,LAS DOS CALIFORNIAS INC,CORP,2155 PASEO DE LAS AMERICAS 33 ,SAN DIEGO,CA,92154-7907,4229,MISCELLANEOUS NONDURABLE GOODS WHSLE,Wholesale Trade,Core,"2155 PASEO DE LAS AMERICAS 33 , SAN DIEGO, CA 92154-7907","2155 Paseo de las Americas, Suite 33, San Diego, California, 92154",100.0,-116.935844615537,32.559561348781
2012026126,LASER TECHNOLOGY INC,CORP,6912 S QUENTIN ST ,CENTENNIAL,CO,80112-4538,334519,OTHER MEASURING & CONTROLLING DEVICE MFG,Manufacturing,Core,"6912 S QUENTIN ST , CENTENNIAL, CO 80112-4538","6281 Avenida Cresta, La Jolla, California, 92037",100.0,-117.278253239243,32.823271738749
2025011191,LATI COOKI,LLC,6281 AVENIDA CRESTA ,LA JOLLA,CA,92037-6552,311811,RETAIL BAKERIES,Manufacturing,Core,"6281 AVENIDA CRESTA , LA JOLLA, CA 92037-6552","6912 S Quentin St, Englewood, Colorado, 80112",100.0,-104.845856039247,39.591160961236
1992003970,LAURENCE BLOOM WHOLESALE AUTO,SOLE,3205 MIDWAY DR C ,SAN DIEGO,CA,92110-4550,421,"WHOLESALE TRADE, DURABLE GOODS",Wholesale Trade,Core,"3205 MIDWAY DR C , SAN DIEGO, CA 92110-4550","3205 Midway Dr, Suite C, San Diego, California, 92110",100.0,-117.209907116932,32.750353246345
2025010313,LAX AMMUNITION,LLC,4411 MERCURY ST 103 ,SAN DIEGO,CA,92111-3757,4218,"MACHINERY, EQUIPMENT & SUPPLIES WHSLE",Wholesale Trade,Core,"4411 MERCURY ST 103 , SAN DIEGO, CA 92111-3757","4411 Mercury St, Suite 103, San Diego, California, 92111",100.0,-117.148941847099,32.820400308268
1998007296,LAX FREIGHT SERVICES INC,CORP,1655 SAINT ANDREWS CV ,SAN DIEGO,CA,92154-8213,493,WAREHOUSING & STORAGE,Transportation and Warehousing,Core,"1655 SAINT ANDREWS CV , SAN DIEGO, CA 92154-8213","5075 Niagara Ave, San Diego, California, 92107",99.43,-117.253334427836,32.746949984108
2023004981,LAZY DAISY PIES,SCORP,5075 NIAGARA AVE 12 ,SAN DIEGO,CA,92107-3062,311811,RETAIL BAKERIES,Manufacturing,Core,"5075 NIAGARA AVE 12 , SAN DIEGO, CA 92107-3062","1655 Saint Andrews Cv, San Diego, California, 92154",100.0,-116.977799393692,32.566940860156
2015047910,LC SEVEN AUTO STORAGE,H-W,2002 SUNSET AVE 2 ,SAN DIEGO,CA,92154-4131,49319,OTHER WAREHOUSING & STORAGE,Transportation and Warehousing,Core,"2002 SUNSET AVE 2 , SAN DIEGO, CA 92154-4131","2002 Sunset Ave, San Diego, California, 92154",99.7,-117.088945944369,32.558258926756
2004009618,LCG,CORP,8020 ST ANDREWS AVE 105 ,SAN DIEGO,CA,92154,49311,GENERAL WAREHOUSING & STORAGE,Transportation and Warehousing,Core,"8020 ST ANDREWS AVE 105 , SAN DIEGO, CA 92154","180 Industrial Dr, Burlington, Wisconsin, 53105",100.0,-88.271810528017,42.664425071638
2007004708,LDV INC,CORP,180 INDUSTRIAL DR ,BURLINGTON,WI,53105-2307,336,TRANSPORTATION EQUIPMENT MFG,Manufacturing,Core,"180 INDUSTRIAL DR , BURLINGTON, WI 53105-2307","8020 Saint Andrews Ave, Suite 105, San Diego, California, 92154",100.0,-116.970439747428,32.566000829715
2018002348,LE MACARON FRENCH PASTRIES ,LLC,1025 PROSPECT ST 120 ,LA JOLLA,CA,92037-4102,311811,RETAIL BAKERIES,Manufacturing,Core,"1025 PROSPECT ST 120 , LA JOLLA, CA 92037-4102","100 Tunapuna Ln, Coronado, California, 92118",100.0,-117.13329635427,32.611417962523
2020000354,LE MACARON FRENCH PASTRIES,LLC,4545 LA JOLLA VILLAGE DR 9022 ,SAN DIEGO,CA,92122-1241,311811,RETAIL BAKERIES,Manufacturing,Core,"4545 LA JOLLA VILLAGE DR 9022 , SAN DIEGO, CA 92122-1241","1025 Prospect St, Suite 120, La Jolla, California, 92037",100.0,-117.274189860222,32.847781932376
2026004767,LEAD FOOT CUSTOMS,SOLE,100 TUNAPUNA LN ,CORONADO,CA,92118-3506,321,WOOD PRODUCT MFG,Manufacturing,Core,"100 TUNAPUNA LN , CORONADO, CA 92118-3506","1 Learjet Way, Wichita, Kansas, 67209",100.0,-97.43965886414,37.665128022276
2001004403,LEADER AUTO SALES,SOLE,4630 BORDER VILLAGE RD 203 ,SAN YSIDRO,CA,92173-3118,4211,MOTOR VEHICLE/MOTOR VEHICLE PT & SUPPLY WHSLE,Wholesale Trade,Core,"4630 BORDER VILLAGE RD 203 , SAN YSIDRO, CA 92173-3118","4545 La Jolla Village Dr, Suite 9022, San Diego, California, 92122",100.0,-117.209700754476,32.872836279158
2025020143,LEANDRO PEREIRA,SOLE,3018 COLUMBIA ST B ,SAN DIEGO,CA,92103-6096,49221,LOCAL MESSENGERS & LOCAL DELIVERY,Transportation and Warehousing,Core,"3018 COLUMBIA ST B , SAN DIEGO, CA 92103-6096","4630 Border Village Rd, Suite 203, San Ysidro, California, 92173",100.0,-117.035717254987,32.547783140348
2015031261,LEARJET INC,CORP,1 LEARJET WAY ,WICHITA,KS,67209-2924,81131,COMMERCIAL EQUIPMENT (EXC AUTO & ELEC) R&M,Industrial Machinery Repair,Core,"1 LEARJET WAY , WICHITA, KS 67209-2924","2316 Reo Dr, San Diego, California, 92139",100.0,-117.065523386498,32.676501303295
1984000172,LEATHEROCK INTERNATIONAL INC,CORP,2222 COMMERCIAL ST ,SAN DIEGO,CA,92113-1111,4219,MISCELLANEOUS DURABLE GOODS WHSLE,Wholesale Trade,Core,"2222 COMMERCIAL ST , SAN DIEGO, CA 92113-1111","3018 Columbia St, Apartment B, San Diego, California, 92103",100.0,-117.173346512566,32.73556186945
2025000125,LEDESMAS TOWING INC,SCORP,2316 REO DR ,SAN DIEGO,CA,92139-3024,48841,MOTOR VEHICLE TOWING,Transportation and Warehousing,Core,"2316 REO DR , SAN DIEGO, CA 92139-3024","2222 Commercial St, San Diego, California, 92113",100.0,-117.143661834832,32.705333499566
1998008977,LEGASPY & SONS TRUCKING COMPANY LLC,CORP,2290 ENRICO FERMI DR 16 ,SAN DIEGO,CA,92154-7228,4931,WAREHOUSING & STORAGE,Transportation and Warehousing,Core,"2290 ENRICO FERMI DR 16 , SAN DIEGO, CA 92154-7228","2290 Enrico Fermi Dr, Suite 16, San Diego, California, 92154",100.0,-116.927859176383,32.557764101102
2025021956,LEMAR JEWELRY INC,SCORP,861 06TH AVE 511 ,SAN DIEGO,CA,92101-6315,42194,JEWELRY/WATCH/PRECIOUS STONE & METAL WHSLE,Wholesale Trade,Core,"861 06TH AVE 511 , SAN DIEGO, CA 92101-6315","15066 Via Hondonada, Apartment D, San Diego, California, 92129",97.88,-117.090018241243,32.988812356716
2008016698,LENKA ART,SOLE,15066 VIA HONDONADO D ,SAN DIEGO,CA,92129-1452,323119,OTHER COMMERCIAL PRINTING,Manufacturing,Core,"15066 VIA HONDONADO D , SAN DIEGO, CA 92129-1452","3120 Natchez Ave, San Diego, California, 92117",100.0,-117.195132168566,32.798042168281
2023004100,LENNOX INDUSTRIES INC,CORP,9177 AERO DR A ,SAN DIEGO,CA,92123-2400,422,"WHOLESALE TRADE, NONDURABLE GOODS",Wholesale Trade,Core,"9177 AERO DR A , SAN DIEGO, CA 92123-2400","468 Cerro St, Encinitas, California, 92024",100.0,-117.253358400079,33.036811199522
2015040409,LENUS HANDCRAFTED,CORP,468 CERRO ST ,ENCINITAS,CA,92024-4702,33999,ALL OTHER MISC MFG,Manufacturing,Core,"468 CERRO ST , ENCINITAS, CA 92024-4702","9177 Aero Dr, San Diego, California, 92123",100.0,-117.130198151399,32.809858221007
1997001999,LEO DEE WHOLESALE AUTO,SOLE,3120 NATCHEZ AVE ,SAN DIEGO,CA,92117,421,"WHOLESALE TRADE, DURABLE GOODS",Wholesale Trade,Core,"3120 NATCHEZ AVE , SAN DIEGO, CA 92117","92101-6315, San Diego, California",86.5,-117.159229040686,32.714230009687
2018000191,LEO'S DRESSERS FOR LESS,H-W,4509 DELTA ST ,SAN DIEGO,CA,92113-4121,42121,FURNITURE WHSLE,Wholesale Trade,Core,"4509 DELTA ST , SAN DIEGO, CA 92113-4121","4509 Delta St, San Diego, California, 92113",100.0,-117.097874850546,32.688903586328
2002002565,LEON DELIVERY,SOLE,6761 VIGO DR ,LA MESA,CA,91941-5829,49221,LOCAL MESSENGERS & LOCAL DELIVERY,Transportation and Warehousing,Core,"6761 VIGO DR , LA MESA, CA 91941-5829","6761 Vigo Dr, La Mesa, California, 91942",99.51,-117.050448701275,32.755950429829
1995008923,LEON OFFICE PRODUCTS INC,CORP,9163 SIEMPRE VIVA RD H ,SAN DIEGO,CA,92154-7656,42199,OTHER MISCELLANEOUS DURABLE GOODS WHSLE,Wholesale Trade,Core,"9163 SIEMPRE VIVA RD H , SAN DIEGO, CA 92154-7656","9163 Siempre Viva Rd, Suite H, San Diego, California, 92154",100.0,-116.947306951949,32.553001042713
2015044071,LEON PALLETS,SOLE,1666 SUNSET AVE ,SAN DIEGO,CA,92154-4160,32199,ALL OTHER WOOD PRODUCT MFG,Manufacturing,Core,"1666 SUNSET AVE , SAN DIEGO, CA 92154-4160","3277 Berger Ave, San Diego, California, 92123",99.41,-117.152122527897,32.803727026472
2025018890,LEONARDO D LUNA HUERTA ,SOLE,3277 BERGER AVE 57 ,SAN DIEGO,CA,92123-1937,48411,"GENERAL FREIGHT TRUCKING, LOCAL",Transportation and Warehousing,Core,"3277 BERGER AVE 57 , SAN DIEGO, CA 92123-1937","1666 Sunset Ave, San Diego, California, 92154",100.0,-117.097618615766,32.558259848765
2011019306,LEONARDO DRS / DRS DAYLIGHT SOLUTIONS INC,CORP,16465 VIA ESPRILLO 100 ,SAN DIEGO,CA,92127-1701,339,MISCELLANEOUS MFG,Manufacturing,Core,"16465 VIA ESPRILLO 100 , SAN DIEGO, CA 92127-1701","16465 Via Esprillo, San Diego, California, 92127",99.21,-117.092423428359,33.0138059347
2024009208,LEOS,LLC,3674 LOGAN AVE G ,SAN DIEGO,CA,92113-2771,323,PRINTING & RELATED SUPPORT ACTIVITIES,Manufacturing,Core,"3674 LOGAN AVE G , SAN DIEGO, CA 92113-2771","3674 Logan Ave, Apartment G, San Diego, California, 92113",100.0,-117.11505213618,32.697101758186
2023002019,LEVEL 2 TRANSPORTATION LLC,LLC,1006 E 06TH ST ,NATIONAL CITY,CA,91950-2518,488,TRANSPORTATION SUPPORT ACTIVITIES,Transportation and Warehousing,Core,"1006 E 06TH ST , NATIONAL CITY, CA 91950-2518","6020 Progressive Ave, Suite 500, San Diego, California, 92154",100.0,-117.005016187674,32.571070456212
1999002007,LEVEL ONE ART INSTALLATION,SCORP,5173 WARING RD 153 ,SAN DIEGO,CA,92120-2705,421,"WHOLESALE TRADE, DURABLE GOODS",Wholesale Trade,Core,"5173 WARING RD 153 , SAN DIEGO, CA 92120-2705","5173 Waring Rd, San Diego, California, 92120",99.12,-117.081300726664,32.79196172617
2018026323,LEVITON MANUFACTURING CO INC,CORP,6020 PROGRESSIVE AVE 500 ,SAN DIEGO,CA,92154-6638,4931,WAREHOUSING & STORAGE,Transportation and Warehousing,Core,"6020 PROGRESSIVE AVE 500 , SAN DIEGO, CA 92154-6638","3920 T St, San Diego, California, 92113",100.0,-117.109866085048,32.698895234009
2025011408,LEX VIDAL SHOP,SOLE,3920 T ST ,SAN DIEGO,CA,92113-2852,422,"WHOLESALE TRADE, NONDURABLE GOODS",Wholesale Trade,Core,"3920 T ST , SAN DIEGO, CA 92113-2852","8735 Dead Stick Rd, San Diego, California, 92154",100.0,-116.955086531562,32.573151305585
2025014097,LEXMARK INTERNATIONAL INC,CORP,740 NEW CIRCLE RD ,LEXINGTON,KY,40550-0001,33411,COMPUTER & PERIPHERAL EQUIPMENT MFG,Manufacturing,Core,"740 NEW CIRCLE RD , LEXINGTON, KY 40550-0001","1006 E Ave, National City, California, 91950",91.85,-117.101088260908,32.675274332236
2011024343,LGB INC,CORP,8735 DEAD STICK RD ,SAN DIEGO,CA,92154-7710,4223,"APPAREL, PIECE GOODS & NOTIONS WHSLE",Wholesale Trade,Core,"8735 DEAD STICK RD , SAN DIEGO, CA 92154-7710","3592 Main St, San Diego, California, 92113",100.0,-117.117115257828,32.686725003965
2018027842,LIBERTY CALL US INC,SCORP,3592 MAIN ST ,SAN DIEGO,CA,92113-3804,49311,GENERAL WAREHOUSING & STORAGE,Transportation and Warehousing,Core,"3592 MAIN ST , SAN DIEGO, CA 92113-3804","715 Paseo Roble, Vista, California, 92084",99.06,-117.2342527738,33.206929258633
1990012641,LIBERTY LEISURE ASSOCIATES/MORNING STAR WEST LLC,LLC,12463 RANCHO BERNARDO RD 557 ,SAN DIEGO,CA,92128-2143,421,"WHOLESALE TRADE, DURABLE GOODS",Wholesale Trade,Core,"12463 RANCHO BERNARDO RD 557 , SAN DIEGO, CA 92128-2143","740 W New Circle Rd, Lexington, Kentucky, 40511",97.08,-84.491031227862,38.073858454858
2026000360,LIBERTY LOGISTICS LLC,LLC,715 PASEO ROBLE 305 ,VISTA,CA,92084-5264,492,COURIERS & MESSENGERS,Transportation and Warehousing,Core,"715 PASEO ROBLE 305 , VISTA, CA 92084-5264","12463 Rancho Bernardo Rd, San Diego, California, 92128",99.3,-117.062071970227,33.018563922038
2020003493,LIFE TECHNOLOGIES CORP,CORP,5781 VAN ALLEN WAY ,CARLSBAD,CA,92008-7321,334,COMPUTER & ELECTRONIC PRODUCT MFG,Manufacturing,Core,"5781 VAN ALLEN WAY , CARLSBAD, CA 92008-7321","5781 Van Allen Way, Carlsbad, California, 92008",100.0,-117.285936846065,33.137343452842
1995004333,LIGA'S COMPUTER TECHNOLOGY INC,CORP,6046 CORNERSTONE CT 119 ,SAN DIEGO,CA,92121-4733,4216,ELECTRICAL GOODS WHSLE,Wholesale Trade,Core,"6046 CORNERSTONE CT 119 , SAN DIEGO, CA 92121-4733","18861 Caminito Cantilena, Unit 22, San Diego, California, 92128",100.0,-117.069778292007,33.053238053365
2016004104,LIGHTNING INDUSTRIAL INC,SCORP,7875 HILLANDALE DR ,SAN DIEGO,CA,92120-1508,42184,INDUSTRIAL SUPPLIES WHSLE,Wholesale Trade,Core,"7875 HILLANDALE DR , SAN DIEGO, CA 92120-1508","7875 Hillandale Dr, San Diego, California, 92120",100.0,-117.064934306343,32.812077246053
2012012480,LILLY BIOTECHNOLOGY CENTER,CORP,10290 CAMPUS POINT DR ,SAN DIEGO,CA,92121-1522,325412,PHARMACEUTICAL PREPARATION MFG,Manufacturing,Core,"10290 CAMPUS POINT DR , SAN DIEGO, CA 92121-1522","10290 Campus Point Dr, San Diego, California, 92121",100.0,-117.222174618962,32.890241301102
2026003989,LILY POD,LLC,18861 CAMINITO CANTILENA 22 ,SAN DIEGO,CA,92128-6167,3119,OTHER FOOD MFG,Manufacturing,Core,"18861 CAMINITO CANTILENA 22 , SAN DIEGO, CA 92128-6167","4883 Ronson Ct, San Diego, California, 92111",100.0,-117.145683801335,32.831261536494
2023013630,LIMBER PROSTHETICS & ORTHOTICS INC,CORP,4883 RONSON CT ,SAN DIEGO,CA,92111-1812,3391,MEDICAL EQUIPMENT & SUPPLIES MFG,Manufacturing,Core,"4883 RONSON CT , SAN DIEGO, CA 92111-1812","6046 Cornerstone Ct W, San Diego, California, 92121",96.48,-117.190214170697,32.896954325446
2025022826,LINDER HEALTH LLC,LLC,5276 EASTGATE MALL ,SAN DIEGO,CA,92121-2814,42269,OTHER CHEMICAL & ALLIED PRODUCTS WHSLE,Wholesale Trade,Core,"5276 EASTGATE MALL , SAN DIEGO, CA 92121-2814","5276 Eastgate Mall, San Diego, California, 92121",100.0,-117.194570664873,32.882220574134
1980061769,LINGLE BROS COFFEE INC,CORP,6500 GARFIELD AVE ,BELL GARDENS,CA,90201-1806,4224,GROCERY & RELATED PRODUCT WHSLE,Wholesale Trade,Core,"6500 GARFIELD AVE , BELL GARDENS, CA 90201-1806","11225 Affinity Ct, Unit 52, San Diego, California, 92131",100.0,-117.11152016982,32.922225218696
2007015522,LINKQUEST INC,CORP,6749 TOP GUN ST 104 ,SAN DIEGO,CA,92121-4151,339992,MUSICAL INSTRUMENT MFG,Manufacturing,Core,"6749 TOP GUN ST 104 , SAN DIEGO, CA 92121-4151","6749 Top Gun St, Suite 104, San Diego, California, 92121",100.0,-117.17416249084,32.909134404226
2014003320,LINTON FAMILY ARTS,SOLE,11225 AFFINITY CT 52 ,SAN DIEGO,CA,92131-2744,33999,ALL OTHER MISC MFG,Manufacturing,Core,"11225 AFFINITY CT 52 , SAN DIEGO, CA 92131-2744","6500 Garfield Ave, Bell Gardens, California, 90201",100.0,-118.147454419242,33.972689958277
2024001607,LIONEL'S LUNCHBOX,PARTNR,7160 SHORELINE DR 4112 ,SAN DIEGO,CA,92122-4916,31111,ANIMAL FOOD MFG,Manufacturing,Core,"7160 SHORELINE DR 4112 , SAN DIEGO, CA 92122-4916","7160 Shoreline Dr, Unit 4112, San Diego, California, 92122",100.0,-117.198191227949,32.863618029684
2021013497,LIPIDIO PHARMACEUTICALS INC,CORP,3570 CARMEL MOUNTAIN RD 200 ,SAN DIEGO,CA,92130-6767,32541,PHARMACEUTICAL & MEDICINE MFG,Manufacturing,Core,"3570 CARMEL MOUNTAIN RD 200 , SAN DIEGO, CA 92130-6767","6575 Jackson Dr, San Diego, California, 92119",100.0,-117.023530051589,32.794082263854
2026000170,LIPPERT INTERNATIONAL INC,SCORP,1401 AIR WING RD ,SAN DIEGO,CA,92154-7705,4931,WAREHOUSING & STORAGE,Transportation and Warehousing,Core,"1401 AIR WING RD , SAN DIEGO, CA 92154-7705","1401 Air Wing Rd, San Diego, California, 92154",100.0,-116.955813494025,32.571237381814
2002003261,LIQUID TECH,SOLE,6575 JACKSON DR ,SAN DIEGO,CA,92119-3308,421,"WHOLESALE TRADE, DURABLE GOODS",Wholesale Trade,Core,"6575 JACKSON DR , SAN DIEGO, CA 92119-3308","8645 Avenida Costa Norte, San Diego, California, 92154",100.0,-116.957478139996,32.558979728519
2017002583,LIQUIDATION PROZ,SCORP,8645 AVENIDA COSTA NORTE ,SAN DIEGO,CA,92154-6235,4223,"APPAREL, PIECE GOODS & NOTIONS WHSLE",Wholesale Trade,Core,"8645 AVENIDA COSTA NORTE , SAN DIEGO, CA 92154-6235","3570 Carmel Mountain Rd, Suite 200, San Diego, California, 92130",100.0,-117.233109733664,32.918943116869
1999000643,LIVA DISTRIBUTORS INC,CORP,3171 IRIS AVE ,SAN YSIDRO,CA,92173-1234,4229,MISCELLANEOUS NONDURABLE GOODS WHSLE,Wholesale Trade,Core,"3171 IRIS AVE , SAN YSIDRO, CA 92173-1234","3171 Iris Ave, San Ysidro, California, 92173",100.0,-117.064631300543,32.569088722844
1997001546,LIVING EARTH ENTERPRISES,SOLE,2560 01ST AVE 102 ,SAN DIEGO,CA,92103-6530,422,"WHOLESALE TRADE, NONDURABLE GOODS",Wholesale Trade,Core,"2560 01ST AVE 102 , SAN DIEGO, CA 92103-6530","4008 Rochester Rd, San Diego, California, 92116",100.0,-117.108798146764,32.769295509332
2001003226,LIZ JARDINE ART STUDIO INC,SOLE,4008 ROCHESTER RD ,SAN DIEGO,CA,92116-2120,421,"WHOLESALE TRADE, DURABLE GOODS",Wholesale Trade,Core,"4008 ROCHESTER RD , SAN DIEGO, CA 92116-2120","507 Figueroa St, Wilmington, California, 90744",97.22,-118.279040073175,33.775153562322
1998009090,LLEWELLYN SUPPLY COMPANY,CORP,507 N FIGUEROA ST ,WIMLINGTON,CA,90744-4807,42199,OTHER MISCELLANEOUS DURABLE GOODS WHSLE,Wholesale Trade,Core,"507 N FIGUEROA ST , WIMLINGTON, CA 90744-4807","524 W Calle Primera, Suite 1005, San Ysidro, California, 92173",98.95,-117.054665552943,32.554807426666
2017011637,LM TROPICAL LLC,LLC,524 W CALLE PRIMERA 1005X ,SAN YSIDRO,CA,92173-2836,4224,GROCERY & RELATED PRODUCT WHSLE,Wholesale Trade,Core,"524 W CALLE PRIMERA 1005X , SAN YSIDRO, CA 92173-2836","5362 Prosperity Ln, San Diego, California, 92115",100.0,-117.081391586494,32.769872854822
2019010621,LO NUESTRO IMPORTS,LLC,5362 PROSPERITY LN ,SAN DIEGO,CA,92115-2145,42199,OTHER MISCELLANEOUS DURABLE GOODS WHSLE,Wholesale Trade,Core,"5362 PROSPERITY LN , SAN DIEGO, CA 92115-2145","92103-6530, San Diego, California",86.5,-117.163948974183,32.732065987183
2006015213,LOAFTECHLABS INC,CORP,2229 BACON ST B ,SAN DIEGO,CA,92107-1304,315,APPAREL MANUFACTURING,Manufacturing,Core,"2229 BACON ST B , SAN DIEGO, CA 92107-1304","6852 Calle de Linea, San Diego, California, 92154",100.0,-116.991724752352,32.548121517779
2024002181,LOGIAIDE FORWARDING INC,CORP,6852 CALLE DE LINEA ,SAN DIEGO,CA,92154-8000,48851,FREIGHT TRANSPORTATION ARRANGEMENT,Transportation and Warehousing,Core,"6852 CALLE DE LINEA , SAN DIEGO, CA 92154-8000","2229 Bacon St, San Diego, California, 92107",99.68,-117.24608659616,32.75259150786
2014001306,LOGISTIC INTERNATIONAL MT INC,CORP,2365 MICHAEL FARADAY DR 2 ,SAN DIEGO,CA,92154-7257,49311,GENERAL WAREHOUSING & STORAGE,Transportation and Warehousing,Core,"2365 MICHAEL FARADAY DR 2 , SAN DIEGO, CA 92154-7257","2365 Michael Faraday Dr, Suite 2, San Diego, California, 92154",100.0,-116.931985000582,32.55511357568
2005001984,LOGISTICA ADUANAL DEL PACIFICO,SOLE,2345 MARCONI CT B ,SAN DIEGO,CA,92154-7262,48851,FREIGHT TRANSPORTATION ARRANGEMENT,Transportation and Warehousing,Core,"2345 MARCONI CT B , SAN DIEGO, CA 92154-7262","2345 Marconi Ct, Suite B, San Diego, California, 92154",100.0,-116.933994561869,32.555563264785
2008038495,LOGISTICS WAREHOUSE INC,SCORP,6825 GATEWAY PARK DR 2 ,SAN DIEGO,CA,92154-7531,49319,OTHER WAREHOUSING & STORAGE,Transportation and Warehousing,Core,"6825 GATEWAY PARK DR 2 , SAN DIEGO, CA 92154-7531","6901 Alvarado Rd, Unit 6, San Diego, California, 92120",100.0,-117.050052069617,32.775607208151
2016018123,LOGSTRAT  INC,SCORP,9605 AIRWAY RD A ,SAN DIEGO,CA,92154-7922,484,TRUCK TRANSPORTATION,Transportation and Warehousing,Core,"9605 AIRWAY RD A , SAN DIEGO, CA 92154-7922","2155 Paseo de las Americas, Suite 35, San Diego, California, 92154",100.0,-116.935844615537,32.559561348781
2026005571,LOKEL KRAFTS,SOLE,6901 ALVARADO RD 6 ,SAN DIEGO,CA,92120-5311,33999,ALL OTHER MISC MFG,Manufacturing,Core,"6901 ALVARADO RD 6 , SAN DIEGO, CA 92120-5311","6151 Progressive Ave, Suite 100, San Diego, California, 92154",100.0,-117.0024878704,32.571016225298
2016013830,LOMA IMPORTS INC,CORP,2155 PASEO DE LAS AMERICAS 35 ,SAN DIEGO,CA,92154-7907,4931,WAREHOUSING & STORAGE,Transportation and Warehousing,Core,"2155 PASEO DE LAS AMERICAS 35 , SAN DIEGO, CA 92154-7907","6825 Gateway Park Dr, Suite 2, San Diego, California, 92154",100.0,-116.993430553467,32.562788339594
2007029903,LOMAR EQUIPMENT SALES INC,CORP,6151 PROGRESSIVE AVE 100 ,SAN DIEGO,CA,92154-6645,42144,OTHER COMMERCIAL EQUIPMENT WHSLE,Wholesale Trade,Core,"6151 PROGRESSIVE AVE 100 , SAN DIEGO, CA 92154-6645","9605 Airway Rd, Suite A, San Diego, California, 92154",100.0,-116.937744122435,32.560125492774
2019006000,LONGBOARD TRANSPORTATION LLC,LLC,2815 CANON ST ,SAN DIEGO,CA,92106-2707,48851,FREIGHT TRANSPORTATION ARRANGEMENT,Transportation and Warehousing,Core,"2815 CANON ST , SAN DIEGO, CA 92106-2707","2815 Canon St, San Diego, California, 92106",100.0,-117.230245804987,32.720478173681
2021000614,LONGDRAGON,SOLE,12340 BOULDER VIEW DR ,POWAY,CA,92064-5316,339,MISCELLANEOUS MFG,Manufacturing,Core,"12340 BOULDER VIEW DR , POWAY, CA 92064-5316","12340 Boulder View Dr, Poway, California, 92064",100.0,-117.06358230536,32.94664995882
2026002538,LOOF & LATHER,H-W,2883 BUENA VISTA AVE ,LEMON GROVE,CA,91945-2818,325611,SOAP & OTHER DETERGENT MFG,Manufacturing,Core,"2883 BUENA VISTA AVE , LEMON GROVE, CA 91945-2818","2883 Buena Vista Ave, Lemon Grove, California, 91945",100.0,-117.034301970636,32.73691231978
2020011924,LOPEZ ARAMBURO LOGISTICS,H-W,8684 AVENIDA DE LA FUENTE 9 ,SAN DIEGO,CA,92154-6220,4841,GENERAL FREIGHT TRUCKING,Transportation and Warehousing,Core,"8684 AVENIDA DE LA FUENTE 9 , SAN DIEGO, CA 92154-6220","9590 Via Pereza, San Diego, California, 92129",100.0,-117.119237471893,32.963180245349
2023006465,LOPEZ SIGN MANUFACTURING,SOLE,3284 F ST ,SAN DIEGO,CA,92102-3316,33995,SIGN MFG,Manufacturing,Core,"3284 F ST , SAN DIEGO, CA 92102-3316","3284 F St, San Diego, California, 92102",100.0,-117.123535292746,32.713824409393
1990000327,LORENA DESIGNS,SOLE,3033 CONNER WAY ,SAN DIEGO,CA,92117-4306,421,"WHOLESALE TRADE, DURABLE GOODS",Wholesale Trade,Core,"3033 CONNER WAY , SAN DIEGO, CA 92117-4306","3033 Conner Way, San Diego, California, 92117",100.0,-117.218825126634,32.817647020713
1989007975,LORRAINE HENRY ENTERPRISES,SOLE,9590 VIA PEREZA ,SAN DIEGO,CA,92129-2730,315,APPAREL MANUFACTURING,Manufacturing,Core,"9590 VIA PEREZA , SAN DIEGO, CA 92129-2730","8684 Avenida de la Fuente, Suite 9, San Diego, California, 92154",100.0,-116.956794931068,32.556272583341
1997002512,LORY INTERNATIONAL,SOLE,12675 ASHLEY FALLS DR ,SAN DIEGO,CA,92130-2759,422,"WHOLESALE TRADE, NONDURABLE GOODS",Wholesale Trade,Core,"12675 ASHLEY FALLS DR , SAN DIEGO, CA 92130-2759","9024 Hillery Dr, San Diego, California, 92126",100.0,-117.128531829048,32.912904165179
2024006450,LOS ALAMOS RANCH,SOLE,9024 HILLERY DR ,SAN DIEGO,CA,92126-2836,4931,WAREHOUSING & STORAGE,Transportation and Warehousing,Core,"9024 HILLERY DR , SAN DIEGO, CA 92126-2836","12675 Ashley Falls Dr, San Diego, California, 92130",100.0,-117.212361338182,32.947661025891
2018008137,LOS CUATES CANDY INC,CORP,2155 PASEO DE LAS AMERICAS 33 ,SAN DIEGO,CA,92154-7907,4224,GROCERY & RELATED PRODUCT WHSLE,Wholesale Trade,Core,"2155 PASEO DE LAS AMERICAS 33 , SAN DIEGO, CA 92154-7907","9500 Gilman Dr, La Jolla, California, 92093",100.0,-117.239187367838,32.875529678015
2024002647,LOS TRES GARCIA'S CORPORATION,CORP,9500 GILMAN DR ,LA JOLLA,CA,92093-5004,31181,BREAD & BAKERY PRODUCT MFG,Manufacturing,Core,"9500 GILMAN DR , LA JOLLA, CA 92093-5004","3002 Jemez Dr, San Diego, California, 92117",100.0,-117.220077634426,32.832447198607
2017010445,LOST CAUSE MEADERY LLC,LLC,5328 BANKS ST B ,SAN DIEGO,CA,92110-4008,339,MISCELLANEOUS MFG,Manufacturing,Core,"5328 BANKS ST B , SAN DIEGO, CA 92110-4008","2155 Paseo de las Americas, Suite 33, San Diego, California, 92154",100.0,-116.935844615537,32.559561348781
2003004562,LOTUS LOVE BEAUTY BY THE SHANTI PROJECT,LLC,3635 30TH ST ,SAN DIEGO,CA,92104-3508,339999,ALL OTHER MISCELLANEOUS MFG,Manufacturing,Core,"3635 30TH ST , SAN DIEGO, CA 92104-3508","5328 Banks St, San Diego, California, 92110",99.68,-117.199191524274,32.764141225612
1985008991,LOUISE REDING,SOLE,3002 JEMEZ DR ,SAN DIEGO,CA,92117,421,"WHOLESALE TRADE, DURABLE GOODS",Wholesale Trade,Core,"3002 JEMEZ DR , SAN DIEGO, CA 92117","5982 Old Memory Ln, San Diego, California, 92114",100.0,-117.068905987343,32.720322940834
2026003746,LOVELY CREATIONS CO,SCORP,6959 TERRA COTTA RD ,SAN DIEGO,CA,92114-7921,31181,BREAD & BAKERY PRODUCT MFG,Manufacturing,Core,"6959 TERRA COTTA RD , SAN DIEGO, CA 92114-7921","3635 30th St, San Diego, California, 92104",100.0,-117.130066220243,32.744985140276
2025002029,LPJ COURIER SERVICE LLC,LLC,5982 OLD MEMORY LN ,SAN DIEGO,CA,92114-1245,49211,COURIERS,Transportation and Warehousing,Core,"5982 OLD MEMORY LN , SAN DIEGO, CA 92114-1245","6959 Terra Cotta Rd, San Diego, California, 92114",100.0,-117.04497112755,32.700268315477
2023002906,LS IMM USA LLC,LLC,2177 BRITANNIA BLVD ,SAN DIEGO,CA,92154-8307,326,PLASTICS & RUBBER PRODUCTS MFG,Manufacturing,Core,"2177 BRITANNIA BLVD , SAN DIEGO, CA 92154-8307","3005 Menlo Ave, San Diego, California, 92105",100.0,-117.094368868086,32.737023631454
2024010183,LTF TRANSPORT,LLC,3005 MENLO AVE ,SAN DIEGO,CA,92105-4429,4842,SPECIALIZED FREIGHT TRUCKING,Transportation and Warehousing,Core,"3005 MENLO AVE , SAN DIEGO, CA 92105-4429","2177 Britannia Blvd, San Diego, California, 92154",100.0,-116.979729326898,32.559088148437
2021011383,LUCERO GRAHAM BESPOKE FASHION,SOLE,1110 TORREY PINES RD C ,LA JOLLA,CA,92037-4545,315,APPAREL MANUFACTURING,Manufacturing,Core,"1110 TORREY PINES RD C , LA JOLLA, CA 92037-4545","7890 Dunbrook Rd, San Diego, California, 92126",100.0,-117.151264137193,32.89259954956
2026003936,LUCKY AUTO AUCTION,CORP,531 ALTA RD 9 ,SAN DIEGO,CA,92154-5720,42112,MOTOR VEHICLE SUPPLIES & NEW PARTS WHSLE,Wholesale Trade,Core,"531 ALTA RD 9 , SAN DIEGO, CA 92154-5720","9450 Mira Mesa Blvd, Suite C, San Diego, California, 92126",100.0,-117.120561058224,32.918935908433
1974004754,LUCKY LINE PRODUCTS INC,CORP,7890 DUNBROOK RD ,SAN DIEGO,CA,92126-4369,42199,OTHER MISCELLANEOUS DURABLE GOODS WHSLE,Wholesale Trade,Core,"7890 DUNBROOK RD , SAN DIEGO, CA 92126-4369","531 Alta Rd, San Diego, California, 92154",99.66,-116.918987133761,32.578427385148
2026003337,LUCKYS MEDICAL COURIER LLC,LLC,9450 MIRA MESA BLVD C ,SAN DIEGO,CA,92126-4850,4921,COURIERS,Transportation and Warehousing,Core,"9450 MIRA MESA BLVD C , SAN DIEGO, CA 92126-4850","888 S Euclid Ave, San Diego, California, 92114",100.0,-117.085202334954,32.697336200018
2024011795,LUCY MILK,SOLE,3115 53RD ST ,SAN DIEGO,CA,92105-3734,42243,DAIRY PRODUCT (EXC DRIED OR CANNED) WHSLE,Wholesale Trade,Core,"3115 53RD ST , SAN DIEGO, CA 92105-3734","2663 Elyssee St, San Diego, California, 92123",100.0,-117.145392446381,32.793782317449
2024009243,LUCYS BAKERY & PIZZA,SOLE,888 S EUCLID AVE ,SAN DIEGO,CA,92114-5207,311811,RETAIL BAKERIES,Manufacturing,Core,"888 S EUCLID AVE , SAN DIEGO, CA 92114-5207","1110 Torrey Pines Rd, Suite C, La Jolla, California, 92037",100.0,-117.271691298704,32.843195606416
2022005699,"LUDINGS PANCIT BIHON, LUMPIA ATBP",SOLE,2663 ELYSSEE ST ,SAN DIEGO,CA,92123-3466,3119,OTHER FOOD MFG,Manufacturing,Core,"2663 ELYSSEE ST , SAN DIEGO, CA 92123-3466","9955 Marconi Dr, San Diego, California, 92154",99.7,-116.931766484367,32.554288209674
2006007706,LUMBER HARDWARE AND EXPORTS INC,CORP,9955 MARCONI DR B ,SAN DIEGO,CA,92154-7271,42171,HARDWARE WHSLE,Wholesale Trade,Core,"9955 MARCONI DR B , SAN DIEGO, CA 92154-7271","4152 Poplar St, San Diego, California, 92105",100.0,-117.105758617216,32.734406382187
2015032159,LUMILY,SOLE,4152 POPLAR ST ,SAN DIEGO,CA,92105-4553,42299,OTHER MISCELLANEOUS NONDURABLE GOODS WHSLE,Wholesale Trade,Core,"4152 POPLAR ST , SAN DIEGO, CA 92105-4553","3115 53rd St, San Diego, California, 92105",100.0,-117.081397286188,32.738034363248
2021012724,LUMIRADX,CORP,6650 NANCY RIDGE DR ,SAN DIEGO,CA,92121-2252,3391,MEDICAL EQUIPMENT & SUPPLIES MFG,Manufacturing,Core,"6650 NANCY RIDGE DR , SAN DIEGO, CA 92121-2252","9685 Via Excelencia, Suite 106, San Diego, California, 92126",100.0,-117.117892344071,32.898244887077
2025003082,LUMULUS TECHNOLOGIES INC,CORP,9685 VIA EXCELENCIA 106 ,SAN DIEGO,CA,92126-7500,33599,ALL OTH ELECTRICAL EQUIPMENT & COMPONENT MFG,Manufacturing,Core,"9685 VIA EXCELENCIA 106 , SAN DIEGO, CA 92126-7500","6650 Nancy Ridge Dr, San Diego, California, 92121",100.0,-117.179363042665,32.886739258136
2021009650,LUNA NORTE LLC,PARTNR,4525 MISSION GORGE PL ,SAN DIEGO,CA,92120-4106,33991,JEWELRY & SILVERWARE MFG,Manufacturing,Core,"4525 MISSION GORGE PL , SAN DIEGO, CA 92120-4106","4525 Mission Gorge Pl, San Diego, California, 92120",100.0,-117.09775850973,32.782949294328
2019016827,LUNA'S MOTORS,SOLE,7717 EAGLE RIDGE DR ,SAN DIEGO,CA,92119-1768,4211,MOTOR VEHICLE/MOTOR VEHICLE PT & SUPPLY WHSLE,Wholesale Trade,Core,"7717 EAGLE RIDGE DR , SAN DIEGO, CA 92119-1768","7717 Eagle Ridge Dr, San Diego, California, 92119",100.0,-117.030360296848,32.803446106987
2024004460,LUU DELIVERY SERVICE,SCORP,5670 KEARNY MESA RD ,SAN DIEGO,CA,92111-1305,49221,LOCAL MESSENGERS & LOCAL DELIVERY,Transportation and Warehousing,Core,"5670 KEARNY MESA RD , SAN DIEGO, CA 92111-1305","1745 Oliver Ave, Apartment C, San Diego, California, 92109",100.0,-117.236528711969,32.795621642282
2021010691,LUV MYLK,SCORP,1745 OLIVER AVE C ,SAN DIEGO,CA,92109-5598,49221,LOCAL MESSENGERS & LOCAL DELIVERY,Transportation and Warehousing,Core,"1745 OLIVER AVE C , SAN DIEGO, CA 92109-5598","5670 Kearny Mesa Rd, San Diego, California, 92111",100.0,-117.137319919252,32.837432628888
2020015965,LUZ DE LOS SANTOS INC,CORP,3702 LINDBERGH ST ,SAN DIEGO,CA,92154-1653,311811,RETAIL BAKERIES,Manufacturing,Core,"3702 LINDBERGH ST , SAN DIEGO, CA 92154-1653","3702 Lindbergh St, San Diego, California, 92154",100.0,-117.053936495005,32.586595794459
2024006884,LYAEUS LABS INC,SCORP,7290 NAVAJO RD 101 ,SAN DIEGO,CA,92119-1631,422,"WHOLESALE TRADE, NONDURABLE GOODS",Wholesale Trade,Core,"7290 NAVAJO RD 101 , SAN DIEGO, CA 92119-1631","7290 Navajo Rd, Suite 101, San Diego, California, 92119",100.0,-117.038276669121,32.804325955363
2020004359,M & A CARGO LLC,LLC,288 BROADWAY 13 ,CHULA VISTA,CA,91910-2325,484,TRUCK TRANSPORTATION,Transportation and Warehousing,Core,"288 BROADWAY 13 , CHULA VISTA, CA 91910-2325","5298 Sandbar Cove Way, San Diego, California, 92154",100.0,-117.020648185639,32.566910643395
2012032282,M & M DISTRIBUTORS INC,CORP,5298 SANDBAR COVE WAY ,SAN DIEGO,CA,92154-4873,42241,GENERAL LINE GROCERY WHSLE,Wholesale Trade,Core,"5298 SANDBAR COVE WAY , SAN DIEGO, CA 92154-4873","288 Broadway, Office 13, Chula Vista, California, 91910",100.0,-117.092350338163,32.638271694369
2014026141,M CHEN CORPORATION,CORP,7781 EAGLE RIDGE DR ,SAN DIEGO,CA,92119-1769,33699,OTHER TRANSPORTATION EQUIPMENT MFG,Manufacturing,Core,"7781 EAGLE RIDGE DR , SAN DIEGO, CA 92119-1769","31555 Via Cordoba, Temecula, California, 92592",100.0,-117.106181232774,33.470392424367
1999013596,M DISTRIBUTIONS / PROVENCE DECOR,H-W,31555 VIA CORDOBA ,TEMECULA,CA,92592-1081,422,"WHOLESALE TRADE, NONDURABLE GOODS",Wholesale Trade,Core,"31555 VIA CORDOBA , TEMECULA, CA 92592-1081","2498 Roll Dr, #622, San Diego, California, 92154",100.0,-116.937481014495,32.552897274752
2006001201,M N TRUCKING,CORP,2498 ROLL DR 622 ,SAN DIEGO,CA,92154-7213,484,TRUCK TRANSPORTATION,Transportation and Warehousing,Core,"2498 ROLL DR 622 , SAN DIEGO, CA 92154-7213","7781 Eagle Ridge Dr, San Diego, California, 92119",100.0,-117.029094713288,32.803300890514
2007025119,M O DION & SONS INC,CORP,7111 MISSION GORGE RD ,SAN DIEGO,CA,92120-1130,49221,LOCAL MESSENGERS & LOCAL DELIVERY,Transportation and Warehousing,Core,"7111 MISSION GORGE RD , SAN DIEGO, CA 92120-1130","2911 Fallbrook Ln, San Diego, California, 92117",100.0,-117.201124726423,32.792801760506
2001004443,M R MARINE INC,CORP,2911 FALLBROOK LN ,SAN DIEGO,CA,92117-6770,48839,OTHER WATER TRANSPORTATION SUPPORT ACTIVITIES,Transportation and Warehousing,Core,"2911 FALLBROOK LN , SAN DIEGO, CA 92117-6770","7111 Mission Gorge Rd, San Diego, California, 92120",100.0,-117.090034418316,32.801497524046
2003000169,M/C CASEWORKS,SOLE,6402 50TH ST ,SAN DIEGO,CA,92120-2710,3379,OTHER FURNITURE RELATED PRODUCT MFG,Manufacturing,Core,"6402 50TH ST , SAN DIEGO, CA 92120-2710","1590 Continental St, San Diego, California, 92154",99.23,-116.987481832964,32.574882461957
2021014873,M:1 AUTO GROUP,SOLE,1590 CONTINENTAL ST 205 ,SAN DIEGO,CA,92154-5731,4211,MOTOR VEHICLE/MOTOR VEHICLE PT & SUPPLY WHSLE,Wholesale Trade,Core,"1590 CONTINENTAL ST 205 , SAN DIEGO, CA 92154-5731","6402 50th St, San Diego, California, 92120",100.0,-117.086038765072,32.789797937865
2025019343,MAAHEEN K MALIK & MUHAMMAD S BALOCH,SOLE,5614 LAURETTA ST 6 ,SAN DIEGO,CA,92110-2446,4922,LOCAL MESSENGERS & LOCAL DELIVERY,Transportation and Warehousing,Core,"5614 LAURETTA ST 6 , SAN DIEGO, CA 92110-2446","5614 Lauretta St, Apartment 6, San Diego, California, 92110",100.0,-117.191710005138,32.767534303836
2010021442,MAC ARTHUR CO,CORP,9040 ACTIVITY RD ,SAN DIEGO,CA,92126-4473,42139,OTHER CONSTRUCTION MATERIAL WHSLE,Wholesale Trade,Core,"9040 ACTIVITY RD , SAN DIEGO, CA 92126-4473","9040 Activity Rd, San Diego, California, 92126",100.0,-117.131545626154,32.896468384609
2003019967,MAC SCULPTURES,CORP,3665 DALBERGIA ST ,SAN DIEGO,CA,92113-3812,42199,OTHER MISCELLANEOUS DURABLE GOODS WHSLE,Wholesale Trade,Core,"3665 DALBERGIA ST , SAN DIEGO, CA 92113-3812","7919 Silverton Ave, Suite 403, San Diego, California, 92126",100.0,-117.151371341735,32.89084743843
2020002406,MACHINE SHOP ROASTING CO,H-W,7919 SILVERTON AVE 403 ,SAN DIEGO,CA,92126-6349,3121,BEVERAGE MFG,Manufacturing,Core,"7919 SILVERTON AVE 403 , SAN DIEGO, CA 92126-6349","3665 Dalbergia St, San Diego, California, 92113",100.0,-117.115151545552,32.68672366286
2026003096,MACK TOWING,LLC,3487 MAIN ST ,CHULA VISTA,CA,91911-5887,4841,GENERAL FREIGHT TRUCKING,Transportation and Warehousing,Core,"3487 MAIN ST , CHULA VISTA, CA 91911-5887","10532 Caminito Baywood, San Diego, California, 92126",100.0,-117.12976271153,32.910544156521
1995001261,MAD COOKIE COMPANY THE,PARTNR,10532 CAMINITO BAYWOOD ,SAN DIEGO,CA,92126-2820,311,FOOD MFG,Manufacturing,Core,"10532 CAMINITO BAYWOOD , SAN DIEGO, CA 92126-2820","3487 Main St, Chula Vista, California, 91911",100.0,-117.058756256969,32.594696987697
2023009824,MAD ENGINE GLOBAL LLC,LLC,8917 KERNS ST ,SAN DIEGO,CA,92154-6225,4931,WAREHOUSING & STORAGE,Transportation and Warehousing,Core,"8917 KERNS ST , SAN DIEGO, CA 92154-6225","8917 Kerns St, San Diego, California, 92154",100.0,-116.951032875549,32.550838385965
2022016844,"MAD ENGINE GLOBAL, LLC",LLC,7757 SAINT ANDREWS AVE ,SAN DIEGO,CA,92154-8223,493,WAREHOUSING & STORAGE,Transportation and Warehousing,Core,"7757 SAINT ANDREWS AVE , SAN DIEGO, CA 92154-8223","7757 Saint Andrews Ave, San Diego, California, 92154",100.0,-116.974018065712,32.565968182201
2025010648,MAD LOUNGE DESIGNS,SOLE,425 S MEADOWBROOK DR 143 ,SAN DIEGO,CA,92114-7764,315299,ALL OTHER CUT & SEW APPAREL MFG,Manufacturing,Core,"425 S MEADOWBROOK DR 143 , SAN DIEGO, CA 92114-7764","2498 Roll Dr, #107, San Diego, California, 92154",100.0,-116.937481014495,32.552897274752
2024000580,MADAMIN,SOLE,3425 HANCOCK ST 10 ,SAN DIEGO,CA,92110-4307,311,FOOD MFG,Manufacturing,Core,"3425 HANCOCK ST 10 , SAN DIEGO, CA 92110-4307","425 S Meadowbrook Dr, Unit 143, San Diego, California, 92114",100.0,-117.026847776504,32.698757728887
2015036462,MAESTRA LINE TRUCKING,SOLE,2498 ROLL DR 107 ,SAN DIEGO,CA,92154-7279,4841,GENERAL FREIGHT TRUCKING,Transportation and Warehousing,Core,"2498 ROLL DR 107 , SAN DIEGO, CA 92154-7279","3425 Hancock St, San Diego, California, 92110",99.41,-117.208203914207,32.756062747331
2004004095,MAGAMI BOOGIE INC,CORP,4219 CORTE DE LA SIENA ,SAN DIEGO,CA,92130-2118,42299,OTHER MISCELLANEOUS NONDURABLE GOODS WHSLE,Wholesale Trade,Core,"4219 CORTE DE LA SIENA , SAN DIEGO, CA 92130-2118","9663 Caminito del Feliz, San Diego, California, 92121",100.0,-117.212382963492,32.881731657722
2003016655,MAGIC FROG DESIGNS,SOLE,9663 CAMINITO DEL FELIZ ,SAN DIEGO,CA,92121-1903,327112,VITREOUS CHINA & OTHER POTTERY PRODUCT MFG,Manufacturing,Core,"9663 CAMINITO DEL FELIZ , SAN DIEGO, CA 92121-1903","4592 Osprey St, San Diego, California, 92107",100.0,-117.253538024264,32.73138927423
1994001208,MAHARAM FABRIC CORP,CORP,4592 OSPREY ST ,SAN DIEGO,CA,92107-4033,42199,OTHER MISCELLANEOUS DURABLE GOODS WHSLE,Wholesale Trade,Core,"4592 OSPREY ST , SAN DIEGO, CA 92107-4033","11459 Cypress Canyon Park Dr, San Diego, California, 92131",100.0,-117.064819474269,32.927092380322
2019010591,MAHI,SOLE,11459 CYPRESS CANYON PARK DR ,SAN DIEGO,CA,92131-3520,315,APPAREL MANUFACTURING,Manufacturing,Core,"11459 CYPRESS CANYON PARK DR , SAN DIEGO, CA 92131-3520","4219 Corte de la Siena, San Diego, California, 92130",100.0,-117.225022370566,32.946831301296
2019012821,MAHMOUD HAJHMAIDI ,SOLE,3129 OLD KETTLE RD ,SAN DIEGO,CA,92111-7709,492,COURIERS & MESSENGERS,Transportation and Warehousing,Core,"3129 OLD KETTLE RD , SAN DIEGO, CA 92111-7709","3129 Old Kettle Rd, San Diego, California, 92111",100.0,-117.177166062024,32.800846711174
2021006788,MAI TIES,SOLE,1673 COOLIDGE ST ,SAN DIEGO,CA,92111-7528,314999,ALL OTHER MISCELLANEOUS TEXTILE PRODUCT MILLS,Manufacturing,Core,"1673 COOLIDGE ST , SAN DIEGO, CA 92111-7528","1673 Coolidge St, San Diego, California, 92111",100.0,-117.170324836471,32.775381022494
2020000382,MAIL EXCHANGE,CORP,4079 GOVERNOR DR ,SAN DIEGO,CA,92122-2522,49111,POSTAL SERVICE,Transportation and Warehousing,Core,"4079 GOVERNOR DR , SAN DIEGO, CA 92122-2522","4079 Governor Dr, San Diego, California, 92122",100.0,-117.202375725472,32.85457542299
2006007398,MAIN STREET MATERIAL INC,CORP,27312 CALLE ARROYO B ,SAN JUAN CAPO,CA,92675-6708,42199,OTHER MISCELLANEOUS DURABLE GOODS WHSLE,Wholesale Trade,Core,"27312 CALLE ARROYO B , SAN JUAN CAPO, CA 92675-6708","27312 Calle Arroyo, Suite B, San Juan Capistrano, California, 92675",100.0,-117.653154981161,33.500838598004
2022005306,MAINSTAY MEDICAL,CORP,2159 INDIA ST 200 ,SAN DIEGO,CA,92101-1766,339,MISCELLANEOUS MFG,Manufacturing,Core,"2159 INDIA ST 200 , SAN DIEGO, CA 92101-1766","13575 Gregg St, Poway, California, 92064",100.0,-117.036920896283,32.936592303652
1980064744,MAINTEX INC,CORP,13575 GREGG ST ,POWAY,CA,92064-7136,42199,OTHER MISCELLANEOUS DURABLE GOODS WHSLE,Wholesale Trade,Core,"13575 GREGG ST , POWAY, CA 92064-7136","2159 India St, Suite 200, San Diego, California, 92101",100.0,-117.169683285602,32.727026577446
2025018963,MAKSIM SHCHUKIN & EKATERINA SHCHUKINA,H-W,6250 HOLABIRD ST 40 ,SAN DIEGO,CA,92120-3527,48412,"GENERAL FREIGHT TRUCKING, LONG-DISTANCE",Transportation and Warehousing,Core,"6250 HOLABIRD ST 40 , SAN DIEGO, CA 92120-3527","6250 Holabird St, Apartment 40, San Diego, California, 92120",100.0,-117.095826397229,32.78831807095
2012026348,MALLORY SAFETY SUPPLY LLC,LLC,7345 MISSION GORGE RD K ,SAN DIEGO,CA,92120-1268,42199,OTHER MISCELLANEOUS DURABLE GOODS WHSLE,Wholesale Trade,Core,"7345 MISSION GORGE RD K , SAN DIEGO, CA 92120-1268","3142 Midway Dr, Unit B 311, San Diego, California, 92110",100.0,-117.207455326434,32.750373111456
2021011629,MAMMOTH ENVIRONMENTAL LLC,LLC,12160 HIGHWAY 67 ,LAKESIDE,CA,92040-1104,484,TRUCK TRANSPORTATION,Transportation and Warehousing,Core,"12160 HIGHWAY 67 , LAKESIDE, CA 92040-1104","12160 Highway 67, Lakeside, California, 92040",100.0,-116.936312996287,32.900064849714
2025009217,MAN OF THE SEA YACHT SERVICES,LLC,3142 MIDWAY DR B311 ,SAN DIEGO,CA,92110-4538,483,WATER TRANSPORTATION,Transportation and Warehousing,Core,"3142 MIDWAY DR B311 , SAN DIEGO, CA 92110-4538","7345 Mission Gorge Rd, Suite K, San Diego, California, 92120",100.0,-117.085816812276,32.803516221607
2009037967,MANA PRODUCE,SOLE,2646 MELROSE ST ,NATIONAL CITY,CA,91950-2038,42248,FRESH FRUIT & VEGETABLE WHSLE,Wholesale Trade,Core,"2646 MELROSE ST , NATIONAL CITY, CA 91950-2038","2646 Melrose St, National City, California, 91950",100.0,-117.081850160417,32.689626693115
2021009930,MANAGED MOBILE INC,SCORP,7485 TRADE ST B ,SAN DIEGO,CA,92121-3436,4884,ROAD TRANSPORTATION SUPPORT ACTIVITIES,Transportation and Warehousing,Core,"7485 TRADE ST B , SAN DIEGO, CA 92121-3436","5820 Amaro Dr, San Diego, California, 92124",100.0,-117.103786439218,32.838377646561
2002006174,MANDALA ART PLATES,SOLE,5820 AMARO DR ,SAN DIEGO,CA,92124-1002,421,"WHOLESALE TRADE, DURABLE GOODS",Wholesale Trade,Core,"5820 AMARO DR , SAN DIEGO, CA 92124-1002","7572 Winterwood Ln, San Diego, California, 92126",100.0,-117.158801228348,32.914284496994
2021004765,MANDALA TOUCH,SOLE,7572 WINTERWOOD LN ,SAN DIEGO,CA,92126-2525,3399,OTHER MISCELLANEOUS MFG,Manufacturing,Core,"7572 WINTERWOOD LN , SAN DIEGO, CA 92126-2525","7485 Trade St, Suite B, San Diego, California, 92121",100.0,-117.160642564837,32.888667305414
2026002619,MANGO TAMBO SAN DIEGO CALIFORNIA INC,SCORP,3578 PLUMBAGO LN ,SAN DIEGO,CA,92154-2348,4225,FARM PRODUCT RAW MATERIAL WHSLE,Wholesale Trade,Core,"3578 PLUMBAGO LN , SAN DIEGO, CA 92154-2348","3578 Plumbago Ln, San Diego, California, 92154",100.0,-117.05602409181,32.579779505068
2015011455,MANUEL URENA TRUCKING INC,CORP,5350 REX AVE 7 ,SAN DIEGO,CA,92105-3277,484,TRUCK TRANSPORTATION,Transportation and Warehousing,Core,"5350 REX AVE 7 , SAN DIEGO, CA 92105-3277","5350 Rex Ave, Apartment 7, San Diego, California, 92105",100.0,-117.080286097285,32.748206682852
1984017470,MANUELS PRODUCE,SOLE,2001 MAIN ST ,SAN DIEGO,CA,92113-2216,422,"WHOLESALE TRADE, NONDURABLE GOODS",Wholesale Trade,Core,"2001 MAIN ST , SAN DIEGO, CA 92113-2216","1615 La Mirada Dr, San Marcos, California, 92078",100.0,-117.200248314627,33.142566593896
2020000082,MAP TRUCKING INC,CORP,3676 CLAVELITA ST ,SAN DIEGO,CA,92154-3617,4841,GENERAL FREIGHT TRUCKING,Transportation and Warehousing,Core,"3676 CLAVELITA ST , SAN DIEGO, CA 92154-3617","2001 Main St, San Diego, California, 92113",100.0,-117.089757731692,32.594913911351
2009001147,MAR-CON PRODUCTS INC,SCORP,1615 LA MIRADA DR ,SAN MARCOS,CA,92078-2417,42139,OTHER CONSTRUCTION MATERIAL WHSLE,Wholesale Trade,Core,"1615 LA MIRADA DR , SAN MARCOS, CA 92078-2417","3676 Clavelita St, San Diego, California, 92154",100.0,-117.056591714293,32.569607269284
2023001903,MARAHS SWEETS,SOLE,9870 PASEO MONTALBAN ,SAN DIEGO,CA,92129-2751,311811,RETAIL BAKERIES,Manufacturing,Core,"9870 PASEO MONTALBAN , SAN DIEGO, CA 92129-2751","9870 Paseo Montalban, San Diego, California, 92129",100.0,-117.116381673662,32.962967889832
2015039316,MARBLE EXPRESS,CORP,8485 PRODUCTION AVE ,SAN DIEGO,CA,92121-2202,42139,OTHER CONSTRUCTION MATERIAL WHSLE,Wholesale Trade,Core,"8485 PRODUCTION AVE , SAN DIEGO, CA 92121-2202","2784 Chatsworth Blvd, San Diego, California, 92106",100.0,-117.218333947108,32.743990795102
2009020644,MARBLE TROPHIES OF SD,SOLE,1435 NEW CHATEL DR ,SAN DIEGO,CA,92154-2938,4219,MISCELLANEOUS DURABLE GOODS WHSLE,Wholesale Trade,Core,"1435 NEW CHATEL DR , SAN DIEGO, CA 92154-2938","8485 Production Ave, San Diego, California, 92121",100.0,-117.165714370629,32.880704832673
2024013071,MARCO SIMMS,SOLE,2784 CHATSWORTH BLVD ,SAN DIEGO,CA,92106-1460,32711,"POTTERY, CERAMICS & PLUMBING FIXTURE MFG",Manufacturing,Core,"2784 CHATSWORTH BLVD , SAN DIEGO, CA 92106-1460","6191 Camino Maquiladora, San Diego, California, 92154",100.0,-116.996762885979,32.566665719333
2013047182,MARCOS SANDOVAL,SOLE,6191 CAMINO MAQUILADORA ,SAN DIEGO,CA,92154,49319,OTHER WAREHOUSING & STORAGE,Transportation and Warehousing,Core,"6191 CAMINO MAQUILADORA , SAN DIEGO, CA 92154","1435 New Chatel Dr, San Diego, California, 92154",100.0,-117.089199999855,32.570827632477
1995005270,MARIANNE NAKAMURA,SOLE,7384 FAY AVE ,LA JOLLA,CA,92037-5038,421,"WHOLESALE TRADE, DURABLE GOODS",Wholesale Trade,Core,"7384 FAY AVE , LA JOLLA, CA 92037-5038","7384 Fay Ave, La Jolla, California, 92037",100.0,-117.273262486455,32.838677886333
2017007304,MARINE & INDUSTRIAL EQUIPMENT EXPORTS INC,CORP,1437 LA MEDIA RD ,SAN DIEGO,CA,92154-7812,422,"WHOLESALE TRADE, NONDURABLE GOODS",Wholesale Trade,Core,"1437 LA MEDIA RD , SAN DIEGO, CA 92154-7812","300 Alameda Blvd, Coronado, California, 92118",100.0,-117.183019907768,32.699632106071
2014028681,MARINE TERMINALS CORPORATION,CORP,10TH AVENUE MARINE TERMINAL ,SAN DIEGO,CA,92021,48832,MARINE CARGO HANDLING,Transportation and Warehousing,Core,"10TH AVENUE MARINE TERMINAL , SAN DIEGO, CA 92021","1437 La Media Rd, San Diego, California, 92154",100.0,-116.962256579177,32.570035207351
2025002868,MARINE TERMINALS CORPORATION,CORP,300 ALAMEDA BLVD ,CORONADO,CA,92118,48832,MARINE CARGO HANDLING,Transportation and Warehousing,Core,"300 ALAMEDA BLVD , CORONADO, CA 92118","7515 Fay Ave, La Jolla, California, 92037",100.0,-117.273838239384,32.840592941661
2015051104,MARIO GAMEZ TRUCKING,SOLE,3221 BANCROFT DR 27 ,SPRING VALLEY,CA,91977-2616,48411,"GENERAL FREIGHT TRUCKING, LOCAL",Transportation and Warehousing,Core,"3221 BANCROFT DR 27 , SPRING VALLEY, CA 91977-2616","3221 Bancroft Dr, Space 27, Spring Valley, California, 91977",100.0,-117.004403135276,32.741092249165
2025018929,MARIO J YBAY JR ,SOLE,2190 GILL VILLAGE WAY 1409 ,SAN DIEGO,CA,92108-5535,48412,"GENERAL FREIGHT TRUCKING, LONG-DISTANCE",Transportation and Warehousing,Core,"2190 GILL VILLAGE WAY 1409 , SAN DIEGO, CA 92108-5535","2190 Gill Village Way, #1409, San Diego, California, 92108",100.0,-117.148097202716,32.774136016506
1990012500,MARIO MASTER JEWELER AND DESIGNER,SOLE,7515 FAY AVE ,LA JOLLA,CA,92037-4840,421,"WHOLESALE TRADE, DURABLE GOODS",Wholesale Trade,Core,"7515 FAY AVE , LA JOLLA, CA 92037-4840","4653 Southampton St, San Diego, California, 92117",100.0,-117.183732780248,32.828876340216
2017002216,MARITIME PUBS LLC,LLC,4653 SOUTHAMPTON ST ,SAN DIEGO,CA,92117-4035,421,"WHOLESALE TRADE, DURABLE GOODS",Wholesale Trade,Core,"4653 SOUTHAMPTON ST , SAN DIEGO, CA 92117-4035","9549 Paseo Temporada, San Diego, California, 92129",100.0,-117.119813057184,32.962138123327
1997008539,MARJORIE TAYLOR,SOLE,2852 LANDIS ST ,SAN DIEGO,CA,92104-3537,421,"WHOLESALE TRADE, DURABLE GOODS",Wholesale Trade,Core,"2852 LANDIS ST , SAN DIEGO, CA 92104-3537","2852 Landis St, San Diego, California, 92104",100.0,-117.132322796216,32.745285715324
2025002106,MARKETTA BROWN GENEUS,SOLE,1202 ARMACOST RD ,SAN DIEGO,CA,92114-3307,488,TRANSPORTATION SUPPORT ACTIVITIES,Transportation and Warehousing,Core,"1202 ARMACOST RD , SAN DIEGO, CA 92114-3307","7992 Miramar Rd, San Diego, California, 92126",100.0,-117.147917997627,32.886856856238
2003017947,MARMOL EXPORT,LLC,7992 MIRAMAR RD ,SAN DIEGO,CA,92126-4212,42139,OTHER CONSTRUCTION MATERIAL WHSLE,Wholesale Trade,Core,"7992 MIRAMAR RD , SAN DIEGO, CA 92126-4212","1202 Armacost Rd, San Diego, California, 92114",100.0,-117.038304413221,32.718740898519
2019006055,MARQUEZ BROTHERS ENTERPRISES INC,CORP,9925 AIRWAY RD ,SAN DIEGO,CA,92154-7932,422,"WHOLESALE TRADE, NONDURABLE GOODS",Wholesale Trade,Core,"9925 AIRWAY RD , SAN DIEGO, CA 92154-7932","6426 Skyline Dr, San Diego, California, 92114",100.0,-117.059727384271,32.701344761393
2024012956,MARRS SOLUTIONS CORP,CORP,6426 SKYLINE DR ,SAN DIEGO,CA,92114-5618,339,MISCELLANEOUS MFG,Manufacturing,Core,"6426 SKYLINE DR , SAN DIEGO, CA 92114-5618","8423 Production Ave, San Diego, California, 92121",100.0,-117.165476073122,32.880007793605
1985007153,MARSHALL'S INDUSTRIAL HARDWARE INC,CORP,8423 PRODUCTION AVE ,SAN DIEGO,CA,92121-2202,4217,"HARDWARE, & PLUMB & HEATING EQUIP & SUP WHSLE",Wholesale Trade,Core,"8423 PRODUCTION AVE , SAN DIEGO, CA 92121-2202","7117 Enrico Fermi Pl, San Diego, California, 92154",100.0,-116.925940642565,32.558401335291
2013066531,MARTEN TRANSPORT LTD,CORP,7117 ENRICO FERMI PL ,SAN DIEGO,CA,92154-7002,488999,ALL OTHER TRANSPORTATION SUPPORT ACTIVITIES,Transportation and Warehousing,Core,"7117 ENRICO FERMI PL , SAN DIEGO, CA 92154-7002","9925 Airway Rd, San Diego, California, 92154",100.0,-116.9331988678,32.560038111433
2022003588,MARTHA L GARAY HANDCRAFT JEWELRY & ACCESSORIES,SOLE,3526 FAIRMOUNT AVE 106 ,SAN DIEGO,CA,92105-3492,339914,COSTUME JEWELRY & NOVELTY MFG,Manufacturing,Core,"3526 FAIRMOUNT AVE 106 , SAN DIEGO, CA 92105-3492","6403 Salizar Ct, San Diego, California, 92111",100.0,-117.174946953158,32.813737114339
2001005461,MARTIN & ASSOCIATES INTERNATIONAL,SOLE,6403 SALIZAR CT ,SAN DIEGO,CA,92111-3245,4219,MISCELLANEOUS DURABLE GOODS WHSLE,Wholesale Trade,Core,"6403 SALIZAR CT , SAN DIEGO, CA 92111-3245","3526 Fairmount Ave, Apartment 106, San Diego, California, 92105",100.0,-117.101015884942,32.742624419156
2019019195,MARTIN AUTO COLOR,CORP,4847 MERCURY ST D ,SAN DIEGO,CA,92111-2104,42199,OTHER MISCELLANEOUS DURABLE GOODS WHSLE,Wholesale Trade,Core,"4847 MERCURY ST D , SAN DIEGO, CA 92111-2104","12335 Blanton Ln, San Diego, California, 92128",100.0,-117.074553546065,32.942974955283
1991008162,MARTIN ENGINEERING,SOLE,12335 BLANTON LN ,SAN DIEGO,CA,92128,3327,"MACH SHOPS, TURN PROD, SCREW, NUT, BOLT MFG",Manufacturing,Core,"12335 BLANTON LN , SAN DIEGO, CA 92128","2345 Britannia Blvd, San Diego, California, 92154",100.0,-116.979737289706,32.556196140384
1997001246,MARTIN FURNITURE,CORP,2345 BRITANNIA BLVD ,SAN DIEGO,CA,92154-8313,337,FURNITURE & RELATED PRODUCT MFG,Manufacturing,Core,"2345 BRITANNIA BLVD , SAN DIEGO, CA 92154-8313","4847 Mercury St, San Diego, California, 92111",99.7,-117.148830703063,32.830056554093
2023013268,MARTIN MARIETTA SAN DIEGO AGGREGATES LLC,LLC,4123 PARKLAKE AVE ,RALEIGH,NC,27612-2309,3273,CEMENT & CONCRETE PRODUCT MFG,Manufacturing,Core,"4123 PARKLAKE AVE , RALEIGH, NC 27612-2309","6580 Bisby Lake Ave, San Diego, California, 92119",100.0,-117.01377720433,32.802418527567
2025018900,MARTIN ZAZUETA ABREGO ,SOLE,9750 VIA DE LA AMISTAD 6BD ,SAN DIEGO,CA,92154-7935,48411,"GENERAL FREIGHT TRUCKING, LOCAL",Transportation and Warehousing,Core,"9750 VIA DE LA AMISTAD 6BD , SAN DIEGO, CA 92154-7935","4123 Parklake Ave, Raleigh, North Carolina, 27612",100.0,-78.689398457617,35.833648441282
2012018535,MARTINS AERO SERVICE,H-W,6580 BISBY LAKE AVE ,SAN DIEGO,CA,92119-2647,48819,OTHER AIR TRANSPORTATION SUPPORT ACTIVITIES,Transportation and Warehousing,Core,"6580 BISBY LAKE AVE , SAN DIEGO, CA 92119-2647","9750 Via de la Amistad, Suite 6BD, San Diego, California, 92154",100.0,-116.935039952833,32.552895849828
2004011099,MARUMOTO COURIER SERVICE,SOLE,4268 POWDERHORN DR ,SAN DIEGO,CA,92154-1719,49211,COURIERS,Transportation and Warehousing,Core,"4268 POWDERHORN DR , SAN DIEGO, CA 92154-1719","4268 Powderhorn Dr, San Diego, California, 92154",100.0,-117.041226679944,32.585259006631
1991006245,MARYANNE IBARRA,SOLE,4389 MOUNT JEFFERS AVE ,SAN DIEGO,CA,92117-4740,422,"WHOLESALE TRADE, NONDURABLE GOODS",Wholesale Trade,Core,"4389 MOUNT JEFFERS AVE , SAN DIEGO, CA 92117-4740","4389 Mount Jeffers Ave, San Diego, California, 92117",100.0,-117.193097964485,32.820723011541
1988005780,MASSEY'S CARPET & DRAPERY OF SAN DIEGO,SOLE,4839 60TH ST ,SAN DIEGO,CA,92115-3804,422,"WHOLESALE TRADE, NONDURABLE GOODS",Wholesale Trade,Core,"4839 60TH ST , SAN DIEGO, CA 92115-3804","4839 60th St, San Diego, California, 92115",100.0,-117.069425162426,32.765382585472
2005005504,MAST BIOSURGERY INC,CORP,6749 TOP GUN ST C ,SAN DIEGO,CA,92121-4151,339112,SURGICAL & MEDICAL INSTRUMENT MFG,Manufacturing,Core,"6749 TOP GUN ST C , SAN DIEGO, CA 92121-4151","6749 Top Gun St, Suite C, San Diego, California, 92121",100.0,-117.17416249084,32.909134404226
2016013596,MASTERSTOUCH BRAND LLC,CORP,8151 AIRWAY RD 100 ,SAN DIEGO,CA,92154-6271,4224,GROCERY & RELATED PRODUCT WHSLE,Wholesale Trade,Core,"8151 AIRWAY RD 100 , SAN DIEGO, CA 92154-6271","8151 Airway Rd, San Diego, California, 92154",99.12,-116.967511948649,32.560602087788
2009010294,MATERIAL SOLUTION INC,CORP,7880 AIRWAY RD B6F ,SAN DIEGO,CA,92154-8308,488999,ALL OTHER TRANSPORTATION SUPPORT ACTIVITIES,Transportation and Warehousing,Core,"7880 AIRWAY RD B6F , SAN DIEGO, CA 92154-8308","7880 Airway Rd, Suite B6F, San Diego, California, 92154",100.0,-116.970090389703,32.560655019507
2018018447,MATHESON TRI GAS INC,CORP,3 MOUNTAINVIEW RD ,WARREN,NJ,07059-6704,32512,INDUSTRIAL GAS MFG,Manufacturing,Core,"3 MOUNTAINVIEW RD , WARREN, NJ 07059-6704","3 Mountainview Rd, Warren, New Jersey, 07059",100.0,-74.574027161381,40.644392944241
2025009889,MATRIGEN,LLC,861 06TH AVE 822 ,SAN DIEGO,CA,92101-6318,325414,BIOLOGICAL PRODUCT (EXC DIAGNOSTIC) MFG,Manufacturing,Core,"861 06TH AVE 822 , SAN DIEGO, CA 92101-6318","10434 Camino San Thomas, San Diego, California, 92127",100.0,-117.112410327938,33.023734592378
2023001093,MATRIX FREIGHT SYSTEMS LLC,LLC,10434 CAMINO SAN THOMAS ,SAN DIEGO,CA,92127-2883,4885,FREIGHT TRANSPORTATION ARRANGEMENT,Transportation and Warehousing,Core,"10434 CAMINO SAN THOMAS , SAN DIEGO, CA 92127-2883","3245 Carnell Ave, San Diego, California, 92154",100.0,-117.063877851266,32.57218822491
2025018853,MATTHEW ALE WEINBERGER ,SOLE,3245 CARNELL AVE ,SAN DIEGO,CA,92154-3441,48411,"GENERAL FREIGHT TRUCKING, LOCAL",Transportation and Warehousing,Core,"3245 CARNELL AVE , SAN DIEGO, CA 92154-3441","10031 Marconi Dr, Suite 8, San Diego, California, 92154",100.0,-116.9293742892,32.554248982367
2024008811,MAULEON LOGISTICS LLC,LLC,10031 MARCONI DR 8 ,SAN DIEGO,CA,92154-5206,49311,GENERAL WAREHOUSING & STORAGE,Transportation and Warehousing,Core,"10031 MARCONI DR 8 , SAN DIEGO, CA 92154-5206","92101-6318, San Diego, California",86.5,-117.159229040686,32.714230009687
1984005216,MAUREEN CECCARELLI UNLIMITED/STUDIO MAUREEN,SOLE,3254 CEDAR ST ,SAN DIEGO,CA,92102-1640,339999,ALL OTHER MISCELLANEOUS MFG,Manufacturing,Core,"3254 CEDAR ST , SAN DIEGO, CA 92102-1640","12220 World Trade Dr, Suite 100, San Diego, California, 92128",100.0,-117.073905373492,32.986335923423
2021002678,MAXWELL BIOMEDICAL,SOLE,12220 WORLD TRADE DR 100 ,SAN DIEGO,CA,92128-3900,33911,MEDICAL EQUIPMENT & SUPPLIES MFG,Manufacturing,Core,"12220 WORLD TRADE DR 100 , SAN DIEGO, CA 92128-3900","3254 Cedar St, San Diego, California, 92102",100.0,-117.124352863582,32.722371184604
2020011621,MAY SUSHI,SCORP,4119 WINONA AVE A ,SAN DIEGO,CA,92105-2166,31199,ALL OTHER FOOD MFG,Manufacturing,Core,"4119 WINONA AVE A , SAN DIEGO, CA 92105-2166","4119 Winona Ave, Apartment A, San Diego, California, 92105",100.0,-117.087953694671,32.751727459371
2017008173,MAYA'S COOKIES INC,SCORP,11447 HEARTWOOD WAY ,SAN DIEGO,CA,92131-2903,3118,BAKERIES & TORTILLA MFG,Manufacturing,Core,"11447 HEARTWOOD WAY , SAN DIEGO, CA 92131-2903","6175 Progressive Ave, Suite 300, San Diego, California, 92154",100.0,-117.0024878704,32.571016225298
2023001042,MAZMEX EL FARO SEAFOOD INC,CORP,6175 PROGRESSIVE AVE 300 ,SAN DIEGO,CA,92154-6646,42246,FISH & SEAFOOD WHSLE,Wholesale Trade,Core,"6175 PROGRESSIVE AVE 300 , SAN DIEGO, CA 92154-6646","11447 Heartwood Way, San Diego, California, 92131",100.0,-117.100008715456,32.92558363775
2005011895,MB WOODWORKS,SOLE,11409 WILD MEADOW PL ,SAN DIEGO,CA,92131-4227,321,WOOD PRODUCT MFG,Manufacturing,Core,"11409 WILD MEADOW PL , SAN DIEGO, CA 92131-4227","11409 Wild Meadow Pl, San Diego, California, 92131",100.0,-117.051489566011,32.923730315139
2014002155,MC AMERICA TRANSPORT LLC,LLC,1477 RADAR RD ,SAN DIEGO,CA,92154-7813,488,TRANSPORTATION SUPPORT ACTIVITIES,Transportation and Warehousing,Core,"1477 RADAR RD , SAN DIEGO, CA 92154-7813","1477 Radar Rd, San Diego, California, 92154",100.0,-116.960052473917,32.570213197065
2020009584,MC ELECTRONICS WIRELESS,SOLE,4228 UNIVERSITY AVE ,SAN DIEGO,CA,92105-1503,334,COMPUTER & ELECTRONIC PRODUCT MFG,Manufacturing,Core,"4228 UNIVERSITY AVE , SAN DIEGO, CA 92105-1503","4228 University Ave, San Diego, California, 92105",100.0,-117.103709577165,32.749669031589
2007000692,MC EXPRESS TRUCKING LLC,LLC,1477 RADAR RD ,SAN DIEGO,CA,92154-7813,48411,"GENERAL FREIGHT TRUCKING, LOCAL",Transportation and Warehousing,Core,"1477 RADAR RD , SAN DIEGO, CA 92154-7813","1477 Radar Rd, San Diego, California, 92154",100.0,-116.960052473917,32.570213197065
2019020872,MC SOLUTIONS INC,SCORP,3065 BEYER BLVD B101 ,SAN DIEGO,CA,92154-3499,421,"WHOLESALE TRADE, DURABLE GOODS",Wholesale Trade,Core,"3065 BEYER BLVD B101 , SAN DIEGO, CA 92154-3499","5570 San Onofre Ter, San Diego, California, 92114",100.0,-117.07660300521,32.70038239318
2022003495,MC WAREHOUSE & LOGISTICS LLC,LLC,7707 PASEO DE LA FUENTE ,SAN DIEGO,CA,92154-5725,4931,WAREHOUSING & STORAGE,Transportation and Warehousing,Core,"7707 PASEO DE LA FUENTE , SAN DIEGO, CA 92154-5725","17611 Armstrong Ave, Irvine, California, 92614",100.0,-117.850579059613,33.689785722499
2023010079,MCH TRUCKING INC,SCORP,5570 SAN ONOFRE TER ,SAN DIEGO,CA,92114-5433,488,TRANSPORTATION SUPPORT ACTIVITIES,Transportation and Warehousing,Core,"5570 SAN ONOFRE TER , SAN DIEGO, CA 92114-5433","1911 Euclid Ave, El Cajon, California, 92019",100.0,-116.912267243914,32.794301031527
1974006879,MCKINLEY EQUIPMENT CORPORATION,CORP,17611 ARMSTRONG AVE ,IRVINE,CA,92614-5727,3327,"MACH SHOPS, TURN PROD, SCREW, NUT, BOLT MFG",Manufacturing,Core,"17611 ARMSTRONG AVE , IRVINE, CA 92614-5727","7707 Paseo de la Fuente, San Diego, California, 92154",100.0,-116.911578502931,32.56365603421
2020005829,MCLEOD TRUCKING LLC,LLC,1911 EUCLID AVE ,EL CAJON,CA,92019-2054,48411,"GENERAL FREIGHT TRUCKING, LOCAL",Transportation and Warehousing,Core,"1911 EUCLID AVE , EL CAJON, CA 92019-2054","1880 Nirvana Ave, Chula Vista, California, 91911",100.0,-117.01530078287,32.594246292764
2003014212,MCMAHON STEEL COMPANY INC,SCORP,1880 NIRVANA AVE ,CHULA VISTA,CA,91911-6118,33121,IRON/STEEL PIPE & TUBE MFG FROM PURCH STEEL,Manufacturing,Core,"1880 NIRVANA AVE , CHULA VISTA, CA 91911-6118","3065 Beyer Blvd, Suite 101, San Diego, California, 92154",98.94,-117.065168329079,32.571799178874
2020004678,MCPFT SHELTER OFFICE INC,CORP,2455 OTAY CENTER DR 117-42 ,SAN DIEGO,CA,92154-7629,4229,MISCELLANEOUS NONDURABLE GOODS WHSLE,Wholesale Trade,Core,"2455 OTAY CENTER DR 117-42 , SAN DIEGO, CA 92154-7629","4230 Beyer Blvd, San Ysidro, California, 92173",100.0,-117.043802941704,32.558286000303
1999006813,MCSWIM BAITS,SOLE,205 HOLLY RD ,EL CAJON,CA,92021-4023,421,"WHOLESALE TRADE, DURABLE GOODS",Wholesale Trade,Core,"205 HOLLY RD , EL CAJON, CA 92021-4023","2972 Clay Ave, San Diego, California, 92113",100.0,-117.130205443655,32.703295062624
1999012102,MD CARPETS,CORP,4230 BEYER BLVD ,SAN YSIDRO,CA,92173-2136,42199,OTHER MISCELLANEOUS DURABLE GOODS WHSLE,Wholesale Trade,Core,"4230 BEYER BLVD , SAN YSIDRO, CA 92173-2136","205 Holly Rd, El Cajon, California, 92021",100.0,-116.866177924381,32.808607473415
2025017831,MD LOGISTICS,SOLE,2972 CLAY AVE ,SAN DIEGO,CA,92113-1325,488,TRANSPORTATION SUPPORT ACTIVITIES,Transportation and Warehousing,Core,"2972 CLAY AVE , SAN DIEGO, CA 92113-1325","685 E Edna Pl, Covina, California, 91723",100.0,-117.877186405415,34.09305978757
2024009678,MD STEEL INC,CORP,685 E EDNA PL ,COVINA,CA,91723-1314,3332,INDUSTRIAL MACHINERY MFG,Manufacturing,Core,"685 E EDNA PL , COVINA, CA 91723-1314","2455 Otay Center Dr, Suite 117, San Diego, California, 92154",100.0,-116.942697827212,32.555020327007
2017012148,MDS CONVERTING INC,CORP,9654 SIEMPRE VIVA RD 5 ,SAN DIEGO,CA,92154-7295,32552,ADHESIVE MFG,Manufacturing,Core,"9654 SIEMPRE VIVA RD 5 , SAN DIEGO, CA 92154-7295","5223 Van Gogh Ln, Bonita, California, 91902",100.0,-117.026627500088,32.681804198158
2011001921,MECHANICAL CONSULTING & SUPPLY,SOLE,5223 VAN GOGH LN ,BONITA,CA,91902-1912,42173,WARM AIR HEATING & AC EQUIP & SUPPLIES WHSLE,Wholesale Trade,Core,"5223 VAN GOGH LN , BONITA, CA 91902-1912","2631 Ariane Dr, San Diego, California, 92117",100.0,-117.229665676479,32.826774616626
1997003847,MED SYSTEMS,CORP,2631 ARIANE DR ,SAN DIEGO,CA,92117-3422,33911,MEDICAL EQUIPMENT & SUPPLIES MFG,Manufacturing,Core,"2631 ARIANE DR , SAN DIEGO, CA 92117-3422","16760 W Bernardo Dr, San Diego, California, 92127",100.0,-117.082204631102,33.017298296568
1999010863,MED WAVES INC,CORP,16760 W BERNARDO DR ,SAN DIEGO,CA,92127-1904,33911,MEDICAL EQUIPMENT & SUPPLIES MFG,Manufacturing,Core,"16760 W BERNARDO DR , SAN DIEGO, CA 92127-1904","9654 Siempre Viva Rd, Suite 5, San Diego, California, 92154",100.0,-116.937094022025,32.556845360695
2012011158,MEDCLINE,CORP,3525 DEL MAR HEIGHTS RD 397 ,SAN DIEGO,CA,92130-2199,3399,OTHER MISCELLANEOUS MFG,Manufacturing,Core,"3525 DEL MAR HEIGHTS RD 397 , SAN DIEGO, CA 92130-2199","12205 World Trade Dr, San Diego, California, 92128",100.0,-117.073841419571,32.985752459143
2015029800,MEDIA BROADCAST EQUIPMENT LLC,LLC,3065 BEYER BLVD B103 ,SAN DIEGO,CA,92154-3499,4218,"MACHINERY, EQUIPMENT & SUPPLIES WHSLE",Wholesale Trade,Core,"3065 BEYER BLVD B103 , SAN DIEGO, CA 92154-3499","3525 Del Mar Heights Rd, Suite 397, San Diego, California, 92130",100.0,-117.230949884854,32.954947120954
2024010511,MEDICAL DEVICE COMPONENTS LLC,LLC,12205 WORLD TRADE DR ,SAN DIEGO,CA,92128-3766,332721,PRECISION TURNED PRODUCT MFG,Manufacturing,Core,"12205 WORLD TRADE DR , SAN DIEGO, CA 92128-3766","5448 Bayview Heights Pl, Apartment 2, San Diego, California, 92105",100.0,-117.078658666964,32.724494236859
2025015260,MEDRUN DELIVERY,SOLE,5448 BAYVIEW HEIGHTS PL 2 ,SAN DIEGO,CA,92105-5822,4921,COURIERS,Transportation and Warehousing,Core,"5448 BAYVIEW HEIGHTS PL 2 , SAN DIEGO, CA 92105-5822","11026 Via Temprano, San Diego, California, 92124",100.0,-117.085638361557,32.820245620245
1980060746,MEDTRON,SOLE,11026 VIA TEMPRANO ,SAN DIEGO,CA,92124,334,COMPUTER & ELECTRONIC PRODUCT MFG,Manufacturing,Core,"11026 VIA TEMPRANO , SAN DIEGO, CA 92124","3065 Beyer Blvd, Suite 103, San Diego, California, 92154",98.94,-117.065326998506,32.572089737548
2021014147,MEGAFORCE INTERNATIONAL CORPORATION,CORP,5850 OBERLIN DR 240 ,SAN DIEGO,CA,92121-4711,4219,MISCELLANEOUS DURABLE GOODS WHSLE,Wholesale Trade,Core,"5850 OBERLIN DR 240 , SAN DIEGO, CA 92121-4711","5850 Oberlin Dr, Suite 240, San Diego, California, 92121",100.0,-117.192950023894,32.894635723389
2016006443,MEGLA MANUFACTURING INC,CORP,2105 CLEVELAND AVE ,NATIONAL CITY,CA,91950-6409,332,FABRICATED METAL PRODUCT MFG,Manufacturing,Core,"2105 CLEVELAND AVE , NATIONAL CITY, CA 91950-6409","1607 Mission Cliff Dr, San Diego, California, 92116",100.0,-117.148331017132,32.762616031702
2025009653,MEI LEI DESIGNS,SOLE,211 CHULA VISTA ST ,CHULA VISTA,CA,91910-1824,339,MISCELLANEOUS MFG,Manufacturing,Core,"211 CHULA VISTA ST , CHULA VISTA, CA 91910-1824","2105 Cleveland Ave, National City, California, 91950",100.0,-117.110694217081,32.662225413445
1987006565,MEL MCKAYLIN DESIGNS,SOLE,1607 MISSION CLIFF DR ,SAN DIEGO,CA,92116-1231,421,"WHOLESALE TRADE, DURABLE GOODS",Wholesale Trade,Core,"1607 MISSION CLIFF DR , SAN DIEGO, CA 92116-1231","1860 Cabrena St, San Diego, California, 92154",100.0,-117.08272858387,32.562098467053
2021006048,MELLOW MOON,SOLE,1860 CABRENA ST ,SAN DIEGO,CA,92154-4211,339999,ALL OTHER MISCELLANEOUS MFG,Manufacturing,Core,"1860 CABRENA ST , SAN DIEGO, CA 92154-4211","211 Chula Vista St, Chula Vista, California, 91910",100.0,-117.079604564737,32.65052612063
2025020358,MELOMELO SAN DIEGO INC,SCORP,12925 EL CAMINO REAL AA3 ,SAN DIEGO,CA,92130-1891,31199,ALL OTHER FOOD MFG,Manufacturing,Core,"12925 EL CAMINO REAL AA3 , SAN DIEGO, CA 92130-1891","6935 Camino Maquiladora, Suite B, San Diego, California, 92154",100.0,-116.99132149899,32.566854694191
2020013708,MENDEOLA TRANSAXLES INC,SCORP,6935 CAMINO MAQUILADORA B ,SAN DIEGO,CA,92154-7505,33511,ELECTRIC LAMP BULB & PART MFG,Manufacturing,Core,"6935 CAMINO MAQUILADORA B , SAN DIEGO, CA 92154-7505","12925 El Camino Real, San Diego, California, 92130",99.23,-117.233831247889,32.952334230278
2023006474,MENDOZA TRUCKLINE,SOLE,450 FLOWER ST A ,CHULA VISTA,CA,91910-2499,484,TRUCK TRANSPORTATION,Transportation and Warehousing,Core,"450 FLOWER ST A , CHULA VISTA, CA 91910-2499","450 Flower St, Apartment A, Chula Vista, California, 91910",100.0,-117.087903989986,32.644769974353
2000006200,MERIDIAN EXPRESS CORP,CORP,2550 CATAMARAN WAY ,CHULA VISTA,CA,91914-4533,4229,MISCELLANEOUS NONDURABLE GOODS WHSLE,Wholesale Trade,Core,"2550 CATAMARAN WAY , CHULA VISTA, CA 91914-4533","2550 Catamaran Way, Chula Vista, California, 91914",100.0,-116.957368253245,32.656087010473
2025022037,MERRY MOLLY,H-W,7660 FAY AVE H801 ,LA JOLLA,CA,92037-0021,42199,OTHER MISCELLANEOUS DURABLE GOODS WHSLE,Wholesale Trade,Core,"7660 FAY AVE H801 , LA JOLLA, CA 92037-0021","12 Turnberry Ln, Sandy Hook, Connecticut, 06482",99.71,-73.258972183456,41.406857250913
2025009584,MES SERVICE COMPANY LLC,LLC,12 TURNBERRY LN 2 ,SANDY HOOK,CT,06482-1365,4229,MISCELLANEOUS NONDURABLE GOODS WHSLE,Wholesale Trade,Core,"12 TURNBERRY LN 2 , SANDY HOOK, CT 06482-1365","7660 Fay Ave, Suite H, La Jolla, California, 92037",98.81,-117.274665114132,32.842939706912
1977029620,MESA FASTENER INC,CORP,6496 MARINDUSTRY DR B ,SAN DIEGO,CA,92121-2574,421,"WHOLESALE TRADE, DURABLE GOODS",Wholesale Trade,Core,"6496 MARINDUSTRY DR B , SAN DIEGO, CA 92121-2574","6496 Marindustry Dr, Suite B, San Diego, California, 92121",100.0,-117.177020552185,32.881395375767
2000001823,MESA STORAGE,PARTNR,5057 GREENCRAIG WAY ,SAN DIEGO,CA,92123-1656,4931,WAREHOUSING & STORAGE,Transportation and Warehousing,Core,"5057 GREENCRAIG WAY , SAN DIEGO, CA 92123-1656","9072 Hadley Pl, San Diego, California, 92126",100.0,-117.128445243988,32.928253567279
2004002415,MESA TOWING,SCORP,9072 HADLEY PL ,SAN DIEGO,CA,92126-1523,48841,MOTOR VEHICLE TOWING,Transportation and Warehousing,Core,"9072 HADLEY PL , SAN DIEGO, CA 92126-1523","200 Somerset Corporate Blvd, Bridgewater, New Jersey, 08807",100.0,-74.626228732349,40.585071910445
2021004345,MESSER LLC,LLC,200 SOMERSET CORPORATE BLVD ,BRIDGEWATER,NJ,08807-2862,32512,INDUSTRIAL GAS MFG,Manufacturing,Core,"200 SOMERSET CORPORATE BLVD , BRIDGEWATER, NJ 08807-2862","7895 Convoy Ct, Suite 14, San Diego, California, 92111",100.0,-117.149943652167,32.834588816778
2017003634,METAL GPS,SOLE,1601 INDIA ST 509 ,SAN DIEGO,CA,92101-2546,331,PRIMARY METAL MFG,Manufacturing,Core,"1601 INDIA ST 509 , SAN DIEGO, CA 92101-2546","1601 India St, Unit 509, San Diego, California, 92101",100.0,-117.168257356234,32.722272361965
2015038051,METAL METHOD COMPANY,SOLE,7895 CONVOY CT 14 ,SAN DIEGO,CA,92111-1215,33299,ALL OTHER FABRICATED METAL PRODUCT MFG,Manufacturing,Core,"7895 CONVOY CT 14 , SAN DIEGO, CA 92111-1215","2729 Wardlow Ave, San Diego, California, 92154",100.0,-117.074724369252,32.561347825714
2022005558,METAL RELEASE WELDING & FABRICATION,SOLE,1412 GOWIN ST ,SPRING VALLEY,CA,91977-3805,332,FABRICATED METAL PRODUCT MFG,Manufacturing,Core,"1412 GOWIN ST , SPRING VALLEY, CA 91977-3805","3664 Mission Mesa Way, San Diego, California, 92120",100.0,-117.068006190037,32.811768917745
2018001624,METALLIC  EVOLUTIONS INC,CORP,2729 WARDLOW AVE ,SAN DIEGO,CA,92154-4279,339,MISCELLANEOUS MFG,Manufacturing,Core,"2729 WARDLOW AVE , SAN DIEGO, CA 92154-4279","5057 Greencraig Ln, San Diego, California, 92123",96.94,-117.123016832714,32.827583216714
1995009886,METAMORPHOSIS CREATIONS,SOLE,3664 MISSION MESA WAY ,SAN DIEGO,CA,92120-1562,422,"WHOLESALE TRADE, NONDURABLE GOODS",Wholesale Trade,Core,"3664 MISSION MESA WAY , SAN DIEGO, CA 92120-1562","537 Santa Victoria, Solana Beach, California, 92075",100.0,-117.244774576856,33.004801926671
1978043668,METRORAMA INTERNATIONAL,SOLE,537 SANTA VICTORIA ,SOLANA BEACH,CA,92075,421,"WHOLESALE TRADE, DURABLE GOODS",Wholesale Trade,Core,"537 SANTA VICTORIA , SOLANA BEACH, CA 92075","1412 Gowin St, Spring Valley, California, 91977",100.0,-117.012613209436,32.719499083571
1999005409,MEX-CAL TRUCKLINE,CORP,7921 AIRWAY RD ,SAN DIEGO,CA,92154-8310,484,TRUCK TRANSPORTATION,Transportation and Warehousing,Core,"7921 AIRWAY RD , SAN DIEGO, CA 92154-8310","9840 Via de la Amistad, San Diego, California, 92154",100.0,-116.933769256311,32.552874392156
2022000508,MEX-GROUP,SOLE,9840 VIA DE LA AMISTAD ,SAN DIEGO,CA,92154-7283,488,TRANSPORTATION SUPPORT ACTIVITIES,Transportation and Warehousing,Core,"9840 VIA DE LA AMISTAD , SAN DIEGO, CA 92154-7283","402 W Broadway, Suite 400, San Diego, California, 92101",100.0,-117.166941313616,32.715783134436
2021000755,MEX-GROUP J&S,SCORP,402 W BROADWAY 400-74 ,SAN DIEGO,CA,92101-3542,4229,MISCELLANEOUS NONDURABLE GOODS WHSLE,Wholesale Trade,Core,"402 W BROADWAY 400-74 , SAN DIEGO, CA 92101-3542","7921 Airway Rd, San Diego, California, 92154",100.0,-116.969361331765,32.560608416125
1989007244,MEXAMERICA INTERNACIONAL,CORP,2326 OTAY CENTER DR ,SAN DIEGO,CA,92154-7639,493,WAREHOUSING & STORAGE,Transportation and Warehousing,Core,"2326 OTAY CENTER DR , SAN DIEGO, CA 92154-7639","2326 Otay Center Dr, San Diego, California, 92154",100.0,-116.944093414091,32.556616325191
2004016037,MEXBROS FRUIT INC,CORP,8515 AVENIDA DE LA FUENTE ,SAN DIEGO,CA,92154-6257,42248,FRESH FRUIT & VEGETABLE WHSLE,Wholesale Trade,Core,"8515 AVENIDA DE LA FUENTE , SAN DIEGO, CA 92154-6257","2340 Marconi Ct, San Diego, California, 92154",100.0,-116.934049379516,32.555565108804
2015033979,MEXBROS LOGISTICS,SOLE,8515 AVENIDA DE LA FUENTE ,SAN DIEGO,CA,92154-6257,48412,"GENERAL FREIGHT TRUCKING, LONG-DISTANCE",Transportation and Warehousing,Core,"8515 AVENIDA DE LA FUENTE , SAN DIEGO, CA 92154-6257","1244 Madison Ave, San Diego, California, 92116",100.0,-117.151508804947,32.76096691506
2018014665,MEXIVET EXPRESS,SOLE,1244 MADISON AVE ,SAN DIEGO,CA,92116-1031,49211,COURIERS,Transportation and Warehousing,Core,"1244 MADISON AVE , SAN DIEGO, CA 92116-1031","8515 Avenida de la Fuente, San Diego, California, 92154",100.0,-116.959973181114,32.556944602428
2017009301,MEXPRO LOGISTICS,CORP,2340 MARCONI CT ,SAN DIEGO,CA,92154-7241,48851,FREIGHT TRANSPORTATION ARRANGEMENT,Transportation and Warehousing,Core,"2340 MARCONI CT , SAN DIEGO, CA 92154-7241","8515 Avenida de la Fuente, San Diego, California, 92154",100.0,-116.959973181114,32.556944602428
2025022972,MG LOGISTICS,LLC,1556 LANCASTER POINT WAY ,SAN DIEGO,CA,92154-7700,484,TRUCK TRANSPORTATION,Transportation and Warehousing,Core,"1556 LANCASTER POINT WAY , SAN DIEGO, CA 92154-7700","235 Bingham Dr, San Marcos, California, 92069",100.0,-117.183525076687,33.146043952157
2022012833,MG TRUCKING INC,CORP,3432 40TH ST ,SAN DIEGO,CA,92105-4029,484,TRUCK TRANSPORTATION,Transportation and Warehousing,Core,"3432 40TH ST , SAN DIEGO, CA 92105-4029","3406 Cherokee Ave, San Diego, California, 92104",100.0,-117.114465402958,32.741617375399
2009019129,MGM PLASTICS INC,CORP,235 BINGHAM DR ,SAN MARCOS,CA,92069-1445,339,MISCELLANEOUS MFG,Manufacturing,Core,"235 BINGHAM DR , SAN MARCOS, CA 92069-1445","1556 Lancaster Point Way, San Diego, California, 92154",100.0,-116.954000823644,32.568522357647
2007002144,MH ART AND DESIGN,SOLE,3406 CHEROKEE AVE ,SAN DIEGO,CA,92104-4415,42212,STATIONERY & OFFICE SUPPLIES WHSLE,Wholesale Trade,Core,"3406 CHEROKEE AVE , SAN DIEGO, CA 92104-4415","3432 40th St, San Diego, California, 92105",100.0,-117.109519744809,32.741822815846
2001012196,MI TECHNOLOGIES,SCORP,2215 PASEO DE LAS AMERICAS 30 ,SAN DIEGO,CA,92154-7801,42169,OTHER ELECTRONIC PARTS & EQUIPMENT WHSLE,Wholesale Trade,Core,"2215 PASEO DE LAS AMERICAS 30 , SAN DIEGO, CA 92154-7801","5402 Balboa Arms Dr, Unit 301, San Diego, California, 92117",100.0,-117.179559346838,32.823266541969
2025021289,MICHAEL D BARBER JR & TANYA GRACIE,H-W,5402 BALBOA ARMS DR 301 ,SAN DIEGO,CA,92117-5005,49221,LOCAL MESSENGERS & LOCAL DELIVERY,Transportation and Warehousing,Core,"5402 BALBOA ARMS DR 301 , SAN DIEGO, CA 92117-5005","5162 Canosa Ave, San Diego, California, 92117",100.0,-117.180411618753,32.825858855073
2025015810,MICHAEL D RIENKS & HEATHER M RIENKS,H-W,5162 CANOSA AVE ,SAN DIEGO,CA,92117-4019,3399,OTHER MISCELLANEOUS MFG,Manufacturing,Core,"5162 CANOSA AVE , SAN DIEGO, CA 92117-4019","2215 Paseo de las Americas, Suite 30, San Diego, California, 92154",100.0,-116.935848135937,32.558467887602
2006004816,MICHAEL J STABILE,SOLE,6838 ARVERNE CT ,SAN DIEGO,CA,92111-3309,42199,OTHER MISCELLANEOUS DURABLE GOODS WHSLE,Wholesale Trade,Core,"6838 ARVERNE CT , SAN DIEGO, CA 92111-3309","6838 Arverne Ct, San Diego, California, 92111",100.0,-117.169665180691,32.815581426404
2025015757,MICHAEL K BUCKEL ,SOLE,10260 WATERIDGE CIR 222 ,SAN DIEGO,CA,92121-5738,333,MACHINERY MFG,Manufacturing,Core,"10260 WATERIDGE CIR 222 , SAN DIEGO, CA 92121-5738","1165 Cushman Ave, San Diego, California, 92110",100.0,-117.199137712456,32.768147901058
2006002060,MICHAEL MILLER SURFBOARDS INC,CORP,1165 CUSHMAN AVE ,SAN DIEGO,CA,92110-3902,339,MISCELLANEOUS MFG,Manufacturing,Core,"1165 CUSHMAN AVE , SAN DIEGO, CA 92110-3902","10260 Wateridge Cir, Unit 222, San Diego, California, 92121",100.0,-117.205643158967,32.898980315262
1999013311,MICHAEL NEMETH INC,CORP,861 06TH AVE 414 ,SAN DIEGO,CA,92101-6314,327,NONMETALLIC MINERAL PRODUCT MFG,Manufacturing,Core,"861 06TH AVE 414 , SAN DIEGO, CA 92101-6314","3234 Loma Riviera Dr, San Diego, California, 92110",100.0,-117.226272531425,32.755647130662
2024014566,MICHAEL OSTER DELIVERY,SOLE,3234 LOMA RIVIERA DR ,SAN DIEGO,CA,92110-5512,492,COURIERS & MESSENGERS,Transportation and Warehousing,Core,"3234 LOMA RIVIERA DR , SAN DIEGO, CA 92110-5512","7556 Fay Ave, Suite D, La Jolla, California, 92037",100.0,-117.274162535218,32.84139722718
1991008291,MICHEL TECHNICAL PRODUCTS,SOLE,5622 LONE STAR DR ,SAN DIEGO,CA,92120,422,"WHOLESALE TRADE, NONDURABLE GOODS",Wholesale Trade,Core,"5622 LONE STAR DR , SAN DIEGO, CA 92120","5622 Lone Star Dr, San Diego, California, 92120",100.0,-117.071530361227,32.806796395596
2001003590,MICHELE COULON DESSERTIER,SOLE,7556 FAY AVE D ,LA JOLLA,CA,92037-4829,422,"WHOLESALE TRADE, NONDURABLE GOODS",Wholesale Trade,Core,"7556 FAY AVE D , LA JOLLA, CA 92037-4829","1932 Diamond St, San Diego, California, 92109",100.0,-117.235713320428,32.803941477465
2022011036,MICHELLE G PINE,SOLE,1932 DIAMOND ST ,SAN DIEGO,CA,92109-3439,492,COURIERS & MESSENGERS,Transportation and Warehousing,Core,"1932 DIAMOND ST , SAN DIEGO, CA 92109-3439","92101-6314, San Diego, California",86.5,-117.159229040686,32.714230009687
1984010583,MICRO ELECTRONIC TOOL & DIE,SOLE,11525 SORRENTO VALLEY RD B ,SAN DIEGO,CA,92121-1307,3327,"MACH SHOPS, TURN PROD, SCREW, NUT, BOLT MFG",Manufacturing,Core,"11525 SORRENTO VALLEY RD B , SAN DIEGO, CA 92121-1307","7728 Goldfish Way, San Diego, California, 92129",100.0,-117.156909851896,32.943393505618
2011024113,MIDNIGHT LUTHERIE LLC,LLC,7728 GOLDFISH WAY ,SAN DIEGO,CA,92129-4522,31,MANUFACTURING,Manufacturing,Core,"7728 GOLDFISH WAY , SAN DIEGO, CA 92129-4522","1417 Timber Wolf Dr, Holland, Ohio, 43528",100.0,-83.731829535091,41.612958191714
2009034546,MIDWEST TAPE LLC,LLC,1417 TIMBER WOLF DR ,HOLLAND,OH,43528-8302,42299,OTHER MISCELLANEOUS NONDURABLE GOODS WHSLE,Wholesale Trade,Core,"1417 TIMBER WOLF DR , HOLLAND, OH 43528-8302","9 Independence Way, Princeton, New Jersey, 08540",100.0,-74.596954851689,40.364415627142
2015012950,MIELE INCORPORATED,CORP,9 INDEPENDENCE WAY ,PRINCETON,NJ,08540-6621,42162,ELECTRIC APPLIANCE/TV/RADIO SET WHSLE,Wholesale Trade,Core,"9 INDEPENDENCE WAY , PRINCETON, NJ 08540-6621","2195 Britannia Blvd, Suite 103, San Diego, California, 92154",100.0,-116.979735026592,32.558231056928
2002002776,MIGHTY TRUCKING AND SERVICES INC,CORP,2195 BRITANNIA BLVD 103 ,SAN DIEGO,CA,92154-6290,493,WAREHOUSING & STORAGE,Transportation and Warehousing,Core,"2195 BRITANNIA BLVD 103 , SAN DIEGO, CA 92154-6290","3812 Grim Ave, San Diego, California, 92104",100.0,-117.128289759685,32.747709007351
2012070388,MIKE HESS BREWING CO,LLC,3812 GRIM AVE ,SAN DIEGO,CA,92104-3602,31212,BREWERIES,Manufacturing,Core,"3812 GRIM AVE , SAN DIEGO, CA 92104-3602","5433 Brunswick Ave, San Diego, California, 92120",100.0,-117.07448992742,32.798629111051
2005015347,MIKE MENDOZA'S FANTASY RUG CO,SOLE,2691 CHATHAM ST ,EL CAJON,CA,92020-2711,339,MISCELLANEOUS MFG,Manufacturing,Core,"2691 CHATHAM ST , EL CAJON, CA 92020-2711","11525 Sorrento Valley Rd, San Diego, California, 92121",99.76,-117.230858941204,32.911137427628
2023000894,MIKE PETOSA,SOLE,5433 BRUNSWICK AVE ,SAN DIEGO,CA,92120-1815,339,MISCELLANEOUS MFG,Manufacturing,Core,"5433 BRUNSWICK AVE , SAN DIEGO, CA 92120-1815","2691 Chatham St, El Cajon, California, 92020",100.0,-117.001615817194,32.797383644058
2025022605,MIKE'S SALTY PITS,PARTNR,5483 BLOCH ST ,SAN DIEGO,CA,92122-4009,32599,ALL OTHER CHEMICAL PRODUCT & PREPARATION MFG,Manufacturing,Core,"5483 BLOCH ST , SAN DIEGO, CA 92122-4009","5483 Bloch St, San Diego, California, 92122",100.0,-117.232664570786,32.84203525765
1985010314,MILANO TAILORS,H-W,1443 UNIVERSITY AVE A ,SAN DIEGO,CA,92103-3404,315,APPAREL MANUFACTURING,Manufacturing,Core,"1443 UNIVERSITY AVE A , SAN DIEGO, CA 92103-3404","4170 Morena Blvd, Suite D, San Diego, California, 92117",100.0,-117.219988702433,32.815965149932
2025017479,MILES BOARD LLC,LLC,4170 MORENA BLVD D ,SAN DIEGO,CA,92117-5245,33632,MV ELECTRICAL & ELECTRONIC EQUIPMENT MFG,Manufacturing,Core,"4170 MORENA BLVD D , SAN DIEGO, CA 92117-5245","1443 University Ave, Suite A, San Diego, California, 92103",100.0,-117.150134591921,32.748394605121
2025017763,MILEYNB DESIGNS,SOLE,5187 STREAMVIEW DR ,SAN DIEGO,CA,92105-3262,314,TEXTILE PRODUCT MILLS,Manufacturing,Core,"5187 STREAMVIEW DR , SAN DIEGO, CA 92105-3262","16180 Avenida Venusto, Apartment 38, San Diego, California, 92128",100.0,-117.078344261776,33.008441139482
2013066059,MILLAN AUTO SALES,SOLE,1590 CONTINENTAL ST 108 ,SAN DIEGO,CA,92154-5730,42111,AUTOMOBILE & OTHER MOTOR VEHICLE WHSLE,Wholesale Trade,Core,"1590 CONTINENTAL ST 108 , SAN DIEGO, CA 92154-5730","5187 Streamview Dr, San Diego, California, 92105",100.0,-117.083977906538,32.742493577647
2025001599,MINORO SPARE PARTS LLC,LLC,16180 AVENIDA VENUSTO 38 ,SAN DIEGO,CA,92128-3337,4211,MOTOR VEHICLE/MOTOR VEHICLE PT & SUPPLY WHSLE,Wholesale Trade,Core,"16180 AVENIDA VENUSTO 38 , SAN DIEGO, CA 92128-3337","1590 Continental St, San Diego, California, 92154",99.23,-116.987481832964,32.574882461957
2024007085,MINUTEMAN PRESS,LLC,8920 ACTIVITY RD G ,SAN DIEGO,CA,92126-4458,32311,PRINTING,Manufacturing,Core,"8920 ACTIVITY RD G , SAN DIEGO, CA 92126-4458","8920 Activity Rd, Suite G, San Diego, California, 92126",100.0,-117.134306708879,32.896302297198
2020005878,MINUTEMAN PRESS OF SORRENTO VALLEY,SCORP,10951 SORRENTO VALLEY RD 1F ,SAN DIEGO,CA,92121-1613,323,PRINTING & RELATED SUPPORT ACTIVITIES,Manufacturing,Core,"10951 SORRENTO VALLEY RD 1F , SAN DIEGO, CA 92121-1613","7044 Flanders Dr, San Diego, California, 92121",100.0,-117.172152342821,32.904792075467
1988003171,MIRA MESA SELF STORAGE LLC,LLC,7044 FLANDERS DR ,SAN DIEGO,CA,92121-2959,4931,WAREHOUSING & STORAGE,Transportation and Warehousing,Core,"7044 FLANDERS DR , SAN DIEGO, CA 92121-2959","9370 Miramar Rd, San Diego, California, 92126",100.0,-117.125333797711,32.893835670731
2022014659,MIRAMAR BOBCAT,LLC,9370 MIRAMAR RD ,SAN DIEGO,CA,92126-4418,42181,CONST & MINING (EXC PETROLEUM) EQUIP WHSLE,Wholesale Trade,Core,"9370 MIRAMAR RD , SAN DIEGO, CA 92126-4418","10951 Sorrento Valley Rd, Suite 1 F, San Diego, California, 92121",100.0,-117.22284575795,32.900994402776
2025003851,MIRAMAR TOWING,SOLE,9485 BLACK MOUNTAIN RD ,SAN DIEGO,CA,92126-4504,48841,MOTOR VEHICLE TOWING,Transportation and Warehousing,Core,"9485 BLACK MOUNTAIN RD , SAN DIEGO, CA 92126-4504","9485 Black Mountain Rd, San Diego, California, 92126",100.0,-117.12336874433,32.895122083321
1991008623,MIRJAM BUTZ & BROWN JEWELERS,SCORP,10174 AUSTIN DR 2341 ,SPRING VALLEY,CA,91977-9607,339999,ALL OTHER MISCELLANEOUS MFG,Manufacturing,Core,"10174 AUSTIN DR 2341 , SPRING VALLEY, CA 91977-9607","7525 Raytheon Rd, San Diego, California, 92111",100.0,-117.157287959548,32.83080564478
2010033322,MISSION BREWERY,CORP,1441 L ST ,SAN DIEGO,CA,92101-8967,31212,BREWERIES,Manufacturing,Core,"1441 L ST , SAN DIEGO, CA 92101-8967","1441 L St, San Diego, California, 92101",100.0,-117.151509475499,32.707293775262
1974004131,MISSION CARPETS DIST,CORP,7525 RAYTHEON RD ,SAN DIEGO,CA,92111-1506,42121,FURNITURE WHSLE,Wholesale Trade,Core,"7525 RAYTHEON RD , SAN DIEGO, CA 92111-1506","12316 World Trade Dr, Suite 104, San Diego, California, 92128",100.0,-117.071648546062,32.987953211641
2013043342,MISSION FOODS,CORP,12316 WORLD TRADE DR 104 ,SAN DIEGO,CA,92128-3795,4224,GROCERY & RELATED PRODUCT WHSLE,Wholesale Trade,Core,"12316 WORLD TRADE DR 104 , SAN DIEGO, CA 92128-3795","1604 Cactus Rd, San Diego, California, 92154",100.0,-116.988308456255,32.567595025789
1995002472,MISSION IMPRINTABLES,CORP,1604 CACTUS RD ,SAN DIEGO,CA,92154-8101,4223,"APPAREL, PIECE GOODS & NOTIONS WHSLE",Wholesale Trade,Core,"1604 CACTUS RD , SAN DIEGO, CA 92154-8101","17085 Camino San Bernardo, San Diego, California, 92127",99.32,-117.101565905428,33.019937799787
2024013998,MISSION MOTORS LLC,LLC,17085 CAMINO SAN BERNARDO 140 ,SAN DIEGO,CA,92127-9701,42111,AUTOMOBILE & OTHER MOTOR VEHICLE WHSLE,Wholesale Trade,Core,"17085 CAMINO SAN BERNARDO 140 , SAN DIEGO, CA 92127-9701","4696 Mount Bigelow Dr, San Diego, California, 92111",100.0,-117.191520155031,32.814954669594
1992010522,MISSION MUSIC SUPPLIES,SOLE,4696 MOUNT BIGELOW DR ,SAN DIEGO,CA,92111-2522,421,"WHOLESALE TRADE, DURABLE GOODS",Wholesale Trade,Core,"4696 MOUNT BIGELOW DR , SAN DIEGO, CA 92111-2522","4533 Mission Gorge Pl, San Diego, California, 92120",100.0,-117.097377216954,32.782946863576
2019013888,MISSION VALLEY PIPE,LLC,4533 MISSION GORGE PL ,SAN DIEGO,CA,92120-4106,42139,OTHER CONSTRUCTION MATERIAL WHSLE,Wholesale Trade,Core,"4533 MISSION GORGE PL , SAN DIEGO, CA 92120-4106","10174 Austin Dr, Spring Valley, California, 91979",98.51,-116.972447799972,32.731169165453
2025019864,MITCHFLIPPOMFG,SOLE,7965 SILVERTON AVE 1806 ,SAN DIEGO,CA,92126-6358,315,APPAREL MANUFACTURING,Manufacturing,Core,"7965 SILVERTON AVE 1806 , SAN DIEGO, CA 92126-6358","1157 Cushman Ave, San Diego, California, 92110",99.43,-117.199161936156,32.768121078968
1988011384,MITSVEN SURFBOARDS,CORP,1157 1/2 CUSHMAN AVE ,SAN DIEGO,CA,92110-3902,339,MISCELLANEOUS MFG,Manufacturing,Core,"1157 1/2 CUSHMAN AVE , SAN DIEGO, CA 92110-3902","7965 Silverton Ave, San Diego, California, 92126",98.97,-117.149188945605,32.890574858938
2025013909,MIXELADA KING,SOLE,2404 GROVE VIEW RD ,SAN DIEGO,CA,92139-3910,31199,ALL OTHER FOOD MFG,Manufacturing,Core,"2404 GROVE VIEW RD , SAN DIEGO, CA 92139-3910","2404 Grove View Rd, San Diego, California, 92139",100.0,-117.030125016826,32.684370653091
2022000273,MIXTECA LLC,LLC,4353 50TH ST ,SAN DIEGO,CA,92115-5000,42248,FRESH FRUIT & VEGETABLE WHSLE,Wholesale Trade,Core,"4353 50TH ST , SAN DIEGO, CA 92115-5000","4353 50th St, San Diego, California, 92115",100.0,-117.086836638435,32.755875788981
2025015335,MJ TRUCKING LLC,LLC,5225 ROBINWOOD RD A28 ,BONITA,CA,91902-1927,48422,"SPECIALIZED FRGT (EXC USED) TRUCKING, LOCAL",Transportation and Warehousing,Core,"5225 ROBINWOOD RD A28 , BONITA, CA 91902-1927","5225 Robinwood Rd, Apartment A 28, Bonita, California, 91902",100.0,-117.026806118445,32.682291605828
2001000889,MJB FREIGHT SYSTEMS,CORP,6225 MARINDUSTRY DR ,SAN DIEGO,CA,92121-2537,493,WAREHOUSING & STORAGE,Transportation and Warehousing,Core,"6225 MARINDUSTRY DR , SAN DIEGO, CA 92121-2537","6225 Marindustry Dr, San Diego, California, 92121",100.0,-117.180385299577,32.880137084462
2025003736,MLABSUPPLY,SOLE,7103 HILLSBORO ST ,SAN DIEGO,CA,92120-1847,3332,INDUSTRIAL MACHINERY MFG,Manufacturing,Core,"7103 HILLSBORO ST , SAN DIEGO, CA 92120-1847","5180 Convoy St, San Diego, California, 92111",100.0,-117.152507386994,32.835545091481
2014015990,MLC AUTO GROUP LLC,LLC,9696 LA JOLLA FARMS RD ,LA JOLLA,CA,92037-1131,42111,AUTOMOBILE & OTHER MOTOR VEHICLE WHSLE,Wholesale Trade,Core,"9696 LA JOLLA FARMS RD , LA JOLLA, CA 92037-1131","7103 Hillsboro St, San Diego, California, 92120",100.0,-117.074154232197,32.801369574294
2016002116,MM SAN DIEGO LLC,LLC,5180 CONVOY ST ,SAN DIEGO,CA,92111-1208,3399,OTHER MISCELLANEOUS MFG,Manufacturing,Core,"5180 CONVOY ST , SAN DIEGO, CA 92111-1208","4549 Bancroft St, Unit 7, San Diego, California, 92116",100.0,-117.123929074557,32.760008947346
2006003453,MOANA INTERNATIONAL TRADING,SOLE,4549 BANCROFT ST 7 ,SAN DIEGO,CA,92116-4434,4219,MISCELLANEOUS DURABLE GOODS WHSLE,Wholesale Trade,Core,"4549 BANCROFT ST 7 , SAN DIEGO, CA 92116-4434","7895 Convoy Ct, Suite 11, San Diego, California, 92111",100.0,-117.149943652167,32.834588816778
1993002917,MOBILE PLASTIC WORKS,CORP,3540 CHEROKEE DR ,CARSON CITY,NV,89705-6907,3262,RUBBER PRODUCT MFG,Manufacturing,Core,"3540 CHEROKEE DR , CARSON CITY, NV 89705-6907","9696 La Jolla Farms Rd, La Jolla, California, 92037",100.0,-117.249273479567,32.880678890683
2025005638,MOBILITY SYSTEMS INC,CORP,7895 CONVOY CT 11 ,SAN DIEGO,CA,92111-1215,42145,MEDICAL/DENTAL/HOSPITAL EQUIP & SUPP WHSLE,Wholesale Trade,Core,"7895 CONVOY CT 11 , SAN DIEGO, CA 92111-1215","3540 Cherokee Dr, Carson City, Nevada, 89705",100.0,-119.789466988197,39.095462290149
2024006101,MODERN ELEPHANT,SOLE,5550 VISTA SAN SIMEON ,SAN DIEGO,CA,92154-5508,339999,ALL OTHER MISCELLANEOUS MFG,Manufacturing,Core,"5550 VISTA SAN SIMEON , SAN DIEGO, CA 92154-5508","5550 Vista San Simeon, San Diego, California, 92154",100.0,-117.012391424278,32.581950795176
1999009655,MODERN IMAGE SIGNWORKS,SOLE,8656 PRODUCTION AVE ,SAN DIEGO,CA,92121-2207,421,"WHOLESALE TRADE, DURABLE GOODS",Wholesale Trade,Core,"8656 PRODUCTION AVE , SAN DIEGO, CA 92121-2207","8656 Production Ave, San Diego, California, 92121",100.0,-117.165904304556,32.882972263211
2019010460,MODERN RYDE SURFBOARDS,LLC,5023 NEWPORT AVE ,SAN DIEGO,CA,92107-3097,421,"WHOLESALE TRADE, DURABLE GOODS",Wholesale Trade,Core,"5023 NEWPORT AVE , SAN DIEGO, CA 92107-3097","5023 Newport Ave, San Diego, California, 92107",100.0,-117.251553441049,32.747128518646
1999005719,MODULAR MERCHANTS INC,CORP,14390 TRAILWIND RD ,POWAY,CA,92064-2359,42121,FURNITURE WHSLE,Wholesale Trade,Core,"14390 TRAILWIND RD , POWAY, CA 92064-2359","7015 Manya Cir, San Diego, California, 92154",100.0,-117.085177021606,32.593917051607
2025011017,MODUS SOURCE INC,CORP,4075 PARK BLVD 102 ,SAN DIEGO,CA,92103-3576,42249,OTHER GROCERY & RELATED PRODUCTS WHSLE,Wholesale Trade,Core,"4075 PARK BLVD 102 , SAN DIEGO, CA 92103-3576","4075 Park Blvd, Apartment 102, San Diego, California, 92103",100.0,-117.146238683325,32.751860354446
2005009089,MOLINARI RACING PRODUCTS INC,SCORP,7015 MANYA CIR ,SAN DIEGO,CA,92154-4711,33999,ALL OTHER MISC MFG,Manufacturing,Core,"7015 MANYA CIR , SAN DIEGO, CA 92154-4711","14390 Trailwind Rd, Poway, California, 92064",100.0,-117.016192868825,33.004654488994
2025005099,MOLLUSCA LLC,LLC,2445 OTAY CENTER DR 110L ,SAN DIEGO,CA,92154-7642,42246,FISH & SEAFOOD WHSLE,Wholesale Trade,Core,"2445 OTAY CENTER DR 110L , SAN DIEGO, CA 92154-7642","1470 Exposition Way, San Diego, California, 92154",99.23,-117.003484136544,32.573842052395
2025016485,MOMDAD KITCHEN,LLC,6334 EL CAJON BLVD K17 ,SAN DIEGO,CA,92115-2641,4922,LOCAL MESSENGERS & LOCAL DELIVERY,Transportation and Warehousing,Core,"6334 EL CAJON BLVD K17 , SAN DIEGO, CA 92115-2641","6334 El Cajon Blvd, San Diego, California, 92115",99.19,-117.062325774255,32.764102668857
2026003054,MOMENTUM WAREHOUSING LLC,LLC,1470 EXPOSITION WAY 130 ,SAN DIEGO,CA,92154-6659,4931,WAREHOUSING & STORAGE,Transportation and Warehousing,Core,"1470 EXPOSITION WAY 130 , SAN DIEGO, CA 92154-6659","2218 Cardinal Dr, San Diego, California, 92123",100.0,-117.157098444718,32.784259301975
2024006379,MON CHOURIE,SOLE,2218 CARDINAL DR ,SAN DIEGO,CA,92123-3707,311811,RETAIL BAKERIES,Manufacturing,Core,"2218 CARDINAL DR , SAN DIEGO, CA 92123-3707","2445 Otay Center Dr, San Diego, California, 92154",98.97,-116.94283998429,32.555461298933
1987012434,MONITOR MARINE,CORP,3946 LA SALLE ST ,SAN DIEGO,CA,92110-5122,321,WOOD PRODUCT MFG,Manufacturing,Core,"3946 LA SALLE ST , SAN DIEGO, CA 92110-5122","918 Tingley Ln, San Diego, California, 92106",100.0,-117.244610710649,32.721155389548
2023007331,MONTBLEAU & ASSOCIATES LLC,LLC,555 RAVEN ST ,SAN DIEGO,CA,92102-4523,32191,MILLWORK,Manufacturing,Core,"555 RAVEN ST , SAN DIEGO, CA 92102-4523","3946 La Salle St, San Diego, California, 92110",100.0,-117.219677901463,32.756454307938
2023012452,MONTERO CANVAS & UPHOLSTERY INC,SCORP,404 I AVE 12 ,NATIONAL CITY,CA,91950-2402,31491,TEXTILE BAG & CANVAS MILLS,Manufacturing,Core,"404 I AVE 12 , NATIONAL CITY, CA 91950-2402","404 I Ave, Apartment 12, National City, California, 91950",100.0,-117.098963073035,32.681541970317
1991000133,MONTESANO MUSIC,SOLE,918 TINGLEY LN ,SAN DIEGO,CA,92106-2968,323,PRINTING & RELATED SUPPORT ACTIVITIES,Manufacturing,Core,"918 TINGLEY LN , SAN DIEGO, CA 92106-2968","555 Raven St, San Diego, California, 92102",100.0,-117.107583525175,32.711083191778
2022015337,MONTGOMERY DME,LLC,4025 PACIFIC HWY A ,SAN DIEGO,CA,92110,488999,ALL OTHER TRANSPORTATION SUPPORT ACTIVITIES,Transportation and Warehousing,Core,"4025 PACIFIC HWY A , SAN DIEGO, CA 92110","4371 Pavlov Ave, San Diego, California, 92122",100.0,-117.197374243847,32.85194467886
2008038390,MONTROY SUPPLY COMPANY,CORP,4857 MERCURY ST ,SAN DIEGO,CA,92111-2104,42299,OTHER MISCELLANEOUS NONDURABLE GOODS WHSLE,Wholesale Trade,Core,"4857 MERCURY ST , SAN DIEGO, CA 92111-2104","4857 Mercury St, San Diego, California, 92111",100.0,-117.148834055824,32.830155586279
1994007923,MOONLIGHT PRODUCTIONS INC,CORP,4371 PAVLOV AVE ,SAN DIEGO,CA,92122-3709,32311,PRINTING,Manufacturing,Core,"4371 PAVLOV AVE , SAN DIEGO, CA 92122-3709","1001 W Bradley Ave, El Cajon, California, 92020",100.0,-116.974510418705,32.816826683849
1995005658,MOOR REFUSE INC,CORP,1001 W BRADLEY AVE ,EL CAJON,CA,92020-1501,488999,ALL OTHER TRANSPORTATION SUPPORT ACTIVITIES,Transportation and Warehousing,Core,"1001 W BRADLEY AVE , EL CAJON, CA 92020-1501","4025 Pacific Hwy, San Diego, California, 92110",100.0,-117.19018885735,32.743663481783
2000001548,MOORE PERFORMANCE,SOLE,3740 GREENWOOD ST ,SAN DIEGO,CA,92110,336,TRANSPORTATION EQUIPMENT MFG,Manufacturing,Core,"3740 GREENWOOD ST , SAN DIEGO, CA 92110","6263 Belmont Trail Ct, San Diego, California, 92130",100.0,-117.183331203267,32.93379815432
2016020429,MORAGA INTERNATIONAL INC,CORP,6263 BELMONT TRAIL CT ,SAN DIEGO,CA,92130-6819,4219,MISCELLANEOUS DURABLE GOODS WHSLE,Wholesale Trade,Core,"6263 BELMONT TRAIL CT , SAN DIEGO, CA 92130-6819","5319 Grant St, San Diego, California, 92110",100.0,-117.198796820454,32.76489626745
1988000359,MORAN CANVAS PRODUCTS INC,CORP,8135 CENTER ST ,LA MESA,CA,91942-2907,339999,ALL OTHER MISCELLANEOUS MFG,Manufacturing,Core,"8135 CENTER ST , LA MESA, CA 91942-2907","3740 Greenwood St, San Diego, California, 92110",100.0,-117.206571538563,32.754211729744
2008010448,MORENA WELDING INC,CORP,5319 GRANT ST ,SAN DIEGO,CA,92110-4010,333992,WELDING & SOLDERING EQUIPMENT MFG,Manufacturing,Core,"5319 GRANT ST , SAN DIEGO, CA 92110-4010","12525 Ruette Alliante, Unit 188, San Diego, California, 92130",100.0,-117.235034637728,32.944609803587
2025013898,MORNING LIGHT,SOLE,12525 RUETTE ALLIANTE 188 ,SAN DIEGO,CA,92130-3539,32541,PHARMACEUTICAL & MEDICINE MFG,Manufacturing,Core,"12525 RUETTE ALLIANTE 188 , SAN DIEGO, CA 92130-3539","8135 Center St, La Mesa, California, 91942",100.0,-117.022169836341,32.771715448597
2019015790,MORRIS TRANSPORT,SOLE,2498 ROLL DR 1212 ,SAN DIEGO,CA,92154-7279,4841,GENERAL FREIGHT TRUCKING,Transportation and Warehousing,Core,"2498 ROLL DR 1212 , SAN DIEGO, CA 92154-7279","2498 Roll Dr, #1212, San Diego, California, 92154",100.0,-116.937481014495,32.552897274752
2022011709,MOSTAD WORKS,SOLE,5595 MAGNATRON BLVD N ,SAN DIEGO,CA,92111-1310,321,WOOD PRODUCT MFG,Manufacturing,Core,"5595 MAGNATRON BLVD N , SAN DIEGO, CA 92111-1310","4502 University Ave, Suite 101, San Diego, California, 92105",100.0,-117.097442595799,32.749656584463
2010028886,MOTHERS NUTRITIONAL CENTER,CORP,4502 UNIVERSITY AVE 101-02 ,SAN DIEGO,CA,92105-1894,42241,GENERAL LINE GROCERY WHSLE,Wholesale Trade,Core,"4502 UNIVERSITY AVE 101-02 , SAN DIEGO, CA 92105-1894","5595 Magnatron Blvd, San Diego, California, 92111",98.87,-117.140584754357,32.838071162271
2023010479,MOTIVE ENERGY INC,SCORP,125 E COMMERCIAL ST B ,ANAHEIM,CA,92801-1217,42299,OTHER MISCELLANEOUS NONDURABLE GOODS WHSLE,Wholesale Trade,Core,"125 E COMMERCIAL ST B , ANAHEIM, CA 92801-1217","1117 Tavern Rd, Alpine, California, 91901",100.0,-116.781624218813,32.842025283185
2014028781,MOTOKO SMITH,SOLE,7606 CANYON POINT LN ,SAN DIEGO,CA,92126-2046,337,FURNITURE & RELATED PRODUCT MFG,Manufacturing,Core,"7606 CANYON POINT LN , SAN DIEGO, CA 92126-2046","7606 Canyon Point Ln, San Diego, California, 92126",100.0,-117.157752149346,32.920177268293
2019000762,MOUNTAIN MATERIALS INC,CORP,1117 TAVERN RD ,ALPINE,CA,91901-3817,484,TRUCK TRANSPORTATION,Transportation and Warehousing,Core,"1117 TAVERN RD , ALPINE, CA 91901-3817","125 E Commercial St, Suite B, Anaheim, California, 92801",100.0,-117.917965789287,33.852677659063
2025014872,MOVE & RIDE SERVICES LLC,LLC,1696 GAYO CT ,SAN DIEGO,CA,92154-4139,48421,USED HOUSEHOLD & OFFICE GOODS MOVING,Transportation and Warehousing,Core,"1696 GAYO CT , SAN DIEGO, CA 92154-4139","1696 Gayo Ct, San Diego, California, 92154",100.0,-117.08469363725,32.564048181551
2015009745,MOVE PLUS,CORP,7959 SILVERTON AVE 1017 ,SAN DIEGO,CA,92126-6355,48421,USED HOUSEHOLD & OFFICE GOODS MOVING,Transportation and Warehousing,Core,"7959 SILVERTON AVE 1017 , SAN DIEGO, CA 92126-6355","7959 Silverton Ave, Suite 1017, San Diego, California, 92126",100.0,-117.149312913953,32.890592712392
2025008318,MOVERS BERST,PARTNR,2667 CAMINO DEL RIO SOUTH S ,SAN DIEGO,CA,92108-3707,48421,USED HOUSEHOLD & OFFICE GOODS MOVING,Transportation and Warehousing,Core,"2667 CAMINO DEL RIO SOUTH S , SAN DIEGO, CA 92108-3707","2310 Marconi Ct, San Diego, California, 92154",100.0,-116.93404644585,32.556033321915
2024007072,MOVING MASTERS,LLC,1402 W PICO AVE ,EL CENTRO,CA,92243-1377,48421,USED HOUSEHOLD & OFFICE GOODS MOVING,Transportation and Warehousing,Core,"1402 W PICO AVE , EL CENTRO, CA 92243-1377","1402 W Pico Ave, El Centro, California, 92243",100.0,-115.568159416117,32.805663958567
2023007094,MPG LOGISTICS LLC,LLC,2310 MARCONI CT ,SAN DIEGO,CA,92154-5209,4885,FREIGHT TRANSPORTATION ARRANGEMENT,Transportation and Warehousing,Core,"2310 MARCONI CT , SAN DIEGO, CA 92154-5209","8175 Saint Andrews Ave, San Diego, California, 92154",100.0,-116.967144486013,32.565810267146
2025003572,MPM,SOLE,8175 SAINT ANDREWS AVE ,SAN DIEGO,CA,92154-8201,421,"WHOLESALE TRADE, DURABLE GOODS",Wholesale Trade,Core,"8175 SAINT ANDREWS AVE , SAN DIEGO, CA 92154-8201","829 Quail St, San Diego, California, 92102",100.0,-117.109691238547,32.714033328329
2003007004,MPX SHARP CONTAINERS DISTRIBUTION,SOLE,829 QUAIL ST ,SAN DIEGO,CA,92102-3438,42299,OTHER MISCELLANEOUS NONDURABLE GOODS WHSLE,Wholesale Trade,Core,"829 QUAIL ST , SAN DIEGO, CA 92102-3438","1422 Radar Rd, San Diego, California, 92154",100.0,-116.960092874691,32.57104723834
2015021105,MR HOLLYWOOD TRANSPORTATION,SOLE,3950 OREGON ST 3 ,SAN DIEGO,CA,92104-2869,48899,OTHER TRANSPORTATION SUPPORT ACTIVITIES,Transportation and Warehousing,Core,"3950 OREGON ST 3 , SAN DIEGO, CA 92104-2869","3950 Oregon St, Unit 3, San Diego, California, 92104",100.0,-117.135146156482,32.749459316372
2019018810,MR TOADS MESSENGER SERVICE,SOLE,3411 47TH ST ,SAN DIEGO,CA,92105-3513,49221,LOCAL MESSENGERS & LOCAL DELIVERY,Transportation and Warehousing,Core,"3411 47TH ST , SAN DIEGO, CA 92105-3513","6165 Greenwich Dr, Suite 150, San Diego, California, 92122",100.0,-117.183293819979,32.85340937453
2010039237,MRV SYSTEMS LLC,LLC,6165 GREENWICH DR 150 ,SAN DIEGO,CA,92122-5953,31,MANUFACTURING,Manufacturing,Core,"6165 GREENWICH DR 150 , SAN DIEGO, CA 92122-5953","2888 Adams Ave, San Diego, California, 92116",100.0,-117.131890373832,32.762910762226
2017019437,MTA MOVING TECHNOLOGIES IN AMERICA INC,SCORP,10065 VIA DE LA AMISTAD A1 ,SAN DIEGO,CA,92154-5213,42169,OTHER ELECTRONIC PARTS & EQUIPMENT WHSLE,Wholesale Trade,Core,"10065 VIA DE LA AMISTAD A1 , SAN DIEGO, CA 92154-5213","3411 47th St, San Diego, California, 92105",100.0,-117.093301114744,32.741819497906
2019020583,MUD LILY,LLC,2888 ADAMS AVE ,SAN DIEGO,CA,92116-1407,3271,CLAY PRODUCT & REFRACTORY MFG,Manufacturing,Core,"2888 ADAMS AVE , SAN DIEGO, CA 92116-1407","10065 Via de la Amistad, Suite A 1, San Diego, California, 92154",100.0,-116.929152336404,32.552742167633
2019012457,MUHAMMAD A KHAN,H-W,15870 CAMINO SAN BERNARDO 215 ,SAN DIEGO,CA,92127-2369,48899,OTHER TRANSPORTATION SUPPORT ACTIVITIES,Transportation and Warehousing,Core,"15870 CAMINO SAN BERNARDO 215 , SAN DIEGO, CA 92127-2369","15870 Camino San Bernardo, Apartment 215, San Diego, California, 92127",100.0,-117.125871915894,33.014128135058
2024005422,MULHOLLAND BRAND,LLC,21260 DEERING CT ,CANOGA PARK,CA,91304-5015,339,MISCELLANEOUS MFG,Manufacturing,Core,"21260 DEERING CT , CANOGA PARK, CA 91304-5015","3002 Dow Ave, Suite 512, Tustin, California, 92780",100.0,-117.804556962943,33.709599871053
2003000113,MULTI SALES INC,CORP,4250 PEPSI DR B ,SAN DIEGO,CA,92111-3755,4216,ELECTRICAL GOODS WHSLE,Wholesale Trade,Core,"4250 PEPSI DR B , SAN DIEGO, CA 92111-3755","21260 Deering Ct, Canoga Park, California, 91304",100.0,-118.596384291815,34.214800058033
2023008014,MULTICARD,CORP,3002 DOW AVE 512 ,TUSTIN,CA,92780-7250,421,"WHOLESALE TRADE, DURABLE GOODS",Wholesale Trade,Core,"3002 DOW AVE 512 , TUSTIN, CA 92780-7250","4250 Pepsi Dr, Suite B, San Diego, California, 92111",100.0,-117.153136486725,32.819085522936
2006009505,MULTILOGISTICS SERVICES INC,SCORP,2220 NIELS BOHR CT ,SAN DIEGO,CA,92154-7915,488,TRANSPORTATION SUPPORT ACTIVITIES,Transportation and Warehousing,Core,"2220 NIELS BOHR CT , SAN DIEGO, CA 92154-7915","2220 Niels Bohr Ct, San Diego, California, 92154",100.0,-116.93945344395,32.557368601001
2003014512,MULTIMODAL ESQUER INC,CORP,8856 SIEMPRE VIVA RD ,SAN DIEGO,CA,92154-6272,4885,FREIGHT TRANSPORTATION ARRANGEMENT,Transportation and Warehousing,Core,"8856 SIEMPRE VIVA RD , SAN DIEGO, CA 92154-6272","8856 Siempre Viva Rd, San Diego, California, 92154",100.0,-116.952605823499,32.553662500602
2021012224,MUNIQUIP SOCAL LLC,LLC,2017 OPPORTUNITY DR 4 ,ROSEVILLE,CA,95678-3006,4218,"MACHINERY, EQUIPMENT & SUPPLIES WHSLE",Wholesale Trade,Core,"2017 OPPORTUNITY DR 4 , ROSEVILLE, CA 95678-3006","3760 Convoy St, Suite 219, San Diego, California, 92111",100.0,-117.153268250243,32.811918576626
2006014342,MURAMOTO USA INC,CORP,3760 CONVOY ST 219 ,SAN DIEGO,CA,92111-3744,332812,"METAL COATING, ENGRAVING, & ALLIED SERVICES",Manufacturing,Core,"3760 CONVOY ST 219 , SAN DIEGO, CA 92111-3744","2017 Opportunity Dr, Suite 4, Roseville, California, 95678",100.0,-121.30661417791,38.740721917125
2005002230,MURPHY'S MARINE CANVAS,SOLE,2731 SHELTER ISLAND DR ,SAN DIEGO,CA,92106-2708,339999,ALL OTHER MISCELLANEOUS MFG,Manufacturing,Core,"2731 SHELTER ISLAND DR , SAN DIEGO, CA 92106-2708","5703 Oberlin Dr, Suite 208, San Diego, California, 92121",100.0,-117.194999985953,32.892663545391
2012014419,MUSHROOM NETWORKS INC,CORP,5703 OBERLIN DR 208 ,SAN DIEGO,CA,92121-1743,3342,COMMUNICATIONS EQUIPMENT MFG,Manufacturing,Core,"5703 OBERLIN DR 208 , SAN DIEGO, CA 92121-1743","3975 College Ave, San Diego, California, 92115",100.0,-117.062909489992,32.751094793319
2025019471,MUSTAFA AZIZI,SOLE,13905 CARMEL VALLEY RD 156 ,SAN DIEGO,CA,92130-5668,4922,LOCAL MESSENGERS & LOCAL DELIVERY,Transportation and Warehousing,Core,"13905 CARMEL VALLEY RD 156 , SAN DIEGO, CA 92130-5668","2731 Shelter Island Dr, San Diego, California, 92106",100.0,-117.228595408252,32.721109037623
2024011718,MUXLOWMAKES,SOLE,3975 COLLEGE AVE ,SAN DIEGO,CA,92115-6702,3231,PRINTING & RELATED SUPPORT ACTIVITIES,Manufacturing,Core,"3975 COLLEGE AVE , SAN DIEGO, CA 92115-6702","10031 Marconi Dr, Suite 6, San Diego, California, 92154",100.0,-116.9293742892,32.554248982367
2001004196,MVO INTERNATIONAL CORPORATION,CORP,10031 MARCONI DR 6 ,SAN DIEGO,CA,92154-5206,4229,MISCELLANEOUS NONDURABLE GOODS WHSLE,Wholesale Trade,Core,"10031 MARCONI DR 6 , SAN DIEGO, CA 92154-5206","7710 Balboa Ave, Suite 218 G, San Diego, California, 92111",100.0,-117.158102093804,32.821842875714
2026000071,MY LITTLE LUGGAGE STORAGE,SOLE,4463 CAMINO DE LA PLAZA 127 ,SAN YSIDRO,CA,92173-3035,4931,WAREHOUSING & STORAGE,Transportation and Warehousing,Core,"4463 CAMINO DE LA PLAZA 127 , SAN YSIDRO, CA 92173-3035","13905 Carmel Valley Rd, #156, San Diego, California, 92130",100.0,-117.159528023172,32.970049005454
2026002018,MY TESLA DEALER INC,CORP,7710 BALBOA AVE 218G ,SAN DIEGO,CA,92111-2252,42111,AUTOMOBILE & OTHER MOTOR VEHICLE WHSLE,Wholesale Trade,Core,"7710 BALBOA AVE 218G , SAN DIEGO, CA 92111-2252","4463 Camino de la Plz, Suite 127, San Ysidro, California, 92173",100.0,-117.0366822635,32.544055037454
2008034839,MYA INTERNATIONAL INC,CORP,3517 MAIN ST 304 ,CHULA VISTA,CA,91911-0800,339999,ALL OTHER MISCELLANEOUS MFG,Manufacturing,Core,"3517 MAIN ST 304 , CHULA VISTA, CA 91911-0800","3517 Main St, Suite 304, Chula Vista, California, 91911",100.0,-117.05779870835,32.59467766741
2012033381,MYBIOSCOURCE INC,SCORP,8913 COMPLEX DR E ,SAN DIEGO,CA,92123-1413,42199,OTHER MISCELLANEOUS DURABLE GOODS WHSLE,Wholesale Trade,Core,"8913 COMPLEX DR E , SAN DIEGO, CA 92123-1413","3004 Main St, San Diego, California, 92113",100.0,-117.129259210606,32.692832351985
2019000931,MYGARAGEAUTOPARTS LLC,LLC,3004 MAIN ST ,SAN DIEGO,CA,92113-3731,42169,OTHER ELECTRONIC PARTS & EQUIPMENT WHSLE,Wholesale Trade,Core,"3004 MAIN ST , SAN DIEGO, CA 92113-3731","8913 Complex Dr, San Diego, California, 92123",98.87,-117.134880450151,32.830155544369
1991007142,MYGRANT GLASS CO INC,CORP,10220 CAMINO SANTA FE ,SAN DIEGO,CA,92126,4213,LUMBER & OTHER CONSTRUCTION MATERIALS WHSLE,Wholesale Trade,Core,"10220 CAMINO SANTA FE , SAN DIEGO, CA 92126","8684 Avenida de la Fuente, Suite 14, San Diego, California, 92154",100.0,-116.956794931068,32.556272583341
2005004244,"MYM LABORATORY & MEDICAL SUPPLY, INC",CORP,8684 AVENIDA DE LA FUENTE 14 ,SAN DIEGO,CA,92154-6220,42145,MEDICAL/DENTAL/HOSPITAL EQUIP & SUPP WHSLE,Wholesale Trade,Core,"8684 AVENIDA DE LA FUENTE 14 , SAN DIEGO, CA 92154-6220","7263 Engineer Rd, Suite A, San Diego, California, 92111",100.0,-117.160928052459,32.82714468093
1988011048,MYSTIC COIN AND PRECIOUS METALS,SOLE,7263 ENGINEER RD A ,SAN DIEGO,CA,92111-1415,421,"WHOLESALE TRADE, DURABLE GOODS",Wholesale Trade,Core,"7263 ENGINEER RD A , SAN DIEGO, CA 92111-1415","11208 Vista Sorrento Pkwy, Apartment J-303, San Diego, California, 92130",100.0,-117.229637362636,32.917513038459
2025012928,MZ STAR INC,SCORP,11208 VISTA SORRENTO PKY J303 ,SAN DIEGO,CA,92130-7621,4841,GENERAL FREIGHT TRUCKING,Transportation and Warehousing,Core,"11208 VISTA SORRENTO PKY J303 , SAN DIEGO, CA 92130-7621","12679 Westly Ln, San Diego, California, 92131",100.0,-117.059904577704,32.921020906847
1999014215,MZ3D INC,CORP,320 N PACIFIC ST D ,SAN MARCOS,CA,92069,337,FURNITURE & RELATED PRODUCT MFG,Manufacturing,Core,"320 N PACIFIC ST D , SAN MARCOS, CA 92069","28309 Avenue Crocker, Valencia, California, 91355",100.0,-118.588696577861,34.438757092896
2025010834,N & L LOGISTICS INC,CORP,12679 WESTLY LN ,SAN DIEGO,CA,92131-4205,492,COURIERS & MESSENGERS,Transportation and Warehousing,Core,"12679 WESTLY LN , SAN DIEGO, CA 92131-4205","6367 Alvarado Ct, San Diego, California, 92120",99.17,-117.061378703016,32.776628165867
2023003723,N/S CORPORATION,CORP,28309 AVENUE CROCKER ,VALENCIA,CA,91355-1251,339,MISCELLANEOUS MFG,Manufacturing,Core,"28309 AVENUE CROCKER , VALENCIA, CA 91355-1251","10220 Camino Santa Fe, San Diego, California, 92121",99.51,-117.170742422888,32.902298040177
2023011775,N3073G LLC,LLC,6367 ALVARADO CT 200 ,SAN DIEGO,CA,92120-4915,481,AIR TRANSPORTATION,Transportation and Warehousing,Core,"6367 ALVARADO CT 200 , SAN DIEGO, CA 92120-4915","320 N Pacific St, San Marcos, California, 92069",99.67,-117.192222192155,33.151209566185
2019004382,NADDOUR'S ORNAMENTAL IRON,CORP,1525 E EDINGER AVE ,SANTA ANA,CA,92705-4907,3311,IRON & STEEL MILLS & FERROALLOY MFG,Manufacturing,Core,"1525 E EDINGER AVE , SANTA ANA, CA 92705-4907","1525 E Edinger Ave, Santa Ana, California, 92705",100.0,-117.848827660945,33.726860849991
2019020176,NADERI TRANSPORTATION,SOLE,12025 TIVOLI PARK ROW 1 ,SAN DIEGO,CA,92128-4376,4841,GENERAL FREIGHT TRUCKING,Transportation and Warehousing,Core,"12025 TIVOLI PARK ROW 1 , SAN DIEGO, CA 92128-4376","845 Fort Stockton Dr, Unit 503, San Diego, California, 92103",100.0,-117.170907378742,32.750861399225
2024008568,NAKEDPOT,SOLE,845 FORT STOCKTON DR 503 ,SAN DIEGO,CA,92103-6702,3279,OTHER NONMETALLIC MINERAL PRODUCT MFG,Manufacturing,Core,"845 FORT STOCKTON DR 503 , SAN DIEGO, CA 92103-6702","12025 Tivoli Park Row, #1, San Diego, California, 92128",100.0,-117.071070362381,32.974990933656
2022013082,NANCY  BILYUE LEALCALA,SOLE,3759 BREMS ST ,SAN DIEGO,CA,92115-7009,42199,OTHER MISCELLANEOUS DURABLE GOODS WHSLE,Wholesale Trade,Core,"3759 BREMS ST , SAN DIEGO, CA 92115-7009","3759 Brems St, San Diego, California, 92115",100.0,-117.060942760231,32.74814880581
2025021553,NANNIE SOTO MUNOZ ,SOLE,4368 MCCLINTOCK ST 5 ,SAN DIEGO,CA,92105-1050,4922,LOCAL MESSENGERS & LOCAL DELIVERY,Transportation and Warehousing,Core,"4368 MCCLINTOCK ST 5 , SAN DIEGO, CA 92105-1050","2360 Marconi Ct, San Diego, California, 92154",100.0,-116.934051977906,32.555159927604
2024013369,NAPA AUTO PARTS,CORP,8353 OTAY MESA RD ,SAN DIEGO,CA,92154-7703,4211,MOTOR VEHICLE/MOTOR VEHICLE PT & SUPPLY WHSLE,Wholesale Trade,Core,"8353 OTAY MESA RD , SAN DIEGO, CA 92154-7703","4368 McClintock St, Apartment 5, San Diego, California, 92105",100.0,-117.112565812242,32.756585819999
1996009087,NAPOLEON EXPRESS LTD,CORP,2360 MARCONI CT ,SAN DIEGO,CA,92154-7241,493,WAREHOUSING & STORAGE,Transportation and Warehousing,Core,"2360 MARCONI CT , SAN DIEGO, CA 92154-7241","5741 Brunswick Ave, San Diego, California, 92120",100.0,-117.068402067324,32.79551359955
2019026430,NATE'S MORE BETTER HOT SAUCE,SOLE,5741 BRUNSWICK AVE ,SAN DIEGO,CA,92120-1904,31194,SEASONING & DRESSING MFG,Manufacturing,Core,"5741 BRUNSWICK AVE , SAN DIEGO, CA 92120-1904","8353 Otay Mesa Rd, San Diego, California, 92154",100.0,-116.964151392208,32.567648963336
2003025375,NATION FURNITURE MANUFACTURING ,SCORP,651 ANITA ST B2 ,CHULA VISTA,CA,91911-4659,31,MANUFACTURING,Manufacturing,Core,"651 ANITA ST B2 , CHULA VISTA, CA 91911-4659","14955 Avenida Venusto, San Diego, California, 92128",100.0,-117.067791780954,32.989485800727
2013049322,NATIONAL FINANCE,SOLE,5486 EL CAJON BLVD ,SAN DIEGO,CA,92115-3622,42111,AUTOMOBILE & OTHER MOTOR VEHICLE WHSLE,Wholesale Trade,Core,"5486 EL CAJON BLVD , SAN DIEGO, CA 92115-3622","651 Anita St, Suite B 2, Chula Vista, California, 91911",100.0,-117.080900406968,32.598459959309
2000000149,NATIONAL FOODS WHOLESALE IMPORT & EXPORT,SOLE,14955 AVENIDA VENUSTO ,SAN DIEGO,CA,92128-3856,422,"WHOLESALE TRADE, NONDURABLE GOODS",Wholesale Trade,Core,"14955 AVENIDA VENUSTO , SAN DIEGO, CA 92128-3856","5486 El Cajon Blvd, San Diego, California, 92115",100.0,-117.076587498689,32.758303313869
1974001203,NATIONAL PETROLEUM INC,CORP,1616 INDUSTRIAL BLVD 104 ,CHULA VISTA,CA,91911-3943,42199,OTHER MISCELLANEOUS DURABLE GOODS WHSLE,Wholesale Trade,Core,"1616 INDUSTRIAL BLVD 104 , CHULA VISTA, CA 91911-3943","1616 Industrial Blvd, Suite 104, Chula Vista, California, 91911",100.0,-117.084133223204,32.597790748159
1974003305,NATIONAL STEEL & SHIPBUILDING COMPANY,CORP,2798 E HARBOR DR ,SAN DIEGO,CA,92113-3650,336611,SHIP BUILDING & REPAIRING,Manufacturing,Core,"2798 E HARBOR DR , SAN DIEGO, CA 92113-3650","8511 Kerns St, San Diego, California, 92154",100.0,-116.959456939697,32.550983476709
2011001296,NATIONAL STEEL & SHIPBUILDING COMPANY (NASSCO),CORP,8511 KERNS ST ,SAN DIEGO,CA,92154-6223,49319,OTHER WAREHOUSING & STORAGE,Transportation and Warehousing,Core,"8511 KERNS ST , SAN DIEGO, CA 92154-6223","7420 Mission Valley Rd, San Diego, California, 92108",100.0,-117.160790589247,32.777464260709
2017005221,NATIONAL STEEL AND SHIPBUILDING COMPANY,CORP,7420 MISSION VALLEY RD ,SAN DIEGO,CA,92108-4406,49319,OTHER WAREHOUSING & STORAGE,Transportation and Warehousing,Core,"7420 MISSION VALLEY RD , SAN DIEGO, CA 92108-4406","4757 Old Cliffs Rd, San Diego, California, 92120",100.0,-117.089756642044,32.799600992724
2025013869,NATIONAL VISUAL SYSTEMS,PARTNR,5482 OCEAN GATE LN G ,SAN DIEGO,CA,92154,33995,SIGN MFG,Manufacturing,Core,"5482 OCEAN GATE LN G , SAN DIEGO, CA 92154","2798 Harbor Dr, San Diego, California, 92113",98.87,-117.134949181757,32.691225918332
1979047427,NATURAL THOUGHTS INC,CORP,4757 OLD CLIFFS RD ,SAN DIEGO,CA,92120-1134,42199,OTHER MISCELLANEOUS DURABLE GOODS WHSLE,Wholesale Trade,Core,"4757 OLD CLIFFS RD , SAN DIEGO, CA 92120-1134","9030 Kenamar Dr, San Diego, California, 92121",99.14,-117.155493226441,32.886608500446
2026003483,NATURE'S VIBE LLC,LLC,9030 KENAMAR DR 302 ,SAN DIEGO,CA,92121-2432,422,"WHOLESALE TRADE, NONDURABLE GOODS",Wholesale Trade,Core,"9030 KENAMAR DR 302 , SAN DIEGO, CA 92121-2432","5482 Ocean Gate Ln, San Diego, California, 92154",98.58,-117.014191066462,32.570398756406
2001002591,NATUREGEN INC,CORP,9245 BROWN DEER RD A ,SAN DIEGO,CA,92121-2283,4222,DRUGS & DRUGGISTS' SUNDRIES WHSLE,Wholesale Trade,Core,"9245 BROWN DEER RD A , SAN DIEGO, CA 92121-2283","6987 Calle de Linea, Suite 107, San Diego, California, 92154",100.0,-116.989692979022,32.548189578833
2009009942,NATURES CHOICE PRODUCE INC,CORP,6987 CALLE DE LINEA 107 ,SAN DIEGO,CA,92154-8016,42259,OTHER FARM PRODUCT RAW MATERIAL WHSLE,Wholesale Trade,Core,"6987 CALLE DE LINEA 107 , SAN DIEGO, CA 92154-8016","6225 Nancy Ridge Dr, San Diego, California, 92121",100.0,-117.186428819404,32.888826352027
2018012206,NATUS MEDICAL INCORPORATED,CORP,6225 NANCY RIDGE DR ,SAN DIEGO,CA,92121-2245,33911,MEDICAL EQUIPMENT & SUPPLIES MFG,Manufacturing,Core,"6225 NANCY RIDGE DR , SAN DIEGO, CA 92121-2245","9245 Brown Deer Rd, Suite A, San Diego, California, 92121",100.0,-117.177734522698,32.888835362572
2026002365,NAVIS PACK AND SHIP,SOLE,7848 SILVERTON AVE A ,SAN DIEGO,CA,92126-6308,4841,GENERAL FREIGHT TRUCKING,Transportation and Warehousing,Core,"7848 SILVERTON AVE A , SAN DIEGO, CA 92126-6308","7848 Silverton Ave, San Diego, California, 92126",100.0,-117.152268875927,32.890916589131
2025022146,NB LOGISTICS,SOLE,1912 MILLENIA AVE 132 ,CHULA VISTA,CA,91915-3082,49221,LOCAL MESSENGERS & LOCAL DELIVERY,Transportation and Warehousing,Core,"1912 MILLENIA AVE 132 , CHULA VISTA, CA 91915-3082","1912 Millenia Ave, Apartment 132, Chula Vista, California, 91915",100.0,-116.966223985407,32.612118396262
2019000830,NB TRUCKING,SOLE,9750 VIA DE LA AMISTAD 6K ,SAN DIEGO,CA,92154-7934,4841,GENERAL FREIGHT TRUCKING,Transportation and Warehousing,Core,"9750 VIA DE LA AMISTAD 6K , SAN DIEGO, CA 92154-7934","2727 Chemsearch Blvd, Irving, Texas, 75062",100.0,-96.92242318621,32.839180926252
2006010984,NCH CORPORATION,CORP,2727 CHEMSEARCH BLVD ,IRVING,TX,75062-6454,4226,CHEMICAL & ALLIED PRODUCTS WHSLE,Wholesale Trade,Core,"2727 CHEMSEARCH BLVD , IRVING, TX 75062-6454","860 Turquoise St, Unit 232, San Diego, California, 92109",100.0,-117.258148490106,32.808881226372
2014013930,NECTAR BLENDS,SOLE,860 TURQUOISE ST 232 ,SAN DIEGO,CA,92109-1142,42282,WINE & DISTILLED ALCOHOLIC BEVERAGE WHSLE,Wholesale Trade,Core,"860 TURQUOISE ST 232 , SAN DIEGO, CA 92109-1142","9750 Via de la Amistad, San Diego, California, 92154",99.49,-116.935039952833,32.552895849828
1996005819,NEGMA LEATHER INC,CORP,1566 05TH AVE ,SAN DIEGO,CA,92101-3203,4229,MISCELLANEOUS NONDURABLE GOODS WHSLE,Wholesale Trade,Core,"1566 05TH AVE , SAN DIEGO, CA 92101-3203","6367 Alvarado Ct, San Diego, California, 92120",99.17,-117.061378703016,32.776628165867
2018020212,NEIGHBORHOOD MARKET ASSOCIATION,CORP,6367 ALVARADO CT 204 ,SAN DIEGO,CA,92120-4915,4224,GROCERY & RELATED PRODUCT WHSLE,Wholesale Trade,Core,"6367 ALVARADO CT 204 , SAN DIEGO, CA 92120-4915","1951 N Marshall Ave, El Cajon, California, 92020",100.0,-116.975333437777,32.823641590226
1995001327,NEON WORKS THE,SOLE,6155 TOOLEY ST ,SAN DIEGO,CA,92114,339999,ALL OTHER MISCELLANEOUS MFG,Manufacturing,Core,"6155 TOOLEY ST , SAN DIEGO, CA 92114","6155 Tooley St, San Diego, California, 92114",100.0,-117.065178387363,32.72456250746
2000006190,NEONJUNGLESD.COM INC,CORP,1951 N MARSHALL AVE ,EL CAJON,CA,92020-1120,422,"WHOLESALE TRADE, NONDURABLE GOODS",Wholesale Trade,Core,"1951 N MARSHALL AVE , EL CAJON, CA 92020-1120","9188 Chesapeake Dr, San Diego, California, 92123",100.0,-117.130757727255,32.838527892175
2002005953,NEOTECH  AQUA  SOLUTIONS,CORP,9188 CHESAPEAKE DR ,SAN DIEGO,CA,92123-1003,339,MISCELLANEOUS MFG,Manufacturing,Core,"9188 CHESAPEAKE DR , SAN DIEGO, CA 92123-1003","92101-3203, San Diego, California",86.5,-117.160236964543,32.721466986798
2021004985,NEUROGAN INC,CORP,8821 PRODUCTION AVE ,SAN DIEGO,CA,92121-2219,421,"WHOLESALE TRADE, DURABLE GOODS",Wholesale Trade,Core,"8821 PRODUCTION AVE , SAN DIEGO, CA 92121-2219","8821 Production Ave, San Diego, California, 92121",100.0,-117.165242385662,32.884561262505
1988011767,NEUTRONICS ENTERPRISES INC,CORP,4631 VIEWRIDGE AVE B ,SAN DIEGO,CA,92123-1689,4216,ELECTRICAL GOODS WHSLE,Wholesale Trade,Core,"4631 VIEWRIDGE AVE B , SAN DIEGO, CA 92123-1689","4631 Viewridge Ave, Suite B, San Diego, California, 92123",100.0,-117.121549703703,32.823889191646
2007025401,NEW ENGLISH BREWING COMPANY,SCORP,11545 SORRENTO VALLEY RD 305A ,SAN DIEGO,CA,92121-1322,31212,BREWERIES,Manufacturing,Core,"11545 SORRENTO VALLEY RD 305A , SAN DIEGO, CA 92121-1322","4273 Whittier St, San Diego, California, 92107",100.0,-117.234745881164,32.745365552951
2024005620,NEW KEY MOVERS,SOLE,4273 WHITTIER ST ,SAN DIEGO,CA,92107-1715,48421,USED HOUSEHOLD & OFFICE GOODS MOVING,Transportation and Warehousing,Core,"4273 WHITTIER ST , SAN DIEGO, CA 92107-1715","11777 Bernardo Plaza Ct, Suite 208, San Diego, California, 92128",100.0,-117.076846667135,33.019889687663
2003017912,NEW RODEO LP,LP,11777 BERNARDO PLAZA CT 208 ,SAN DIEGO,CA,92128-2451,33599,ALL OTH ELECTRICAL EQUIPMENT & COMPONENT MFG,Manufacturing,Core,"11777 BERNARDO PLAZA CT 208 , SAN DIEGO, CA 92128-2451","355 Goddard, Suite 250, Irvine, California, 92618",100.0,-117.740552834114,33.632594404571
2000010277,NEWMATIC ENGINEERING,CORP,355 GODDARD 250 ,IRVINE,CA,92618-4644,42199,OTHER MISCELLANEOUS DURABLE GOODS WHSLE,Wholesale Trade,Core,"355 GODDARD 250 , IRVINE, CA 92618-4644","1233 Cushman Ave, San Diego, California, 92110",100.0,-117.198587440512,32.768819333412
2021001805,NEXT INDUSTRIAL,CORP,4720 REGATTA LN ,SAN DIEGO,CA,92154-8505,42183,INDUSTRIAL MACHINERY & EQUIPMENT WHSLE,Wholesale Trade,Core,"4720 REGATTA LN , SAN DIEGO, CA 92154-8505","4720 Regatta Ln, San Diego, California, 92154",100.0,-117.031145597357,32.585432176751
2025009345,NEXT LEVEL CYCLES,CORP,1233 CUSHMAN AVE ,SAN DIEGO,CA,92110-3905,3363,MOTOR VEHICLE PARTS MFG,Manufacturing,Core,"1233 CUSHMAN AVE , SAN DIEGO, CA 92110-3905","11545 Sorrento Valley Rd, San Diego, California, 92121",99.09,-117.231438968904,32.911782373168
2023011711,NEXTECH SYSTEMS INC,SCORP,13885 ALTON PKWY ,IRVINE,CA,92618-1652,339,MISCELLANEOUS MFG,Manufacturing,Core,"13885 ALTON PKWY , IRVINE, CA 92618-1652","13885 Alton Pkwy, Irvine, California, 92618",100.0,-117.709258328057,33.661789243883
2025017525,NEXTGEN FIRE PROTECTION LLC,LLC,401 INDUSTRIAL RD C ,TECATE,CA,91980-4100,81131,COMMERCIAL EQUIPMENT (EXC AUTO & ELEC) R&M,Industrial Machinery Repair,Core,"401 INDUSTRIAL RD C , TECATE, CA 91980-4100","2750 Kettner Blvd, San Diego, California, 92101",100.0,-117.17306739519,32.732418865306
1974002682,NEYENESCH PRINTERS INC,CORP,2750 KETTNER BLVD ,SAN DIEGO,CA,92101-1222,323,PRINTING & RELATED SUPPORT ACTIVITIES,Manufacturing,Core,"2750 KETTNER BLVD , SAN DIEGO, CA 92101-1222","2205 Logan Ave, San Diego, California, 92113",100.0,-117.139194699535,32.697894560498
2022000235,NFLS DELTA IV LIMITED,CORP,12750 HIGH BLUFF DR 190 ,SAN DIEGO,CA,92130-2083,32541,PHARMACEUTICAL & MEDICINE MFG,Manufacturing,Core,"12750 HIGH BLUFF DR 190 , SAN DIEGO, CA 92130-2083","12750 High Bluff Dr, Suite 190, San Diego, California, 92130",100.0,-117.240445491504,32.949247133429
2022004912,NG APOTHECARY LLC,LLC,2205 LOGAN AVE ,SAN DIEGO,CA,92113-3609,488,TRANSPORTATION SUPPORT ACTIVITIES,Transportation and Warehousing,Core,"2205 LOGAN AVE , SAN DIEGO, CA 92113-3609","2830 Garnet Ave, Suite 300, San Diego, California, 92109",100.0,-117.218085507498,32.806373654309
2014000288,NIBBLE CHOCOLATE,LLC,2830 GARNET AVE 300 ,SAN DIEGO,CA,92109-3893,31132,CHOC & CONFECTIONERY MFG FROM CACAO BEANS,Manufacturing,Core,"2830 GARNET AVE 300 , SAN DIEGO, CA 92109-3893","4535 Exbury Ct, San Diego, California, 92130",100.0,-117.220233705463,32.9576752628
2019006271,NICHOLS FREESTYLE WEAVING,SOLE,4535 EXBURY CT ,SAN DIEGO,CA,92130-1320,3159,APPAREL ACCESSORIES & OTHER APPAREL MFG,Manufacturing,Core,"4535 EXBURY CT , SAN DIEGO, CA 92130-1320","11125 Flintkote Ave, San Diego, California, 92121",100.0,-117.232007094301,32.904504450459
2015041940,NICK R BURNS,SOLE,4009 CARMEL VIEW RD 164 ,SAN DIEGO,CA,92130-2362,4229,MISCELLANEOUS NONDURABLE GOODS WHSLE,Wholesale Trade,Core,"4009 CARMEL VIEW RD 164 , SAN DIEGO, CA 92130-2362","1690 Cactus Rd, San Diego, California, 92154",100.0,-116.988321951119,32.56617257491
2011001111,NICOMUSA INC,CORP,1690 CACTUS RD ,SAN DIEGO,CA,92154-8101,339999,ALL OTHER MISCELLANEOUS MFG,Manufacturing,Core,"1690 CACTUS RD , SAN DIEGO, CA 92154-8101","401 Industrial Rd, Tecate, California, 91980",99.7,-116.629730973686,32.577129147284
2013047839,NIELSEN BIOSCIENCES INC,CORP,11125 FLINTKOTE AVE ,SAN DIEGO,CA,92121-1213,42221,DRUGS & DRUGGISTS' SUNDRIES WHSLE,Wholesale Trade,Core,"11125 FLINTKOTE AVE , SAN DIEGO, CA 92121-1213","4009 Carmel View Road, #164, San Diego, California, 92130",100.0,-117.233170251005,32.943624720417
1993005623,NIITAKAYA,CORP,4240 KEARNY MESA RD ,SAN DIEGO,CA,92111-3777,422,"WHOLESALE TRADE, NONDURABLE GOODS",Wholesale Trade,Core,"4240 KEARNY MESA RD , SAN DIEGO, CA 92111-3777","12546 Cabezon Pl, San Diego, California, 92129",100.0,-117.115068145616,32.945706491799
2013055499,NIKKIS TRANSPORT INC,CORP,5041 AVENIDA DE LA PLATA ,OCEANSIDE,CA,92057-8019,4842,SPECIALIZED FREIGHT TRUCKING,Transportation and Warehousing,Core,"5041 AVENIDA DE LA PLATA , OCEANSIDE, CA 92057-8019","13451 Portofino Dr, Del Mar, California, 92014",100.0,-117.243693981899,32.94398719582
2000001750,NINA PRINCE PRINTS,CORP,13451 PORTOFINO DR ,DEL MAR,CA,92014-3511,421,"WHOLESALE TRADE, DURABLE GOODS",Wholesale Trade,Core,"13451 PORTOFINO DR , DEL MAR, CA 92014-3511","4240 Kearny Mesa Rd, San Diego, California, 92111",100.0,-117.149189448519,32.818676108876
2025000805,NINESCROLLS LLC,LLC,12546 CABEZON PL ,SAN DIEGO,CA,92129-3012,421,"WHOLESALE TRADE, DURABLE GOODS",Wholesale Trade,Core,"12546 CABEZON PL , SAN DIEGO, CA 92129-3012","5041 Avenida de la Plata, Oceanside, California, 92057",100.0,-117.284962198364,33.230704233623
2022014279,NINFASLAND,SOLE,12650 LAKESHORE DR 134 ,LAKESIDE,CA,92040-3267,311421,FRUIT & VEGETABLE CANNING,Manufacturing,Core,"12650 LAKESHORE DR 134 , LAKESIDE, CA 92040-3267","9765 Marconi Dr, Suite 108, San Diego, California, 92154",100.0,-116.935527192864,32.554353085605
1980469266,NIPPON EXPRESS U S A SAN DIEGO,CORP,3914 MURPHY CANYON RD A154 ,SAN DIEGO,CA,92123-4435,488,TRANSPORTATION SUPPORT ACTIVITIES,Transportation and Warehousing,Core,"3914 MURPHY CANYON RD A154 , SAN DIEGO, CA 92123-4435","833 Bériault St, Longueuil, Quebec, J4G 1X7",98.21,-73.470648095696,45.562513650191
2014023047,NISHINIHON SHOKO USA CORP,CORP,9765 MARCONI DR 108 ,SAN DIEGO,CA,92154-7242,335,"ELECTRICAL EQUIP, APPLIANCE & COMPONENT MFG",Manufacturing,Core,"9765 MARCONI DR 108 , SAN DIEGO, CA 92154-7242","3914 Murphy Canyon Rd, Suite A 154, San Diego, California, 92123",100.0,-117.116651151849,32.81577743721
2024007880,NIU TOILET,CORP,833 RUE BERIAULT ,LONGUEUIL,--,00000,31,MANUFACTURING,Manufacturing,Core,"833 RUE BERIAULT , LONGUEUIL, -- 00000","12650 Lakeshore Dr, Unit 134, Lakeside, California, 92040",100.0,-116.917296218182,32.8603625404
2025023678,NIUDESINGS,SOLE,3852 VIA DE LA BANDOLA ,SAN YSIDRO,CA,92173-1536,32311,PRINTING,Manufacturing,Core,"3852 VIA DE LA BANDOLA , SAN YSIDRO, CA 92173-1536","3852 Via de la Bandola, San Ysidro, California, 92173",100.0,-117.050214259443,32.567324499864
2025008314,NL SERVICE LLC,LLC,4683 MERCURY ST B ,SAN DIEGO,CA,92111-2423,49211,COURIERS,Transportation and Warehousing,Core,"4683 MERCURY ST B , SAN DIEGO, CA 92111-2423","1107 Majestad Ln, Chula Vista, California, 91910",100.0,-117.019876044719,32.649526788224
1999012589,NO SECOND THOUGHTS INC/ EMBARK CLOTHING,CORP,1333 30TH ST D2 ,SAN DIEGO,CA,92154-3404,31522,MEN'S/BOYS' CUT & SEW APPAREL MFG,Manufacturing,Core,"1333 30TH ST D2 , SAN DIEGO, CA 92154-3404","4683 Mercury St, Suite B, San Diego, California, 92111",100.0,-117.148826512112,32.825942716015
2013052474,NOALCA INC,CORP,1107 MAJESTAD LN ,CHULA VISTA,CA,91910-7924,42139,OTHER CONSTRUCTION MATERIAL WHSLE,Wholesale Trade,Core,"1107 MAJESTAD LN , CHULA VISTA, CA 91910-7924","2620 Regatta Dr, Suite 102, Las Vegas, Nevada, 89128",100.0,-115.268747692587,36.206698411241
2025013068,NORMA OJEDA,SOLE,3500 ARENA  ,SAN DIEGO,CA,92110,3152,CUT & SEW APPAREL MFG,Manufacturing,Core,"3500 ARENA  , SAN DIEGO, CA 92110","3500 Camino Arena, Carlsbad, California, 92009",90.43,-117.22926103501,33.067675181865
2026003669,NORTH AMERICAN ENCLOSURES,SOLE,2620 REGATTA DR 102 ,LAS VEGAS,NV,89128-6892,339,MISCELLANEOUS MFG,Manufacturing,Core,"2620 REGATTA DR 102 , LAS VEGAS, NV 89128-6892","1333 30th St, San Diego, California, 92154",99.35,-117.068278518071,32.571788701495
2016005842,NORTH BAJA WHOLESALE,SOLE,4430 MOUNT BIGELOW DR ,SAN DIEGO,CA,92111-2518,42248,FRESH FRUIT & VEGETABLE WHSLE,Wholesale Trade,Core,"4430 MOUNT BIGELOW DR , SAN DIEGO, CA 92111-2518","4430 Mount Bigelow Dr, San Diego, California, 92111",100.0,-117.194058530589,32.812297941564
2000011257,NORTH MEX INS,SOLE,6965 CAMINO MAQUILADORA G ,SAN DIEGO,CA,92154-7507,422,"WHOLESALE TRADE, NONDURABLE GOODS",Wholesale Trade,Core,"6965 CAMINO MAQUILADORA G , SAN DIEGO, CA 92154-7507","6965 Camino Maquiladora, Suite G, San Diego, California, 92154",100.0,-116.989976371168,32.566837092194
2015043360,NORTH PARK BEER CO,SOLE,3038 UNIVERSITY AVE ,SAN DIEGO,CA,92104-3002,312,BEVERAGE & TOBACCO PRODUCT MFG,Manufacturing,Core,"3038 UNIVERSITY AVE , SAN DIEGO, CA 92104-3002","3038 University Ave, San Diego, California, 92104",100.0,-117.129129710202,32.748547658673
2023009581,NORTH PARK SELF STORAGE,SOLE,3812 HERMAN AVE ,SAN DIEGO,CA,92104-3714,493,WAREHOUSING & STORAGE,Transportation and Warehousing,Core,"3812 HERMAN AVE , SAN DIEGO, CA 92104-3714","3812 Herman Ave, San Diego, California, 92104",100.0,-117.126132257807,32.747715000411
1980470260,NORTH SHORES PRINTERY,CORP,926 TURQUOISE ST A ,SAN DIEGO,CA,92109-1186,3231,PRINTING & RELATED SUPPORT ACTIVITIES,Manufacturing,Core,"926 TURQUOISE ST A , SAN DIEGO, CA 92109-1186","10946 Willow Ct, San Diego, California, 92127",100.0,-117.099196844315,33.012675425509
2013044932,NORTHROP GRUMMAN SYSTEMS CORPORATION,CORP,10946 WILLOW CT ,SAN DIEGO,CA,92127-2411,493,WAREHOUSING & STORAGE,Transportation and Warehousing,Core,"10946 WILLOW CT , SAN DIEGO, CA 92127-2411","10338 Scripps Poway Pkwy, Unit 38, San Diego, California, 92131",100.0,-117.106113758453,32.93784087195
2007002303,NORTHSIDE IMPORTS INC,CORP,4955 MERCURY ST ,SAN DIEGO,CA,92111-1703,42112,MOTOR VEHICLE SUPPLIES & NEW PARTS WHSLE,Wholesale Trade,Core,"4955 MERCURY ST , SAN DIEGO, CA 92111-1703","4955 Mercury St, San Diego, California, 92111",100.0,-117.148866242333,32.831482441552
2026000202,NORTHSTAR BLINDS LLC,LLC,10338 SCRIPPS POWAY PKY 38 ,SAN DIEGO,CA,92131-5119,42199,OTHER MISCELLANEOUS DURABLE GOODS WHSLE,Wholesale Trade,Core,"10338 SCRIPPS POWAY PKY 38 , SAN DIEGO, CA 92131-5119","926 Turquoise St, Suite A, San Diego, California, 92109",100.0,-117.256967647586,32.809138802257
2025003498,NORTON LILLY INTERNATIONAL US INC,CORP,4025 CAMINO DEL RIO SOUTH 300 ,SAN DIEGO,CA,92108-4108,483,WATER TRANSPORTATION,Transportation and Warehousing,Core,"4025 CAMINO DEL RIO SOUTH 300 , SAN DIEGO, CA 92108-4108","5080 Sea Mist Ct, San Diego, California, 92121",100.0,-117.203809282372,32.909170572138
2000009551,NOVATRON INC,CORP,5080 SEA MIST CT ,SAN DIEGO,CA,92121-4226,334419,OTHER ELECTRONIC COMPONENT MFG,Manufacturing,Core,"5080 SEA MIST CT , SAN DIEGO, CA 92121-4226","4025 Camino del Rio S, Suite 300, San Diego, California, 92108",100.0,-117.107588386679,32.777980460216
1998011297,NR TRADING LLC,CORP,5106 MEADOWS DEL MAR DRWY ,SAN DIEGO,CA,92130-4854,4223,"APPAREL, PIECE GOODS & NOTIONS WHSLE",Wholesale Trade,Core,"5106 MEADOWS DEL MAR DRWY , SAN DIEGO, CA 92130-4854","6827 Nancy Ridge Dr, San Diego, California, 92121",100.0,-117.176313203376,32.886011415574
2016002836,NUCO2 LLC,LLC,6827 NANCY RIDGE DR ,SAN DIEGO,CA,92121-2233,42269,OTHER CHEMICAL & ALLIED PRODUCTS WHSLE,Wholesale Trade,Core,"6827 NANCY RIDGE DR , SAN DIEGO, CA 92121-2233","9731 Siempre Viva Rd, San Diego, California, 92154",100.0,-116.935426107112,32.556727385408
1990011405,O & S CALIFORNIA INC,CORP,9731 SIEMPRE VIVA RD ,SAN DIEGO,CA,92154-7200,3344,SEMICONDUCTOR & OTH ELECTRONIC COMPONENT MFG,Manufacturing,Core,"9731 SIEMPRE VIVA RD , SAN DIEGO, CA 92154-7200","3363 Nobel Dr, La Jolla, California, 92037",99.06,-117.231028255648,32.86790608562
2024006897,O2 LLC,LLC,3363 NOBEL DR 102 ,LA JOLLA,CA,92037-1812,311811,RETAIL BAKERIES,Manufacturing,Core,"3363 NOBEL DR 102 , LA JOLLA, CA 92037-1812","9909 Mira Mesa Blvd, Suite 320, San Diego, California, 92131",100.0,-117.112871584069,32.916622377427
1974003127,OCEAN GARDEN PRODUCTS INC,CORP,9909 MIRA MESA BLVD 320 ,SAN DIEGO,CA,92131-1064,4224,GROCERY & RELATED PRODUCT WHSLE,Wholesale Trade,Core,"9909 MIRA MESA BLVD 320 , SAN DIEGO, CA 92131-1064","2803 Emerson St, San Diego, California, 92106",100.0,-117.227666777199,32.723515104839
1999002976,OCEAN ODYSSEY,CORP,2803 EMERSON ST ,SAN DIEGO,CA,92106-2716,488999,ALL OTHER TRANSPORTATION SUPPORT ACTIVITIES,Transportation and Warehousing,Core,"2803 EMERSON ST , SAN DIEGO, CA 92106-2716","7807 Ostrow St, San Diego, California, 92111",100.0,-117.156481788101,32.815262411169
2016000875,OCEAN PALACE WHOLESALE SEAFOOD,SCORP,7807 OSTROW ST ,SAN DIEGO,CA,92111-3602,42246,FISH & SEAFOOD WHSLE,Wholesale Trade,Core,"7807 OSTROW ST , SAN DIEGO, CA 92111-3602","14231 Caminito Vistana, San Diego, California, 92130",100.0,-117.162480213289,32.977101496876
2007022193,OCEAN VIEW MARINE PRODUCTS ENTERPRISES,SCORP,14231 CAMINITO VISTANA ,SAN DIEGO,CA,92130-3724,42246,FISH & SEAFOOD WHSLE,Wholesale Trade,Core,"14231 CAMINITO VISTANA , SAN DIEGO, CA 92130-3724","5106 Meadows del Mar, San Diego, California, 92130",98.04,-117.201868536511,32.938839743351
2021008182,OCEANS WEST,CORP,4426 TEMECULA ST 1 ,SAN DIEGO,CA,92107-1014,484,TRUCK TRANSPORTATION,Transportation and Warehousing,Core,"4426 TEMECULA ST 1 , SAN DIEGO, CA 92107-1014","1637 Taft St, Lemon Grove, California, 91945",100.0,-117.033967951794,32.720920905807
1999011431,OCEANVIEW TRUCKING,SOLE,1637 TAFT ST ,LEMON GROVE,CA,91945-4053,484,TRUCK TRANSPORTATION,Transportation and Warehousing,Core,"1637 TAFT ST , LEMON GROVE, CA 91945-4053","4426 Temecula St, Apartment 1, San Diego, California, 92107",100.0,-117.231840378247,32.751906119637
2024002432,OCHMANNG TRADING CORPORATION,CORP,2345 1/2 N MICHAEL FARADAY N DR 5 ,SAN DIEGO,CA,92154,421,"WHOLESALE TRADE, DURABLE GOODS",Wholesale Trade,Core,"2345 1/2 N MICHAEL FARADAY N DR 5 , SAN DIEGO, CA 92154","10636 Scripps Summit Ct, Suite 120, San Diego, California, 92131",100.0,-117.099011604255,32.941097911886
2000010523,OCP OFFSET COMMERCIAL PRESS,CORP,100 W 35TH ST P ,NATIONAL CITY,CA,91950-7925,323,PRINTING & RELATED SUPPORT ACTIVITIES,Manufacturing,Core,"100 W 35TH ST P , NATIONAL CITY, CA 91950-7925","4729 Cereza St, San Diego, California, 92102",100.0,-117.093066907065,32.705025380806
2025006915,OEC GROUP SAN DIEGO,CORP,10636 SCRIPPS SUMMIT CT 120 ,SAN DIEGO,CA,92131-3965,4885,FREIGHT TRANSPORTATION ARRANGEMENT,Transportation and Warehousing,Core,"10636 SCRIPPS SUMMIT CT 120 , SAN DIEGO, CA 92131-3965","6550 Mira Mesa Blvd, San Diego, California, 92121",100.0,-117.177694708657,32.906565057536
2023009842,OEM SUPPLIES & SERVICES,SOLE,4729 CEREZA ST ,SAN DIEGO,CA,92102-4822,42299,OTHER MISCELLANEOUS NONDURABLE GOODS WHSLE,Wholesale Trade,Core,"4729 CEREZA ST , SAN DIEGO, CA 92102-4822","100 W 35th St, Suite P, National City, California, 91950",100.0,-117.09867783687,32.6497781615
1999012954,OES EQUIPMENT LLC,CORP,6550 MIRA MESA BLVD ,SAN DIEGO,CA,92121-4100,4214,PROFESSIONAL & COMMERCIAL EQUIP & SUPP WHSLE,Wholesale Trade,Core,"6550 MIRA MESA BLVD , SAN DIEGO, CA 92121-4100","28244 Faircrest Way, Escondido, California, 92026",100.0,-117.101806214592,33.222228075947
2025017992,OFF GRID MACHINES LLC,LLC,28244 FAIRCREST WAY ,ESCONDIDO,CA,92026-6701,339,MISCELLANEOUS MFG,Manufacturing,Core,"28244 FAIRCREST WAY , ESCONDIDO, CA 92026-6701","3519 Main St, Suite 401, Chula Vista, California, 91911",100.0,-117.057799127445,32.59467766741
2020016588,OFF THE PAGE DESIGN LLC,LLC,31223 PAUMA HEIGHTS RD ,VALLEY CENTER,CA,92082-4651,332812,"METAL COATING, ENGRAVING, & ALLIED SERVICES",Manufacturing,Core,"31223 PAUMA HEIGHTS RD , VALLEY CENTER, CA 92082-4651","7668 Miramar Rd, San Diego, California, 92126",99.7,-117.151313506603,32.884895071799
1998007533,OFFICE 2000,CORP,3519 MAIN ST 401 ,CHULA VISTA,CA,91911-0801,4229,MISCELLANEOUS NONDURABLE GOODS WHSLE,Wholesale Trade,Core,"3519 MAIN ST 401 , CHULA VISTA, CA 91911-0801","16714 Wikiup Rd, Ramona, California, 92065",100.0,-116.803360086309,33.016709719327
2024005816,OFFISAVVY LLC,LLC,7668 MIRAMAR RD B ,SAN DIEGO,CA,92126-4202,33712,HOUSEHOLD & INSTITUTIONAL FURNITURE MFG,Manufacturing,Core,"7668 MIRAMAR RD B , SAN DIEGO, CA 92126-4202","31223 Pauma Heights Rd, Valley Center, California, 92082",100.0,-116.992219787553,33.284607289026
2025008544,OFFROAD OFFSET SMOKERS,SOLE,16714 WIKIUP RD ,RAMONA,CA,92065-4164,337,FURNITURE & RELATED PRODUCT MFG,Manufacturing,Core,"16714 WIKIUP RD , RAMONA, CA 92065-4164","2345 Michael Faraday Dr, San Diego, California, 92154",93.3,-116.931982988926,32.555965931414
1992000440,OFFSHORE PROMOTIONS INC,CORP,575 UNION ST ,SAN DIEGO,CA,92101-6728,4219,MISCELLANEOUS DURABLE GOODS WHSLE,Wholesale Trade,Core,"575 UNION ST , SAN DIEGO, CA 92101-6728","8901 Activity Rd, San Diego, California, 92126",99.17,-117.134567553706,32.896045433775
2025003728,OG ACES PRINTING,SOLE,1829 CANAL ST ,SAN DIEGO,CA,92154-1160,339,MISCELLANEOUS MFG,Manufacturing,Core,"1829 CANAL ST , SAN DIEGO, CA 92154-1160","575 Union St, San Diego, California, 92101",100.0,-117.165573973751,32.711191611696
2019004431,OGO/SMA SERVICES LLC,LLC,8901 ACTIVITY RD 223 ,SAN DIEGO,CA,92126-4432,42145,MEDICAL/DENTAL/HOSPITAL EQUIP & SUPP WHSLE,Wholesale Trade,Core,"8901 ACTIVITY RD 223 , SAN DIEGO, CA 92126-4432","1829 Canal St, San Diego, California, 92154",100.0,-117.093390364709,32.587251385016
2024002213,OLALA CREPES,CORP,453 05TH AVE ,SAN DIEGO,CA,92101-6911,311811,RETAIL BAKERIES,Manufacturing,Core,"453 05TH AVE , SAN DIEGO, CA 92101-6911","8828 Complex Dr, San Diego, California, 92123",100.0,-117.136875762202,32.82999884469
2020005027,OLD FASHIONED LUMBER,SCORP,1815 MAIN ST A ,SAN DIEGO,CA,92113-2131,337,FURNITURE & RELATED PRODUCT MFG,Manufacturing,Core,"1815 MAIN ST A , SAN DIEGO, CA 92113-2131","2115 Kurtz St, San Diego, California, 92110",100.0,-117.190618932802,32.744460977961
2006010039,OLD MASTER PRODUCTS INC,CORP,8828 COMPLEX DR ,SAN DIEGO,CA,92123-1404,42122,HOME FURNISHING WHSLE,Wholesale Trade,Core,"8828 COMPLEX DR , SAN DIEGO, CA 92123-1404","1012 Edgemont Pl, San Diego, California, 92102",100.0,-117.125929918665,32.716194769701
1989000916,OLD TOWN TROLLEY TOURS OF SAN DIEGO INC,CORP,2115 KURTZ ST ,SAN DIEGO,CA,92110-2016,488999,ALL OTHER TRANSPORTATION SUPPORT ACTIVITIES,Transportation and Warehousing,Core,"2115 KURTZ ST , SAN DIEGO, CA 92110-2016","453 E Ave, Coronado, California, 92118",89.36,-117.177630000365,32.694533249687
1985009550,OLGA PORTEOUS/TEXTILE,SOLE,1012 EDGEMONT PL ,SAN DIEGO,CA,92102-2336,422,"WHOLESALE TRADE, NONDURABLE GOODS",Wholesale Trade,Core,"1012 EDGEMONT PL , SAN DIEGO, CA 92102-2336","1815 Main St, Suite A, San Diego, California, 92113",100.0,-117.147953955991,32.699935218645
2024013590,OLIN WOODWORKS,SOLE,3440 MAIN ST ,SAN DIEGO,CA,92113-3803,337,FURNITURE & RELATED PRODUCT MFG,Manufacturing,Core,"3440 MAIN ST , SAN DIEGO, CA 92113-3803","7660 Fay Ave, Suite H, La Jolla, California, 92037",98.81,-117.274665114132,32.842939706912
2025022038,OLIVE AND MARTI,H-W,7660 FAY AVE H801 ,LA JOLLA,CA,92037-0021,4229,MISCELLANEOUS NONDURABLE GOODS WHSLE,Wholesale Trade,Core,"7660 FAY AVE H801 , LA JOLLA, CA 92037-0021","3440 Main St, San Diego, California, 92113",100.0,-117.119709037766,32.688524095662
2015016686,OLIVE BAKING COMPANY,SCORP,735 SANTA CLARA PL A ,SAN DIEGO,CA,92109-7198,42249,OTHER GROCERY & RELATED PRODUCTS WHSLE,Wholesale Trade,Core,"735 SANTA CLARA PL A , SAN DIEGO, CA 92109-7198","735 Santa Clara Pl, Apartment A, San Diego, California, 92109",100.0,-117.252897646862,32.78247647117
2025007270,OLIVER LIZARRAGA PAREDES,SOLE,6452 SULLIVAN AVE ,SAN DIEGO,CA,92114-4280,332,FABRICATED METAL PRODUCT MFG,Manufacturing,Core,"6452 SULLIVAN AVE , SAN DIEGO, CA 92114-4280","6452 Sullivan Ave, San Diego, California, 92114",100.0,-117.059081558631,32.707081545474
2016015454,OLIVERAS TRANSPORT,SOLE,333 E SAN YSIDRO BLVD 114 ,SAN YSIDRO,CA,92173-2721,4889,OTHER TRANSPORTATION SUPPORT ACTIVITIES,Transportation and Warehousing,Core,"333 E SAN YSIDRO BLVD 114 , SAN YSIDRO, CA 92173-2721","2505 Old Quarry Rd, #1526, San Diego, California, 92108",100.0,-117.127046974901,32.786866995872
2024002365,OLSON IRRIGATION AND ASSOCIATES INC,SCORP,5837 MISSION GORGE RD E ,SAN DIEGO,CA,92120-4060,421,"WHOLESALE TRADE, DURABLE GOODS",Wholesale Trade,Core,"5837 MISSION GORGE RD E , SAN DIEGO, CA 92120-4060","333 E San Ysidro Blvd, San Ysidro, California, 92173",99.25,-117.038438356034,32.550989805046
2019006092,OLYMPUS CONTROLS,CORP,10451 ROSELLE ST 100 ,SAN DIEGO,CA,92121-1561,333298,ALL OTHER INDUSTRIAL MACHINERY MFG,Manufacturing,Core,"10451 ROSELLE ST 100 , SAN DIEGO, CA 92121-1561","10451 Roselle St, Suite 100, San Diego, California, 92121",100.0,-117.219412865685,32.894654917947
2004000352,OMEGA DIVING SERVICE,SOLE,2505 OLD QUARRY RD 1526 ,SAN DIEGO,CA,92108-2766,81131,COMMERCIAL EQUIPMENT (EXC AUTO & ELEC) R&M,Industrial Machinery Repair,Core,"2505 OLD QUARRY RD 1526 , SAN DIEGO, CA 92108-2766","12363 Caminito Festivo, San Diego, California, 92131",100.0,-117.065158186976,32.923650016507
2019004555,OMG GLOBAL LOGISTICS CORP,CORP,9255 CUSTOMHOUSE PLZ I ,SAN DIEGO,CA,92154-7627,4841,GENERAL FREIGHT TRUCKING,Transportation and Warehousing,Core,"9255 CUSTOMHOUSE PLZ I , SAN DIEGO, CA 92154-7627","9255 Customhouse Plz, Suite I, San Diego, California, 92154",100.0,-116.947452545607,32.553003389646
2021013020,OMNIA INVENTA MEDICAL INC,SCORP,12363 CAMINITO FESTIVO ,SAN DIEGO,CA,92131-3522,33911,MEDICAL EQUIPMENT & SUPPLIES MFG,Manufacturing,Core,"12363 CAMINITO FESTIVO , SAN DIEGO, CA 92131-3522","8671 Lone Star Rd, San Diego, California, 92154",99.0,-116.951774576295,32.578507198224
2022003773,OMNISELL DISTRIBUTERS,SOLE,8671 LONESTAR RD ,SAN DIEGO,CA,92154-7804,421,"WHOLESALE TRADE, DURABLE GOODS",Wholesale Trade,Core,"8671 LONESTAR RD , SAN DIEGO, CA 92154-7804","2323 Avenida Costa Este, Suite 500, San Diego, California, 92154",100.0,-116.955076054183,32.555247560402
2015038235,ON TIME CONCRETE,SCORP,6051 BUSINESS CENTER CT 4-638 ,SAN DIEGO,CA,92154-6641,42132,BRICK & RELATED CONSTRUCTION MATERIAL WHSLE,Wholesale Trade,Core,"6051 BUSINESS CENTER CT 4-638 , SAN DIEGO, CA 92154-6641","6051 Business Center Ct, Suite 4, San Diego, California, 92154",100.0,-117.00465811277,32.569278028127
2000011618,ON-TIME LOGISTICS CORPORATION,CORP,2323 AVENIDA COSTA ESTE 500 ,SAN DIEGO,CA,92154-6245,493,WAREHOUSING & STORAGE,Transportation and Warehousing,Core,"2323 AVENIDA COSTA ESTE 500 , SAN DIEGO, CA 92154-6245","4766 Renovo Way, San Diego, California, 92124",100.0,-117.077593829985,32.827608242085
2025012762,ONE DIVERSIFIED,LLC,8222 RONSON RD ,SAN DIEGO,CA,92111-2005,3343,AUDIO & VIDEO EQUIPMENT MFG,Manufacturing,Core,"8222 RONSON RD , SAN DIEGO, CA 92111-2005","5837 Mission Gorge Rd, San Diego, California, 92120",98.87,-117.10103248111,32.781407946153
2010007030,ONE SOURCE DIRECT,SCORP,4766 RENOVO WAY ,SAN DIEGO,CA,92124-2453,42111,AUTOMOBILE & OTHER MOTOR VEHICLE WHSLE,Wholesale Trade,Core,"4766 RENOVO WAY , SAN DIEGO, CA 92124-2453","8222 Ronson Rd, San Diego, California, 92111",100.0,-117.146465749082,32.82913228163
2006011382,ONE SOURCE DISTRIBUTORS LLC,LLC,9275 CARROLL PARK DR ,SAN DIEGO,CA,92121-3234,4216,ELECTRICAL GOODS WHSLE,Wholesale Trade,Core,"9275 CARROLL PARK DR , SAN DIEGO, CA 92121-3234","9275 Carroll Park Dr, San Diego, California, 92121",100.0,-117.177352894646,32.888622923237
1992010793,ONE WORLD EXPORTS,SOLE,7130 HORNER ST ,SAN DIEGO,CA,92120-1913,421,"WHOLESALE TRADE, DURABLE GOODS",Wholesale Trade,Core,"7130 HORNER ST , SAN DIEGO, CA 92120-1913","3004 Fairmount Ave, San Diego, California, 92105",100.0,-117.101086963481,32.73701273498
2023001885,ONE20MOVERS,LLC,3004 FAIRMOUNT AVE ,SAN DIEGO,CA,92105-4639,48421,USED HOUSEHOLD & OFFICE GOODS MOVING,Transportation and Warehousing,Core,"3004 FAIRMOUNT AVE , SAN DIEGO, CA 92105-4639","7130 Horner St, San Diego, California, 92120",100.0,-117.067186356088,32.794876071995
2014018323,ONESOURCE DISTRIBUTORS LLC,LLC,5045 CONVOY ST ,SAN DIEGO,CA,92111-1602,4229,MISCELLANEOUS NONDURABLE GOODS WHSLE,Wholesale Trade,Core,"5045 CONVOY ST , SAN DIEGO, CA 92111-1602","5045 Convoy St, San Diego, California, 92111",100.0,-117.153041855038,32.83379743939
2023007415,ONMYWAYAGENCY,SOLE,1380 LAUREL TREE LN 310 ,CARLSBAD,CA,92011-4234,48899,OTHER TRANSPORTATION SUPPORT ACTIVITIES,Transportation and Warehousing,Core,"1380 LAUREL TREE LN 310 , CARLSBAD, CA 92011-4234","8248 Mercury Ct, San Diego, California, 92111",99.14,-117.147108389599,32.83491068186
1996002775,ONTRAC,CORP,"7077 CONSOLIDATED WAY E, F, G, H ",SAN DIEGO,CA,92121-2633,488999,ALL OTHER TRANSPORTATION SUPPORT ACTIVITIES,Transportation and Warehousing,Core,"7077 CONSOLIDATED WAY E, F, G, H , SAN DIEGO, CA 92121-2633","1380 Laurel Tree Ln, Apartment 310, Carlsbad, California, 92011",100.0,-117.301241698349,33.121703869254
2024006231,OPPA FOOD,CORP,8248 MERCURY CT 100 ,SAN DIEGO,CA,92111-1204,4224,GROCERY & RELATED PRODUCT WHSLE,Wholesale Trade,Core,"8248 MERCURY CT 100 , SAN DIEGO, CA 92111-1204","9156 Pimpernel Dr, San Diego, California, 92129",100.0,-117.131397182649,32.951962953877
2025001540,OPTICAL CONNECTION TECHNOLOGY INC,SCORP,15980 BERNARDO CENTER DR ,SAN DIEGO,CA,92127-1828,421,"WHOLESALE TRADE, DURABLE GOODS",Wholesale Trade,Core,"15980 BERNARDO CENTER DR , SAN DIEGO, CA 92127-1828","3485 Kurtz St, San Diego, California, 92110",100.0,-117.209618025091,32.755777511166
2025015065,ORANGE RADIO SERVICE,LLC,3485 KURTZ ST ,SAN DIEGO,CA,92110-4430,488999,ALL OTHER TRANSPORTATION SUPPORT ACTIVITIES,Transportation and Warehousing,Core,"3485 KURTZ ST , SAN DIEGO, CA 92110-4430","15980 Bernardo Center Dr, San Diego, California, 92127",100.0,-117.089477776126,33.007465066858
2014021648,ORDERPICKUP.COM / JUICE ALCHEMY,LLC,9156 PIMPERNEL DR ,SAN DIEGO,CA,92129-3602,4922,LOCAL MESSENGERS & LOCAL DELIVERY,Transportation and Warehousing,Core,"9156 PIMPERNEL DR , SAN DIEGO, CA 92129-3602","3003 Thornton Pl, San Diego, California, 92105",100.0,-117.078152483831,32.736585509375
2025019024,OREDI RAJABU & JEANNETTE B KATEMBE,H-W,3003 THORNTON PL ,SAN DIEGO,CA,92105-5042,49221,LOCAL MESSENGERS & LOCAL DELIVERY,Transportation and Warehousing,Core,"3003 THORNTON PL , SAN DIEGO, CA 92105-5042","2374 Smythe Ave, San Ysidro, California, 92173",100.0,-117.049468437699,32.555157245395
2000004588,ORGANICS UNLIMITED INC,CORP,8587 AVENIDA COSTA NORTE 2 ,SAN DIEGO,CA,92154-6250,422,"WHOLESALE TRADE, NONDURABLE GOODS",Wholesale Trade,Core,"8587 AVENIDA COSTA NORTE 2 , SAN DIEGO, CA 92154-6250","8587 Avenida Costa Norte, Suite 2, San Diego, California, 92154",100.0,-116.957479648738,32.558983416557
2001012266,ORPESA SEAFOOD LLC,CORP,3065 BEYER BLVD B-103 ,SAN DIEGO,CA,92154-3499,4229,MISCELLANEOUS NONDURABLE GOODS WHSLE,Wholesale Trade,Core,"3065 BEYER BLVD B-103 , SAN DIEGO, CA 92154-3499","3065 Beyer Blvd, Suite 103, San Diego, California, 92154",99.94,-117.065326998506,32.572089737548
2023002535,ORTEGA & SONS TRUCKING LLC,LLC,2374 SMYTHE AVE ,SAN YSIDRO,CA,92173-2435,484,TRUCK TRANSPORTATION,Transportation and Warehousing,Core,"2374 SMYTHE AVE , SAN YSIDRO, CA 92173-2435","10015 Waples Ct, San Diego, California, 92121",100.0,-117.179410400418,32.902400634672
2025002455,ORTHO CLINICAL DIAGNOSTICS,SOLE,9975 SUMMERS RIDGE RD ,SAN DIEGO,CA,92121-2997,339,MISCELLANEOUS MFG,Manufacturing,Core,"9975 SUMMERS RIDGE RD , SAN DIEGO, CA 92121-2997","7077 Consolidated Way, #H, San Diego, California, 92121",98.78,-117.162089029868,32.877002001217
2025022249,ORTHO CLINICAL DIAGNOSTICS,SOLE,10015 WAPLES CT ,SAN DIEGO,CA,92121-2962,4931,WAREHOUSING & STORAGE,Transportation and Warehousing,Core,"10015 WAPLES CT , SAN DIEGO, CA 92121-2962","9975 Summers Ridge Rd, San Diego, California, 92121",100.0,-117.17304660807,32.896533763454
2010001073,OSCAR GUERRERO TRUCKING INC,CORP,2455 OTAY CENTER DR 117-412 ,SAN DIEGO,CA,92154-7629,48411,"GENERAL FREIGHT TRUCKING, LOCAL",Transportation and Warehousing,Core,"2455 OTAY CENTER DR 117-412 , SAN DIEGO, CA 92154-7629","7443 Viewcrest Dr, San Diego, California, 92114",100.0,-117.039701089747,32.715183912178
2025001656,OSWEET EDITHS,SOLE,7443 VIEWCREST DR ,SAN DIEGO,CA,92114-3234,3119,OTHER FOOD MFG,Manufacturing,Core,"7443 VIEWCREST DR , SAN DIEGO, CA 92114-3234","2455 Otay Center Dr, Suite 117, San Diego, California, 92154",100.0,-116.942697827212,32.555020327007
2006010847,OTAY ELECTRIC DISTRIBUTION GROUP LLC,LLC,9850 VIA DE LA AMISTAD ,SAN DIEGO,CA,92154-7283,42183,INDUSTRIAL MACHINERY & EQUIPMENT WHSLE,Wholesale Trade,Core,"9850 VIA DE LA AMISTAD , SAN DIEGO, CA 92154-7283","9850 Via de la Amistad, San Diego, California, 92154",100.0,-116.93337983309,32.552867686634
2014037120,OTAY MESA SALES INC,CORP,2828 UNIVERSITY AVE 102 ,SAN DIEGO,CA,92104-2985,42144,OTHER COMMERCIAL EQUIPMENT WHSLE,Wholesale Trade,Core,"2828 UNIVERSITY AVE 102 , SAN DIEGO, CA 92104-2985","2828 University Ave, Unit 102, San Diego, California, 92104",100.0,-117.132940710118,32.748488105251
2006000296,OTAY TRUCK SALES,CORP,8395 SAINT ANDREWS AVE ,SAN DIEGO,CA,92154-8214,42111,AUTOMOBILE & OTHER MOTOR VEHICLE WHSLE,Wholesale Trade,Core,"8395 SAINT ANDREWS AVE , SAN DIEGO, CA 92154-8214","3015 Clairemont Dr, San Diego, California, 92117",100.0,-117.193570703824,32.795041530763
2006013964,OTD LOGISTICS INC,CORP,10100 AIRWAY RD ,SAN DIEGO,CA,92154-7936,48411,"GENERAL FREIGHT TRUCKING, LOCAL",Transportation and Warehousing,Core,"10100 AIRWAY RD , SAN DIEGO, CA 92154-7936","8395 Saint Andrews Ave, San Diego, California, 92154",100.0,-116.962892262713,32.56591805842
2018028180,OUMI SUSHI,LLC,3015 CLAIREMONT DR ,SAN DIEGO,CA,92117-6802,42246,FISH & SEAFOOD WHSLE,Wholesale Trade,Core,"3015 CLAIREMONT DR , SAN DIEGO, CA 92117-6802","1260 Garnet Ave, San Diego, California, 92109",100.0,-117.246892432332,32.798482804931
2021012673,OUMI SUSHI,LLC,8142 MIRA MESA BLVD ,SAN DIEGO,CA,92126-2602,42242,PACKAGED FROZEN FOOD WHSLE,Wholesale Trade,Core,"8142 MIRA MESA BLVD , SAN DIEGO, CA 92126-2602","8142 Mira Mesa Blvd, San Diego, California, 92126",100.0,-117.148086054785,32.912703460508
2025011862,OUMI SUSHI,SOLE,11710 CARMEL MOUNTAIN RD ,SAN DIEGO,CA,92128-4622,422,"WHOLESALE TRADE, NONDURABLE GOODS",Wholesale Trade,Core,"11710 CARMEL MOUNTAIN RD , SAN DIEGO, CA 92128-4622","10100 Airway Rd, San Diego, California, 92154",100.0,-116.935212871495,32.560278294869
2025011863,OUMI SUSHI,SOLE,1260 GARNET AVE ,SAN DIEGO,CA,92109-2912,422,"WHOLESALE TRADE, NONDURABLE GOODS",Wholesale Trade,Core,"1260 GARNET AVE , SAN DIEGO, CA 92109-2912","3358 Governor Dr, San Diego, California, 92122",100.0,-117.214504423185,32.851023717249
2025011865,OUMI SUSHI,SOLE,3358 GOVERNOR DR ,SAN DIEGO,CA,92122-2925,422,"WHOLESALE TRADE, NONDURABLE GOODS",Wholesale Trade,Core,"3358 GOVERNOR DR , SAN DIEGO, CA 92122-2925","11710 Carmel Mountain Rd, San Diego, California, 92128",100.0,-117.079401387405,32.979759398373
2025011869,OUMI SUSHI,SOLE,16415 PASEO DEL SUR ,SAN DIEGO,CA,92127-4210,422,"WHOLESALE TRADE, NONDURABLE GOODS",Wholesale Trade,Core,"16415 PASEO DEL SUR , SAN DIEGO, CA 92127-4210","4439 Genesee Ave, San Diego, California, 92117",100.0,-117.183313182175,32.824622733902
2025012768,OUMI SUSHI,SOLE,4439 GENESEE AVE ,SAN DIEGO,CA,92117-3005,42246,FISH & SEAFOOD WHSLE,Wholesale Trade,Core,"4439 GENESEE AVE , SAN DIEGO, CA 92117-3005","16415 Paseo del Sur, San Diego, California, 92127",100.0,-117.124067208322,33.019945930233
2025012770,OUMI SUSHI,SOLE,3315 ROSECRANS ST ,SAN DIEGO,CA,92110-4224,42246,FISH & SEAFOOD WHSLE,Wholesale Trade,Core,"3315 ROSECRANS ST , SAN DIEGO, CA 92110-4224","3015 Clairemont Dr, San Diego, California, 92117",100.0,-117.193570703824,32.795041530763
2025012773,OUMI SUSHI,SOLE,3015 CLAIREMONT DR ,SAN DIEGO,CA,92117-6802,42246,FISH & SEAFOOD WHSLE,Wholesale Trade,Core,"3015 CLAIREMONT DR , SAN DIEGO, CA 92117-6802","3315 Rosecrans St, San Diego, California, 92110",100.0,-117.20720806029,32.748321305377
2017005854,OUTDOOR CREATIONS INC.,CORP,2270 BARNEY RD ,ANDERSON,CA,96007-4305,339,MISCELLANEOUS MFG,Manufacturing,Core,"2270 BARNEY RD , ANDERSON, CA 96007-4305","2270 Barney Rd, Anderson, California, 96007",100.0,-122.290520026484,40.443056444844
2024010204,OUTLAW TRUCKING INC,CORP,378 E SAN YSIDRO BLVD 72 ,SAN YSIDRO,CA,92173-2722,4841,GENERAL FREIGHT TRUCKING,Transportation and Warehousing,Core,"378 E SAN YSIDRO BLVD 72 , SAN YSIDRO, CA 92173-2722","378 E San Ysidro Blvd, San Ysidro, California, 92173",99.49,-117.038095536194,32.550749160606
2007001709,OUTLET AUTO SALES,CORP,1221 INNOVATIVE DR 23 ,SAN DIEGO,CA,92154-6665,42111,AUTOMOBILE & OTHER MOTOR VEHICLE WHSLE,Wholesale Trade,Core,"1221 INNOVATIVE DR 23 , SAN DIEGO, CA 92154-6665","1221 Innovative Dr, San Diego, California, 92154",99.46,-117.00119769746,32.574489306781
2014025246,OUTLETS CAFE,LLC,4463 CAMINO DE LA PLAZA 115 ,SAN YSIDRO,CA,92173-3035,311812,COMMERCIAL BAKERIES,Manufacturing,Core,"4463 CAMINO DE LA PLAZA 115 , SAN YSIDRO, CA 92173-3035","603 Seagaze Dr, Oceanside, California, 92054",100.0,-117.377817592294,33.195604594981
2021005101,OXFORD LAB PRODUCTS INC,CORP,9477 WAPLES ST 120 ,SAN DIEGO,CA,92121-2937,42145,MEDICAL/DENTAL/HOSPITAL EQUIP & SUPP WHSLE,Wholesale Trade,Core,"9477 WAPLES ST 120 , SAN DIEGO, CA 92121-2937","9477 Waples St, Suite 120, San Diego, California, 92121",100.0,-117.183649883225,32.902310445393
2021000206,P & M DELIVERIES INC,CORP,603 SEAGAZE DR ,OCEANSIDE,CA,92054-3005,49221,LOCAL MESSENGERS & LOCAL DELIVERY,Transportation and Warehousing,Core,"603 SEAGAZE DR , OCEANSIDE, CA 92054-3005","4463 Camino de la Plz, Suite 115, San Ysidro, California, 92173",100.0,-117.0366822635,32.544055037454
2012075694,P & P SALES INC,CORP,2715 DOVE ST ,SAN DIEGO,CA,92103-6121,422,"WHOLESALE TRADE, NONDURABLE GOODS",Wholesale Trade,Core,"2715 DOVE ST , SAN DIEGO, CA 92103-6121","3704 Voltaire St, Suite 107, San Diego, California, 92107",100.0,-117.229138136482,32.740257872613
1999001495,P L BAGEL,SOLE,3704 VOLTAIRE ST 107 ,SAN DIEGO,CA,92107-1621,311811,RETAIL BAKERIES,Manufacturing,Core,"3704 VOLTAIRE ST 107 , SAN DIEGO, CA 92107-1621","2715 Dove St, San Diego, California, 92103",100.0,-117.16844905036,32.733803555711
1974001259,P L SPORTFISHING ASSOCIATION,CORP,1403 SCOTT ST ,SAN DIEGO,CA,92106-2728,4831,"DEEP SEA, COASTAL & GREAT LAKES WATER TRANS",Transportation and Warehousing,Core,"1403 SCOTT ST , SAN DIEGO, CA 92106-2728","1403 Scott St, San Diego, California, 92106",100.0,-117.227741376137,32.724477012048
2015014975,P Q DONUT,SOLE,9335 PASEO MONTALBAN ,SAN DIEGO,CA,92129-2694,311811,RETAIL BAKERIES,Manufacturing,Core,"9335 PASEO MONTALBAN , SAN DIEGO, CA 92129-2694","9335 Paseo Montalban, San Diego, California, 92129",100.0,-117.125705116021,32.959241421409
2024001040,P'N H STYLIN,SOLE,14313 CUCA ST D ,SAN DIEGO,CA,92129-1715,32311,PRINTING,Manufacturing,Core,"14313 CUCA ST D , SAN DIEGO, CA 92129-1715","14313 Cuca St, Apartment D, San Diego, California, 92129",100.0,-117.095769232649,32.974419874593
2009025837,PAAZ JEWELRY IMPORT,CORP,861 06TH AVE 210 ,SAN DIEGO,CA,92101-6312,42194,JEWELRY/WATCH/PRECIOUS STONE & METAL WHSLE,Wholesale Trade,Core,"861 06TH AVE 210 , SAN DIEGO, CA 92101-6312","6415 Marindustry Dr, San Diego, California, 92121",100.0,-117.17702097128,32.880217466913
2013043252,PAC TOW INC & PACIFIC TOW,CORP,3487 MAIN ST G ,CHULA VISTA,CA,91911-5887,48841,MOTOR VEHICLE TOWING,Transportation and Warehousing,Core,"3487 MAIN ST G , CHULA VISTA, CA 91911-5887","524 W Calle Primera, Suite 1005, San Ysidro, California, 92173",100.0,-117.054665552943,32.554807426666
2014015951,PACIFIC AUTOW CENTER,SCORP,6415 MARINDUSTRY DR ,SAN DIEGO,CA,92121-2536,48841,MOTOR VEHICLE TOWING,Transportation and Warehousing,Core,"6415 MARINDUSTRY DR , SAN DIEGO, CA 92121-2536","3487 Main St, Chula Vista, California, 91911",99.69,-117.058756256969,32.594696987697
2026001084,PACIFIC CASKET M & M,SOLE,524 W CALLE PRIMERA 1005-16 ,SAN YSIDRO,CA,92173-2807,42199,OTHER MISCELLANEOUS DURABLE GOODS WHSLE,Wholesale Trade,Core,"524 W CALLE PRIMERA 1005-16 , SAN YSIDRO, CA 92173-2807","7915 Silverton Ave, Suite 302, San Diego, California, 92126",100.0,-117.151863527089,32.889790103254
2026003213,PACIFIC COAST CONTRACTING,SOLE,7915 SILVERTON AVE 302 ,SAN DIEGO,CA,92126-6348,4841,GENERAL FREIGHT TRUCKING,Transportation and Warehousing,Core,"7915 SILVERTON AVE 302 , SAN DIEGO, CA 92126-6348","92101-6312, San Diego, California",86.5,-117.159229040686,32.714230009687
2024000305,PACIFIC COAST GLOBAL INC,SCORP,2350 MARCONI PL 102 ,SAN DIEGO,CA,92154-7256,4229,MISCELLANEOUS NONDURABLE GOODS WHSLE,Wholesale Trade,Core,"2350 MARCONI PL 102 , SAN DIEGO, CA 92154-7256","2350 Marconi Pl, Suite 102, San Diego, California, 92154",100.0,-116.930007290528,32.555416330022
2023006176,PACIFIC COAST TIRE RECYCLING,SOLE,8839 TROY ST A ,SPRING VALLEY,CA,91977-2638,488,TRANSPORTATION SUPPORT ACTIVITIES,Transportation and Warehousing,Core,"8839 TROY ST A , SPRING VALLEY, CA 91977-2638","1437 La Media Rd, San Diego, California, 92154",100.0,-116.962256579177,32.570035207351
2016010613,PACIFIC COAST TRANSPORTATION LLC,LLC,1437 LA MEDIA RD ,SAN DIEGO,CA,92154-7812,48412,"GENERAL FREIGHT TRUCKING, LONG-DISTANCE",Transportation and Warehousing,Core,"1437 LA MEDIA RD , SAN DIEGO, CA 92154-7812","3801 30th St, San Diego, California, 92104",100.0,-117.13005004317,32.747548410086
1977028341,PACIFIC DRAPERY,CORP,3801 30TH ST ,SAN DIEGO,CA,92104-3609,4223,"APPAREL, PIECE GOODS & NOTIONS WHSLE",Wholesale Trade,Core,"3801 30TH ST , SAN DIEGO, CA 92104-3609","8839 Troy St, Spring Valley, California, 91977",100.0,-117.009112004661,32.736183010385
2024007826,PACIFIC INDUSTRIAL SAFETY,SOLE,6700 GATEWAY PARK DR 5 ,SAN DIEGO,CA,92154-7533,42144,OTHER COMMERCIAL EQUIPMENT WHSLE,Wholesale Trade,Core,"6700 GATEWAY PARK DR 5 , SAN DIEGO, CA 92154-7533","6700 Gateway Park Dr, Suite 5, San Diego, California, 92154",100.0,-116.994256003291,32.562781466433
2019007694,PACIFIC IRON WORKS,CORP,951 63RD ST ,SAN DIEGO,CA,92114-2739,332323,ORNAMENTAL & ARCHITECTURAL METAL WORK MFG,Manufacturing,Core,"951 63RD ST , SAN DIEGO, CA 92114-2739","3064 National Ave, San Diego, California, 92113",100.0,-117.12806244247,32.695985665869
2006006613,PACIFIC MEMBRANES,CORP,15910 BERNARDO CENTER DR ,SAN DIEGO,CA,92127-1828,339999,ALL OTHER MISCELLANEOUS MFG,Manufacturing,Core,"15910 BERNARDO CENTER DR , SAN DIEGO, CA 92127-1828","15910 Bernardo Center Dr, San Diego, California, 92127",100.0,-117.090090241791,33.006750970616
2022016388,PACIFIC OFFICE AUTOMATION,CORP,12707 HIGH BLUFF DR STE 20 ,SAN DIEGO,CA,92130,42199,OTHER MISCELLANEOUS DURABLE GOODS WHSLE,Wholesale Trade,Core,"12707 HIGH BLUFF DR STE 20 , SAN DIEGO, CA 92130","12707 High Bluff Dr, Suite 20, San Diego, California, 92130",100.0,-117.240415400472,32.948996095429
2000008575,PACIFIC PETROLEUM   EQUIPMENT,CORP,3064 NATIONAL AVE ,SAN DIEGO,CA,92113-2542,4214,PROFESSIONAL & COMMERCIAL EQUIP & SUPP WHSLE,Wholesale Trade,Core,"3064 NATIONAL AVE , SAN DIEGO, CA 92113-2542","951 63rd St, San Diego, California, 92114",100.0,-117.062502297136,32.715543412005
2006009869,PACIFIC PIPELINE SUPPLY,CORP,235 S PACIFIC ST ,SAN MARCOS,CA,92078-2429,42199,OTHER MISCELLANEOUS DURABLE GOODS WHSLE,Wholesale Trade,Core,"235 S PACIFIC ST , SAN MARCOS, CA 92078-2429","3288 Grey Hawk Ct, Carlsbad, California, 92010",100.0,-117.236686375568,33.130567480405
2021005623,PACIFIC PLAY SYSTEMS INC,CORP,3288 GREY HAWK CT ,CARLSBAD,CA,92010-6651,42199,OTHER MISCELLANEOUS DURABLE GOODS WHSLE,Wholesale Trade,Core,"3288 GREY HAWK CT , CARLSBAD, CA 92010-6651","4370 Palm Ave, Suite D, San Diego, California, 92154",100.0,-117.039160121716,32.58377100927
2025010703,PACIFIC PRIME SEAFOOD,CORP,4370 PALM AVE D-1043 ,SAN DIEGO,CA,92154-1760,42242,PACKAGED FROZEN FOOD WHSLE,Wholesale Trade,Core,"4370 PALM AVE D-1043 , SAN DIEGO, CA 92154-1760","235 S Pacific St, San Marcos, California, 92078",100.0,-117.196418874523,33.143584198851
2016007271,PACIFIC PRODUCTS AND SERVICES LLC,LLC,7323 LYNWOOD WAY ,HIGHLAND,CA,92346-3435,42299,OTHER MISCELLANEOUS NONDURABLE GOODS WHSLE,Wholesale Trade,Core,"7323 LYNWOOD WAY , HIGHLAND, CA 92346-3435","5240 Riley St, San Diego, California, 92110",100.0,-117.195375327578,32.765581949039
1987012119,PACIFIC RESTAURANT SUPPLY CO INC,CORP,5240 RILEY ST ,SAN DIEGO,CA,92110-2619,4229,MISCELLANEOUS NONDURABLE GOODS WHSLE,Wholesale Trade,Core,"5240 RILEY ST , SAN DIEGO, CA 92110-2619","7323 Lynwood Way, Highland, California, 92346",100.0,-117.22850555425,34.120684277322
1974015110,PACIFIC RIGGING LOFT INC,CORP,1694 MAIN ST ,SAN DIEGO,CA,92113-1024,4214,PROFESSIONAL & COMMERCIAL EQUIP & SUPP WHSLE,Wholesale Trade,Core,"1694 MAIN ST , SAN DIEGO, CA 92113-1024","1694 Main St, San Diego, California, 92113",100.0,-117.150126377656,32.701546429983
1989000167,PACIFIC SOUTHWEST BIOLOGICAL SERVICES INC,CORP,1434 E 24TH ST ,NATIONAL CITY,CA,91950-6010,4229,MISCELLANEOUS NONDURABLE GOODS WHSLE,Wholesale Trade,Core,"1434 E 24TH ST , NATIONAL CITY, CA 91950-6010","1444 Cesar E Chavez Pkwy, San Diego, California, 92113",100.0,-117.15018060857,32.69564364231
2024006410,PACIFIC STAR SEAFOODS LLC,LLC,4904 N HABOR DR 101 ,SAN DIEGO,CA,92106,422,"WHOLESALE TRADE, NONDURABLE GOODS",Wholesale Trade,Core,"4904 N HABOR DR 101 , SAN DIEGO, CA 92106","4805 Murphy Canyon Rd, San Diego, California, 92123",100.0,-117.119556906223,32.827834134376
2005007241,PACIFIC TUGBOAT SERVICE,SCORP,1444 CESAR E CHAVEZ PKY ,SAN DIEGO,CA,92113-2132,48833,NAVIGATIONAL SERVICES TO SHIPPING,Transportation and Warehousing,Core,"1444 CESAR E CHAVEZ PKY , SAN DIEGO, CA 92113-2132","1434 E 24th St, National City, California, 91950",100.0,-117.086171953513,32.6663100825
1992007724,PACIRA PHARMACEUTICALS INC,CORP,10450 SCIENCE CENTER DR ,SAN DIEGO,CA,92121-1119,325412,PHARMACEUTICAL PREPARATION MFG,Manufacturing,Core,"10450 SCIENCE CENTER DR , SAN DIEGO, CA 92121-1119","4331 El Bosque Ct, San Diego, California, 92154",100.0,-117.040925685801,32.580856328169
2025023013,PACK DASH,SOLE,4331 EL BOSQUE CT ,SAN DIEGO,CA,92154-2629,492,COURIERS & MESSENGERS,Transportation and Warehousing,Core,"4331 EL BOSQUE CT , SAN DIEGO, CA 92154-2629","13251 Petunia Way, San Diego, California, 92130",100.0,-117.181984231426,32.960522427671
2023004414,PACKOUT XPRESS LLC,LLC,10767 JAMACHA BLVD 138 ,SPRING VALLEY,CA,91978-1859,48421,USED HOUSEHOLD & OFFICE GOODS MOVING,Transportation and Warehousing,Core,"10767 JAMACHA BLVD 138 , SPRING VALLEY, CA 91978-1859","12072 Dapple Way, San Diego, California, 92128",100.0,-117.070527215055,32.938949169097
2004017145,PAGE COLLECTIONS,SOLE,13251 PETUNIA WAY ,SAN DIEGO,CA,92130-5734,323115,DIGITAL PRINTING,Manufacturing,Core,"13251 PETUNIA WAY , SAN DIEGO, CA 92130-5734","10450 Science Center Dr, San Diego, California, 92121",100.0,-117.230736313961,32.895108420819
2012000820,PAL WEST,SOLE,12072 DAPPLE WAY ,SAN DIEGO,CA,92128-5252,81131,COMMERCIAL EQUIPMENT (EXC AUTO & ELEC) R&M,Industrial Machinery Repair,Core,"12072 DAPPLE WAY , SAN DIEGO, CA 92128-5252","10767 Jamacha Blvd, Office 138, Spring Valley, California, 91978",100.0,-116.961915770993,32.729568934407
2017009914,PALEO PAW CORP,CORP,7660 FAY AVE H322 ,LA JOLLA,CA,92037-0021,31111,ANIMAL FOOD MFG,Manufacturing,Core,"7660 FAY AVE H322 , LA JOLLA, CA 92037-0021","7660 Fay Ave, Suite H 322, La Jolla, California, 92037",100.0,-117.274665114132,32.842939706912
2016011401,PALI WINE COMPANY,LP,2130 INDIA ST ,SAN DIEGO,CA,92101-1724,31213,WINERIES,Manufacturing,Core,"2130 INDIA ST , SAN DIEGO, CA 92101-1724","4116 Sorrento Valley Blvd, San Diego, California, 92121",100.0,-117.217381762908,32.90372355045
1988008060,PALL FILTRATION AND SEPARATIONS GROUP INC,CORP,4116 SORRENTO VALLEY BLVD ,SAN DIEGO,CA,92121-1407,3339,OTHER GENERAL PURPOSE MACHINERY MFG,Manufacturing,Core,"4116 SORRENTO VALLEY BLVD , SAN DIEGO, CA 92121-1407","2130 India St, San Diego, California, 92101",100.0,-117.169665013053,32.726842594671
2009003022,PALLET INTERNATIONAL INC,CORP,8580 AVE DE LA FUENTE C ,SAN DIEGO,CA,92154-6284,42199,OTHER MISCELLANEOUS DURABLE GOODS WHSLE,Wholesale Trade,Core,"8580 AVE DE LA FUENTE C , SAN DIEGO, CA 92154-6284","777 Manning Way, San Diego, California, 92154",100.0,-117.081376666707,32.582546497035
2024008290,PALM CITY AUTO SALES,CORP,777 MANNING WAY ,SAN DIEGO,CA,92154-1421,42111,AUTOMOBILE & OTHER MOTOR VEHICLE WHSLE,Wholesale Trade,Core,"777 MANNING WAY , SAN DIEGO, CA 92154-1421","2582 Imperial Ave, San Diego, California, 92102",100.0,-117.13849221223,32.706371346818
1998001783,PANADERIA LA BUENA,SOLE,2582 IMPERIAL AVE ,SAN DIEGO,CA,92102-3919,311811,RETAIL BAKERIES,Manufacturing,Core,"2582 IMPERIAL AVE , SAN DIEGO, CA 92102-3919","2947 Beyer Blvd, San Diego, California, 92154",100.0,-117.067709722122,32.575279722258
1998002673,PANADERIA Y PIZERIA GONZALEZ,H-W,2947 BEYER BLVD ,SAN DIEGO,CA,92154-4604,311811,RETAIL BAKERIES,Manufacturing,Core,"2947 BEYER BLVD , SAN DIEGO, CA 92154-4604","589 N Johnson Ave, Unit 250, El Cajon, California, 92020",100.0,-116.97097451285,32.80230746735
2022009937,PANAMA TRUCKING1,SOLE,589 N JOHNSON AVE 250 ,EL CAJON,CA,92020-3159,484,TRUCK TRANSPORTATION,Transportation and Warehousing,Core,"589 N JOHNSON AVE 250 , EL CAJON, CA 92020-3159","8580 Avenida de la Fuente, Suite C, San Diego, California, 92154",100.0,-116.958485309481,32.556476012131
1991001822,PANCHITAS BAKERY,SOLE,2519 C ST ,SAN DIEGO,CA,92102-2114,311811,RETAIL BAKERIES,Manufacturing,Core,"2519 C ST , SAN DIEGO, CA 92102-2114","1879 Logan Ave, Suite K, San Diego, California, 92113",100.0,-117.144724073422,32.701736783004
1991001282,PANCHITAS BAKERY #3,SOLE,1879 LOGAN AVE K ,SAN DIEGO,CA,92113-2142,311811,RETAIL BAKERIES,Manufacturing,Core,"1879 LOGAN AVE K , SAN DIEGO, CA 92113-2142","7805 Arjons Dr, San Diego, California, 92126",100.0,-117.150982253789,32.893857463679
2000003485,PANCHITAS BAKERY 4,SOLE,4414 UNIVERSITY AVE B ,SAN DIEGO,CA,92105-1712,311811,RETAIL BAKERIES,Manufacturing,Core,"4414 UNIVERSITY AVE B , SAN DIEGO, CA 92105-1712","4414 University Ave, #B, San Diego, California, 92105",100.0,-117.099446625029,32.749678796506
2017001908,PANDA FLOOR INC,CORP,7805 ARJONS DR ,SAN DIEGO,CA,92126-4368,42139,OTHER CONSTRUCTION MATERIAL WHSLE,Wholesale Trade,Core,"7805 ARJONS DR , SAN DIEGO, CA 92126-4368","10430 Craftsman Way, San Diego, California, 92127",100.0,-117.113937594515,33.019885119526
2006014827,PANERA BREAD,LLC,10430 CRAFTSMAN WAY ,SAN DIEGO,CA,92127-3502,311811,RETAIL BAKERIES,Manufacturing,Core,"10430 CRAFTSMAN WAY , SAN DIEGO, CA 92127-3502","10751 Westview Pkwy, San Diego, California, 92126",100.0,-117.120428372696,32.916255543435
2004011321,PANERA BREAD MIRA MESA,LLC,10751 WESTVIEW PKY ,SAN DIEGO,CA,92126-2963,311811,RETAIL BAKERIES,Manufacturing,Core,"10751 WESTVIEW PKY , SAN DIEGO, CA 92126-2963","2519 C St, San Diego, California, 92102",100.0,-117.139835579852,32.716819347216
2000007590,PANOZA TRUCKING,SOLE,3157 F ST ,SAN DIEGO,CA,92102-3218,484,TRUCK TRANSPORTATION,Transportation and Warehousing,Core,"3157 F ST , SAN DIEGO, CA 92102-3218","2129 Manzana Way, San Diego, California, 92139",100.0,-117.023621079057,32.691050066003
2022005202,PAOLAS BAKERY,SOLE,2129 MANZANA WAY ,SAN DIEGO,CA,92139-4017,31181,BREAD & BAKERY PRODUCT MFG,Manufacturing,Core,"2129 MANZANA WAY , SAN DIEGO, CA 92139-4017","3157 F St, San Diego, California, 92102",100.0,-117.126152374375,32.713800604788
2007025388,PARADOX / PARADOX PRODUCTS,SOLE,4629 CASS ST 275 ,SAN DIEGO,CA,92109-2805,422,"WHOLESALE TRADE, NONDURABLE GOODS",Wholesale Trade,Core,"4629 CASS ST 275 , SAN DIEGO, CA 92109-2805","4655 Ruffner St, San Diego, California, 92111",100.0,-117.15772147158,32.825705214788
1989008666,PARALAN CORPORATION,CORP,4655 RUFFNER ST ,SAN DIEGO,CA,92111-2275,334,COMPUTER & ELECTRONIC PRODUCT MFG,Manufacturing,Core,"4655 RUFFNER ST , SAN DIEGO, CA 92111-2275","4629 Cass St, San Diego, California, 92109",99.06,-117.252265567543,32.798862798511
2013050425,PARIS BAKERY 2,SOLE,4616 EL CAJON BLVD 15 ,SAN DIEGO,CA,92115-4426,42245,CONFECTIONERY WHSLE,Wholesale Trade,Core,"4616 EL CAJON BLVD 15 , SAN DIEGO, CA 92115-4426","4616 El Cajon Blvd, Suite 15, San Diego, California, 92115",100.0,-117.095200771976,32.755662008541
2023012530,PARK PLACE MAIL & SHIPPING INC,CORP,2358 UNIVERSITY AVE ,SAN DIEGO,CA,92104-2720,49211,COURIERS,Transportation and Warehousing,Core,"2358 UNIVERSITY AVE , SAN DIEGO, CA 92104-2720","2358 University Ave, San Diego, California, 92104",100.0,-117.139201069781,32.748508431366
2017000751,PARKSON CORPORATION,CORP,1401 W CYPRESS CREEK RD 100 ,FORT LAUDERDALE,FL,33309-1969,339,MISCELLANEOUS MFG,Manufacturing,Core,"1401 W CYPRESS CREEK RD 100 , FORT LAUDERDALE, FL 33309-1969","3227 Jarvis St, San Diego, California, 92106",100.0,-117.229452374032,32.728937358004
2002005570,PARTNER TRUCKING LLC,LLC,3227 JARVIS ST ,SAN DIEGO,CA,92106-2118,484,TRUCK TRANSPORTATION,Transportation and Warehousing,Core,"3227 JARVIS ST , SAN DIEGO, CA 92106-2118","9755 Distribution Ave, Suite A, San Diego, California, 92121",100.0,-117.162887154688,32.884337423781
2022004983,PARTS AUTHORITY LLC,CORP,9755 DISTRIBUTION AVE A ,SAN DIEGO,CA,92121-2300,421,"WHOLESALE TRADE, DURABLE GOODS",Wholesale Trade,Core,"9755 DISTRIBUTION AVE A , SAN DIEGO, CA 92121-2300","7879 Armour St, San Diego, California, 92111",100.0,-117.153567735643,32.819946679668
2022004987,PARTS AUTHORITY LLC,LLC,7879 ARMOUR ST ,SAN DIEGO,CA,92111-3790,421,"WHOLESALE TRADE, DURABLE GOODS",Wholesale Trade,Core,"7879 ARMOUR ST , SAN DIEGO, CA 92111-3790","4898 Ronson Ct, Suite D, San Diego, California, 92111",100.0,-117.146004073856,32.831341835126
2004003672,PASHUPATI LTD,CORP,4898 RONSON CT D ,SAN DIEGO,CA,92111-1807,42199,OTHER MISCELLANEOUS DURABLE GOODS WHSLE,Wholesale Trade,Core,"4898 RONSON CT D , SAN DIEGO, CA 92111-1807","3452 Lake Lynda Dr, Suite 190, Orlando, Florida, 32817",100.0,-81.222085385221,28.600225466583
2023007513,"PASSUR AEROSPACE, INC.",SCORP,3452 LAKE LYNDA DR 190 ,ORLANDO,FL,32817-1429,48819,OTHER AIR TRANSPORTATION SUPPORT ACTIVITIES,Transportation and Warehousing,Core,"3452 LAKE LYNDA DR 190 , ORLANDO, FL 32817-1429","2362 Grand Ave, San Diego, California, 92109",100.0,-117.226323577215,32.801011206024
2024006282,PASTRY PEDALER,LLC,2362 GRAND AVE ,SAN DIEGO,CA,92109-4731,3118,BAKERIES & TORTILLA MFG,Manufacturing,Core,"2362 GRAND AVE , SAN DIEGO, CA 92109-4731","1401 W Cypress Creek Rd, Fort Lauderdale, Florida, 33309",99.36,-80.161862895499,26.203160330739
2013023886,PATRICIA GUILLEN DBA PGX INC,CORP,1556 LANCASTER POINT WAY ,SAN DIEGO,CA,92154-7700,48412,"GENERAL FREIGHT TRUCKING, LONG-DISTANCE",Transportation and Warehousing,Core,"1556 LANCASTER POINT WAY , SAN DIEGO, CA 92154-7700","10674 Carillon Ct, San Diego, California, 92131",100.0,-117.082256850359,32.91946681818
2025019406,PATRICK COULANGES ,SOLE,5741 BATES ST 139 ,SAN DIEGO,CA,92115-6450,49221,LOCAL MESSENGERS & LOCAL DELIVERY,Transportation and Warehousing,Core,"5741 BATES ST 139 , SAN DIEGO, CA 92115-6450","5741 Bates St, Apartment 139, San Diego, California, 92115",100.0,-117.072541386388,32.747403989894
2025018796,PATRICK J THUNDER ,SOLE,10674 CARILLON CT ,SAN DIEGO,CA,92131-3307,481,AIR TRANSPORTATION,Transportation and Warehousing,Core,"10674 CARILLON CT , SAN DIEGO, CA 92131-3307","1556 Lancaster Point Way, San Diego, California, 92154",100.0,-116.954000823644,32.568522357647
2019012318,PATRICK W TIMMONS ,SOLE,3702 CARMEL VIEW RD ,SAN DIEGO,CA,92130-2561,49221,LOCAL MESSENGERS & LOCAL DELIVERY,Transportation and Warehousing,Core,"3702 CARMEL VIEW RD , SAN DIEGO, CA 92130-2561","1064 Felspar St, San Diego, California, 92109",100.0,-117.25086604117,32.798605474084
2025021267,PAULO DE OLIVEIRA CARVALHAES,SOLE,1064 FELSPAR ST ,SAN DIEGO,CA,92109-2826,4922,LOCAL MESSENGERS & LOCAL DELIVERY,Transportation and Warehousing,Core,"1064 FELSPAR ST , SAN DIEGO, CA 92109-2826","324 Willow Rd, San Ysidro, California, 92173",99.39,-117.042517203304,32.546718189107
2004013480,PAVO TRUCKING ,SOLE,324 WILLOW RD 5D ,SAN YSIDRO,CA,92173-3038,48412,"GENERAL FREIGHT TRUCKING, LONG-DISTANCE",Transportation and Warehousing,Core,"324 WILLOW RD 5D , SAN YSIDRO, CA 92173-3038","3702 Carmel View Rd, San Diego, California, 92130",100.0,-117.233444842153,32.93885277721
2016024589,PCA TRUCKING,LLC,9201 CAMPO RD ,SPRING VALLEY,CA,91977-1120,484,TRUCK TRANSPORTATION,Transportation and Warehousing,Core,"9201 CAMPO RD , SPRING VALLEY, CA 91977-1120","1360 Rosecrans St, San Diego, California, 92106",100.0,-117.229304768718,32.724622731435
2015028551,PEACH,CORP,108 S JACKSON ST 300 ,SEATTLE,WA,98104-2872,49221,LOCAL MESSENGERS & LOCAL DELIVERY,Transportation and Warehousing,Core,"108 S JACKSON ST 300 , SEATTLE, WA 98104-2872","9201 Campo Rd, Spring Valley, California, 91977",100.0,-116.999260418582,32.750843126676
2003014265,PEARSON FUELS,LLC,1360 ROSECRANS ST ,SAN DIEGO,CA,92106-2639,42272,PETROLEUM PROD WHSLE (EXC BULK STA/TERMINALS),Wholesale Trade,Core,"1360 ROSECRANS ST , SAN DIEGO, CA 92106-2639","108 S Jackson St, Suite 300, Seattle, Washington, 98104",100.0,-122.333793780922,47.599261262268
2016019341,PEDRO MORENO TRUCKING,SOLE,1530 GREEN BAY ST 102 ,SAN DIEGO,CA,92154-3073,48412,"GENERAL FREIGHT TRUCKING, LONG-DISTANCE",Transportation and Warehousing,Core,"1530 GREEN BAY ST 102 , SAN DIEGO, CA 92154-3073","8724 Approach Rd, San Diego, California, 92154",100.0,-116.955256013645,32.569639204335
2024005078,PEDROZA READY MIX,CORP,15385 OLDE HIGHWAY 80 ,EL CAJON,CA,92021-2408,32732,READY-MIX CONCRETE MFG,Manufacturing,Core,"15385 OLDE HIGHWAY 80 , EL CAJON, CA 92021-2408","2838 Garrison St, San Diego, California, 92106",100.0,-117.227008881619,32.724754997867
2003017185,PEGASO PACKING INC,CORP,8724 APPROACH RD ,SAN DIEGO,CA,92154-7709,493,WAREHOUSING & STORAGE,Transportation and Warehousing,Core,"8724 APPROACH RD , SAN DIEGO, CA 92154-7709","15385 Olde Highway 80, El Cajon, California, 92021",100.0,-116.8420722414,32.855784219157
1985006513,PEGASUS,SOLE,2838 GARRISON ST ,SAN DIEGO,CA,92106-2720,483,WATER TRANSPORTATION,Transportation and Warehousing,Core,"2838 GARRISON ST , SAN DIEGO, CA 92106-2720","1530 Green Bay St, San Diego, California, 92154",99.17,-117.088434983552,32.568628640179
2006012256,PEIYORK INTERNATIONAL CO INC,SCORP,7964 ARJONS DR D ,SAN DIEGO,CA,92126-4438,42231,"PIECE GOODS, NOTIONS & OTHER DRY GOODS WHSLE",Wholesale Trade,Core,"7964 ARJONS DR D , SAN DIEGO, CA 92126-4438","7964 Arjons Dr, Suite D, San Diego, California, 92126",100.0,-117.147251636324,32.894466073669
1999001020,PELLCO WINDOWS AND DOORS INC,CORP,9899 HIBERT ST F ,SAN DIEGO,CA,92131-1067,421,"WHOLESALE TRADE, DURABLE GOODS",Wholesale Trade,Core,"9899 HIBERT ST F , SAN DIEGO, CA 92131-1067","9899 Hibert St, Suite F, San Diego, California, 92131",100.0,-117.112452991825,32.913806602784
2026004591,PENA GLOBAL HEALTH SOLUTIONS,LLC,1265 KENDALL DR 123 ,SAN BERNARDINO,CA,92407-4110,42145,MEDICAL/DENTAL/HOSPITAL EQUIP & SUPP WHSLE,Wholesale Trade,Core,"1265 KENDALL DR 123 , SAN BERNARDINO, CA 92407-4110","1265 Kendall Dr, Apartment 123, San Bernardino, California, 92407",100.0,-117.310138418018,34.166366110633
2025015766,PENG CHEN & RUIZHI YANG,H-W,12774 SEABREEZE FARMS DR ,SAN DIEGO,CA,92130-3733,334,COMPUTER & ELECTRONIC PRODUCT MFG,Manufacturing,Core,"12774 SEABREEZE FARMS DR , SAN DIEGO, CA 92130-3733","12774 Seabreeze Farms Dr, San Diego, California, 92130",100.0,-117.203475179711,32.951129289787
2020014561,PENINSULA LUMBER CORP,CORP,9374 CORTE GANZO ,SPRING VALLEY,CA,91977-5905,42131,"LUMBER, PLYWOOD, MILLWORK & WOOD PANEL WHSLE",Wholesale Trade,Core,"9374 CORTE GANZO , SPRING VALLEY, CA 91977-5905","3341 Apache Ave, San Diego, California, 92117",100.0,-117.197877815728,32.801198208783
2011001854,PENSKE LOGISTICS,LLC,7170 MIRAMAR RD 700 ,SAN DIEGO,CA,92121-2374,4931,WAREHOUSING & STORAGE,Transportation and Warehousing,Core,"7170 MIRAMAR RD 700 , SAN DIEGO, CA 92121-2374","7170 Miramar Rd, Suite 700, San Diego, California, 92121",100.0,-117.157886092159,32.881076318622
2024012105,PEPOS CUSTOM DESIGNS LLC,LLC,3341 APACHE AVE ,SAN DIEGO,CA,92117-6204,3231,PRINTING & RELATED SUPPORT ACTIVITIES,Manufacturing,Core,"3341 APACHE AVE , SAN DIEGO, CA 92117-6204","3431 Trumbull St, San Diego, California, 92106",100.0,-117.239306726139,32.723341683263
2026004900,PEPSI BEVERAGES COMPANY,LLC,10057 MARATHON PKY ,LAKESIDE,CA,92040-2771,4229,MISCELLANEOUS NONDURABLE GOODS WHSLE,Wholesale Trade,Core,"10057 MARATHON PKY , LAKESIDE, CA 92040-2771","9374 Corte Ganzo, Spring Valley, California, 91977",100.0,-116.99811528297,32.702293509013
2014015562,PERALES WOODWORKS,SOLE,3431 TRUMBULL ST ,SAN DIEGO,CA,92106-2424,32199,ALL OTHER WOOD PRODUCT MFG,Manufacturing,Core,"3431 TRUMBULL ST , SAN DIEGO, CA 92106-2424","10057 Marathon Pkwy, Lakeside, California, 92040",100.0,-116.951292379271,32.856810918477
2021003377,PERCEIVE BIOTHERAPEUTICS INC,CORP,3210 MERRYFIELD ROW ,SAN DIEGO,CA,92121-1126,33999,ALL OTHER MISC MFG,Manufacturing,Core,"3210 MERRYFIELD ROW , SAN DIEGO, CA 92121-1126","3210 Merryfield Row, San Diego, California, 92121",100.0,-117.235563703457,32.900958109135
2019008429,PERDOMO TRUCKING LLC,LLC,8649 AVENIDA DE LA FUENTE ,SAN DIEGO,CA,92154-6267,48412,"GENERAL FREIGHT TRUCKING, LONG-DISTANCE",Transportation and Warehousing,Core,"8649 AVENIDA DE LA FUENTE , SAN DIEGO, CA 92154-6267","6175 Progressive Ave, Suite 200, San Diego, California, 92154",100.0,-117.0024878704,32.571016225298
2007019975,PERFORMANCE CASTERS & EQUIPMENT INC,SCORP,6175 PROGRESSIVE AVE 200 ,SAN DIEGO,CA,92154-6646,42199,OTHER MISCELLANEOUS DURABLE GOODS WHSLE,Wholesale Trade,Core,"6175 PROGRESSIVE AVE 200 , SAN DIEGO, CA 92154-6646","7010 Carroll Rd, San Diego, California, 92121",100.0,-117.170177231156,32.885231311845
2025004883,PERFORMANCE CONTRACTING INC,CORP,7010 CARROLL RD ,SAN DIEGO,CA,92121-2213,4931,WAREHOUSING & STORAGE,Transportation and Warehousing,Core,"7010 CARROLL RD , SAN DIEGO, CA 92121-2213","8649 Avenida de la Fuente, San Diego, California, 92154",100.0,-116.957374958767,32.556225896141
2003010367,PERFORMANCE LABEL INTERNATIONAL INC,CORP,6825 GATEWAY PARK DR 1 ,SAN DIEGO,CA,92154-7531,3231,PRINTING & RELATED SUPPORT ACTIVITIES,Manufacturing,Core,"6825 GATEWAY PARK DR 1 , SAN DIEGO, CA 92154-7531","8025 Silverton Ave, San Diego, California, 92126",100.0,-117.148570947884,32.890583450389
2012053266,PERFORMANCE TITANIUM GROUP,LLC,8025 SILVERTON AVE ,SAN DIEGO,CA,92126-6383,4215,METAL & MINERAL (EXCEPT PETROLEUM) WHSLE,Wholesale Trade,Core,"8025 SILVERTON AVE , SAN DIEGO, CA 92126-6383","710 Bridgeport Ave, Shelton, Connecticut, 06484",100.0,-73.12200400658,41.274022232403
2023010795,PERKINELMER US LLC,LLC,710 BRIDGEPORT AVE ,SHELTON,CT,06484-4750,4229,MISCELLANEOUS NONDURABLE GOODS WHSLE,Wholesale Trade,Core,"710 BRIDGEPORT AVE , SHELTON, CT 06484-4750","8360 Camino Santa Fe, Suite F, San Diego, California, 92121",100.0,-117.172132812986,32.880608273149
1995003138,PETER BIUNDO & ASSOC,SOLE,12028 LEAST TERN CT ,SAN DIEGO,CA,92129,421,"WHOLESALE TRADE, DURABLE GOODS",Wholesale Trade,Core,"12028 LEAST TERN CT , SAN DIEGO, CA 92129","12028 Least Tern Ct, San Diego, California, 92129",100.0,-117.167731224172,32.936928878975
2025005240,PETNET SOLUTIONS INC,CORP,8360 CAMINO SANTA FE F ,SAN DIEGO,CA,92121-2658,3254,PHARMACEUTICAL & MEDICINE MFG,Manufacturing,Core,"8360 CAMINO SANTA FE F , SAN DIEGO, CA 92121-2658","6825 Gateway Park Dr, Suite 1, San Diego, California, 92154",100.0,-116.993816121013,32.562725601048
2015019310,PG FOREST PRODUCTS INC,CORP,2310 MARCONI CT A ,SAN DIEGO,CA,92154-5210,42131,"LUMBER, PLYWOOD, MILLWORK & WOOD PANEL WHSLE",Wholesale Trade,Core,"2310 MARCONI CT A , SAN DIEGO, CA 92154-5210","2310 Marconi Ct, Suite A, San Diego, California, 92154",100.0,-116.93404644585,32.556033321915
2011010215,PGI TECHNOLOGY SOLUTIONS LLC,LLC,9630 RIDGEHAVEN CT ,SAN DIEGO,CA,92123-5604,326,PLASTICS & RUBBER PRODUCTS MFG,Manufacturing,Core,"9630 RIDGEHAVEN CT , SAN DIEGO, CA 92123-5604","15175 Innovation Dr, San Diego, California, 92128",100.0,-117.076880446205,32.991772886828
1992006128,PHAMATECH INC,CORP,15175 INNOVATION DR ,SAN DIEGO,CA,92128-3401,422,"WHOLESALE TRADE, NONDURABLE GOODS",Wholesale Trade,Core,"15175 INNOVATION DR , SAN DIEGO, CA 92128-3401","1785 Mount Vernon Ave, Pomona, California, 91768",100.0,-117.777114779585,34.058567166356
2017003555,PHASE II PRODUCTS INC,CORP,9485 CUSTOMHOUSE PLZ D ,SAN DIEGO,CA,92154-7635,42139,OTHER CONSTRUCTION MATERIAL WHSLE,Wholesale Trade,Core,"9485 CUSTOMHOUSE PLZ D , SAN DIEGO, CA 92154-7635","9485 Customhouse Plz, Suite D, San Diego, California, 92154",100.0,-116.942069184474,32.551702518273
2023011759,PHENIX ENTERPRISES INC,CORP,1785 MOUNT VERNON AVE ,POMONA,CA,91768-3330,339,MISCELLANEOUS MFG,Manufacturing,Core,"1785 MOUNT VERNON AVE , POMONA, CA 91768-3330","6590 Top Gun St, San Diego, California, 92121",99.14,-117.175880697172,32.9082666677
1985010731,PHILADELPHIA HARDWARE GROUP,CORP,6590A TOP GUN ST ,SAN DIEGO,CA,92121,4217,"HARDWARE, & PLUMB & HEATING EQUIP & SUP WHSLE",Wholesale Trade,Core,"6590A TOP GUN ST , SAN DIEGO, CA 92121","4727 Terrace Dr, San Diego, California, 92116",100.0,-117.108319540093,32.763992865926
2012008537,PHOENIX INTERNATIONAL HOLDINGS INC,CORP,127 PRESS LN ,CHULA VISTA,CA,91910-1011,334511,"SEARCH, DETECTION & NAVIGATION INSTRUMENT MFG",Manufacturing,Core,"127 PRESS LN , CHULA VISTA, CA 91910-1011","127 Press Ln, Chula Vista, California, 91910",100.0,-117.084225759415,32.656352088161
2003015725,PHOENIX NUTRITIONALS INC,CORP,4727 TERRACE DR ,SAN DIEGO,CA,92116-2515,4229,MISCELLANEOUS NONDURABLE GOODS WHSLE,Wholesale Trade,Core,"4727 TERRACE DR , SAN DIEGO, CA 92116-2515","9630 Ridgehaven Ct, San Diego, California, 92123",100.0,-117.122361742482,32.820895636837
2016018638,PHOKUS RESEARCH GROUP LLC,LLC,12225 WORLD TRADE DR ,SAN DIEGO,CA,92128-3767,3399,OTHER MISCELLANEOUS MFG,Manufacturing,Core,"12225 WORLD TRADE DR , SAN DIEGO, CA 92128-3767","8785 Belfast Cir, San Diego, California, 92126",100.0,-117.134874163724,32.907100242054
2002005120,PHOTOSTONE/STONE IMPRESSIONS,CORP,8495 REDWOOD CREEK LN ,SAN DIEGO,CA,92126-1068,32712,CLAY BUILDING MATERIAL & REFRACTORIES MFG,Manufacturing,Core,"8495 REDWOOD CREEK LN , SAN DIEGO, CA 92126-1068","12225 World Trade Dr, San Diego, California, 92128",100.0,-117.072798710816,32.987732641859
2025017541,PHUONG LE,SOLE,8785 BELFAST CIR ,SAN DIEGO,CA,92126-3347,4922,LOCAL MESSENGERS & LOCAL DELIVERY,Transportation and Warehousing,Core,"8785 BELFAST CIR , SAN DIEGO, CA 92126-3347","8495 Redwood Creek Ln, San Diego, California, 92126",100.0,-117.143961320233,32.89787671198
2025015306,PICKANDGO LOGISTICS INC,SCORP,3065 BEYER BLVD B-103 ,SAN DIEGO,CA,92154-3499,484,TRUCK TRANSPORTATION,Transportation and Warehousing,Core,"3065 BEYER BLVD B-103 , SAN DIEGO, CA 92154-3499","3065 Beyer Blvd, Suite 103, San Diego, California, 92154",99.94,-117.065326998506,32.572089737548
2018021944,PIEDMONT PLASTICS INC,SCORP,9040 ACTIVITY RD C ,SAN DIEGO,CA,92126-4473,42261,PLASTICS MATERIALS & BASIC FORMS/SHAPES WHSLE,Wholesale Trade,Core,"9040 ACTIVITY RD C , SAN DIEGO, CA 92126-4473","3839 Estrella Ave, San Diego, California, 92105",100.0,-117.089878431098,32.748917677788
2023009962,PIEL AN LEATHER,SOLE,3839 ESTRELLA AVE ,SAN DIEGO,CA,92105-2003,316,LEATHER & ALLIED PRODUCT MFG,Manufacturing,Core,"3839 ESTRELLA AVE , SAN DIEGO, CA 92105-2003","3855 Wabash Ave, San Diego, California, 92104",100.0,-117.120670777336,32.748886580928
2021002599,PIGMENT INC,SCORP,3855 WABASH AVE ,SAN DIEGO,CA,92104-3113,4931,WAREHOUSING & STORAGE,Transportation and Warehousing,Core,"3855 WABASH AVE , SAN DIEGO, CA 92104-3113","7163 Engineer Rd, San Diego, California, 92111",100.0,-117.162022896652,32.827131730889
2010016944,PIKO AMERICA LLC,LLC,4610 ALVARADO CANYON RD 5 ,SAN DIEGO,CA,92120-4312,42192,TOY & HOBBY GOODS & SUPPLIES WHSLE,Wholesale Trade,Core,"4610 ALVARADO CANYON RD 5 , SAN DIEGO, CA 92120-4312","9040 Activity Rd, Suite C, San Diego, California, 92126",100.0,-117.131545626154,32.896468384609
1993008319,PILKINGTON NORTH AMERICA INC,CORP,7163 ENGINEER RD ,SAN DIEGO,CA,92111-1406,4211,MOTOR VEHICLE/MOTOR VEHICLE PT & SUPPLY WHSLE,Wholesale Trade,Core,"7163 ENGINEER RD , SAN DIEGO, CA 92111-1406","4610 Alvarado Canyon Rd, Suite 5, San Diego, California, 92120",100.0,-117.095333876598,32.780413726708
2024007074,PINCH POTTERY,LLC,937 E ST ,SAN DIEGO,CA,92101-6511,32711,"POTTERY, CERAMICS & PLUMBING FIXTURE MFG",Manufacturing,Core,"937 E ST , SAN DIEGO, CA 92101-6511","4250 Morena Blvd, San Diego, California, 92117",100.0,-117.220701583298,32.816550374411
1978034818,PINDLER & PINDLER,CORP,4250 MORENA BLVD ,SAN DIEGO,CA,92117-4323,4223,"APPAREL, PIECE GOODS & NOTIONS WHSLE",Wholesale Trade,Core,"4250 MORENA BLVD , SAN DIEGO, CA 92117-4323","937 E St, San Diego, California, 92101",100.0,-117.155904526429,32.714654888359
2017010989,PINOS INTERNATIONAL LLC,LLC,1710 DORNOCH CT B ,SAN DIEGO,CA,92154-7235,481,AIR TRANSPORTATION,Transportation and Warehousing,Core,"1710 DORNOCH CT B , SAN DIEGO, CA 92154-7235","1710 Dornoch Ct, Suite B, San Diego, California, 92154",100.0,-116.938540067961,32.566378099176
1997008809,PINOS PRODUCE INC,CORP,1710 DORNOCH CT B ,SAN DIEGO,CA,92154-7235,422,"WHOLESALE TRADE, NONDURABLE GOODS",Wholesale Trade,Core,"1710 DORNOCH CT B , SAN DIEGO, CA 92154-7235","1710 Dornoch Ct, Suite B, San Diego, California, 92154",100.0,-116.938540067961,32.566378099176
2006013015,PIONEER AMERICAS LLC,LLC,11600 PIKE ST ,SANTA FE SPRINGS,CA,90670-2938,325,CHEMICAL MFG,Manufacturing,Core,"11600 PIKE ST , SANTA FE SPRINGS, CA 90670-2938","4586 Clairemont Dr, San Diego, California, 92117",100.0,-117.206231736208,32.827022933786
1978035790,PISOR'S MARINE SHELLS,CORP,4586 CLAIREMONT DR ,SAN DIEGO,CA,92117-5539,42199,OTHER MISCELLANEOUS DURABLE GOODS WHSLE,Wholesale Trade,Core,"4586 CLAIREMONT DR , SAN DIEGO, CA 92117-5539","11600 Pike St, Santa Fe Springs, California, 90670",100.0,-118.075152876822,33.956399268451
2017009985,PIT INDUSTRIAL LLC,LLC,10050 VIA DE LA AMISTAD 2460 ,SAN DIEGO,CA,92154-7248,42171,HARDWARE WHSLE,Wholesale Trade,Core,"10050 VIA DE LA AMISTAD 2460 , SAN DIEGO, CA 92154-7248","10050 Via de la Amistad, Suite 2460, San Diego, California, 92154",100.0,-116.929121491001,32.552796650004
2026005261,PITS,LLC,4839 FELTON ST ,SAN DIEGO,CA,92116,3114,FRUIT & VEG PRESERVING & SPECIALTY FOOD MFG,Manufacturing,Core,"4839 FELTON ST , SAN DIEGO, CA 92116","4839 Felton St, San Diego, California, 92116",100.0,-117.121641782211,32.766163487531
2021002318,PKT1 LLC,LLC,8649 AVENIDA DE LA FUENTE ,SAN DIEGO,CA,92154-6267,48851,FREIGHT TRANSPORTATION ARRANGEMENT,Transportation and Warehousing,Core,"8649 AVENIDA DE LA FUENTE , SAN DIEGO, CA 92154-6267","8649 Avenida de la Fuente, San Diego, California, 92154",100.0,-116.957374958767,32.556225896141
2014012825,PLANET APPAREL ENTERPRISES INC,SOLE,6316 RIVERDALE ST ,SAN DIEGO,CA,92120-3310,32311,PRINTING,Manufacturing,Core,"6316 RIVERDALE ST , SAN DIEGO, CA 92120-3310","1146 E Chase Ave, El Cajon, California, 92020",100.0,-116.944197768785,32.77836275882
2004004758,PLANTER PARADISE,SCORP,1146 E CHASE AVE ,EL CAJON,CA,92020-7805,42299,OTHER MISCELLANEOUS NONDURABLE GOODS WHSLE,Wholesale Trade,Core,"1146 E CHASE AVE , EL CAJON, CA 92020-7805","6316 Riverdale St, San Diego, California, 92120",100.0,-117.09968922243,32.789187309324
2007000199,PLANTIMEX DISTRIBUTORS INC,CORP,7577 AIRWAY RD 105 ,SAN DIEGO,CA,92154-8306,4219,MISCELLANEOUS DURABLE GOODS WHSLE,Wholesale Trade,Core,"7577 AIRWAY RD 105 , SAN DIEGO, CA 92154-8306","3500 Sports Arena Blvd, San Diego, California, 92110",100.0,-117.212491006224,32.75392376946
2025013530,PLANTING HOPE LA,SOLE,3500 SPORTS ARENA BLVD ,SAN DIEGO,CA,92110-4919,33999,ALL OTHER MISC MFG,Manufacturing,Core,"3500 SPORTS ARENA BLVD , SAN DIEGO, CA 92110-4919","7577 Airway Rd, Suite 105, San Diego, California, 92154",100.0,-116.979098756322,32.560571032837
2010010132,PLAY POWER LT FARMINGTON INC,CORP,1 IRON MOUNTAIN ,FARMINGTON,MO,63640-9103,33992,SPORTING & ATHLETIC GOODS MFG,Manufacturing,Core,"1 IRON MOUNTAIN , FARMINGTON, MO 63640-9103","67 Brisbane St, Chula Vista, California, 91910",98.04,-117.087765269488,32.652888811497
2015039181,PLENUMS PLUS LLC,SOLE,67 BRISBANE RD ,CHULA VISTA,CA,91910-1065,33231,PLATE WORK & FABRICATED STRUCTURAL PROD MFG,Manufacturing,Core,"67 BRISBANE RD , CHULA VISTA, CA 91910-1065","8395 Blue Lake Dr, San Diego, California, 92119",100.0,-117.018138140914,32.791731978204
2023004270,PLG KING,H-W,8395 BLUE LAKE DR ,SAN DIEGO,CA,92119-3401,488,TRANSPORTATION SUPPORT ACTIVITIES,Transportation and Warehousing,Core,"8395 BLUE LAKE DR , SAN DIEGO, CA 92119-3401","1015 Turquoise St, Apartment F, San Diego, California, 92109",100.0,-117.255203508425,32.809480406721
2025013287,PLUS1 MEDICAL SUPPLY LLC,LLC,1015 TURQUOISE ST F ,SAN DIEGO,CA,92109-1260,4219,MISCELLANEOUS DURABLE GOODS WHSLE,Wholesale Trade,Core,"1015 TURQUOISE ST F , SAN DIEGO, CA 92109-1260","2285 Michael Faraday Dr, Suite 12, San Diego, California, 92154",100.0,-116.932004698054,32.557651113047
2019009717,PM PACKAGING,SCORP,2285 MICHAEL FARADAY DR 12 ,SAN DIEGO,CA,92154-7926,49311,GENERAL WAREHOUSING & STORAGE,Transportation and Warehousing,Core,"2285 MICHAEL FARADAY DR 12 , SAN DIEGO, CA 92154-7926","1 Mount Dr, Farmington, Missouri, 63640",92.07,-90.442122815865,37.775069986734
2019001533,PNE DESIGNS,LLC,12982 ISOCOMA ST ,SAN DIEGO,CA,92129-3613,321,WOOD PRODUCT MFG,Manufacturing,Core,"12982 ISOCOMA ST , SAN DIEGO, CA 92129-3613","12982 Isocoma St, San Diego, California, 92129",100.0,-117.133803291774,32.950562128308
2014029327,PNL MEAT CENTER INC,CORP,4676 BRINELL ST 103 ,SAN DIEGO,CA,92111-2303,42247,MEAT & MEAT PRODUCT WHSLE,Wholesale Trade,Core,"4676 BRINELL ST 103 , SAN DIEGO, CA 92111-2303","10784 Chinon Cir, San Diego, California, 92126",100.0,-117.16475950422,32.911638246342
2020016817,POCKET ME/ VINTAGE INDUSTRIES,SCORP,2475 PASEO DE LAS AMERICAS 1053 ,SAN DIEGO,CA,92154-7255,4223,"APPAREL, PIECE GOODS & NOTIONS WHSLE",Wholesale Trade,Core,"2475 PASEO DE LAS AMERICAS 1053 , SAN DIEGO, CA 92154-7255","2475 Paseo de las Americas, San Diego, California, 92154",99.11,-116.935868252505,32.553304383789
2003002286,POINT OF VIEW PHOTOGRAPHY,SOLE,10784 CHINON CIR ,SAN DIEGO,CA,92126-2564,42299,OTHER MISCELLANEOUS NONDURABLE GOODS WHSLE,Wholesale Trade,Core,"10784 CHINON CIR , SAN DIEGO, CA 92126-2564","4676 Brinnell St, Suite 103, San Diego, California, 92111",97.34,-117.153204044864,32.825590340805
2006008958,POLLO'S TRUCKING,SOLE,723 24TH ST ,SAN DIEGO,CA,92154-1302,4889,OTHER TRANSPORTATION SUPPORT ACTIVITIES,Transportation and Warehousing,Core,"723 24TH ST , SAN DIEGO, CA 92154-1302","723 24th St, San Diego, California, 92154",100.0,-117.082241832628,32.583502690868
2012042781,POLY MATERIAL SERVICES INC,CORP,2320 PASEO DE LAS AMERICAS 102 ,SAN DIEGO,CA,92154-7281,3399,OTHER MISCELLANEOUS MFG,Manufacturing,Core,"2320 PASEO DE LAS AMERICAS 102 , SAN DIEGO, CA 92154-7281","2320 Paseo de las Americas, Suite 102, San Diego, California, 92154",100.0,-116.93604611649,32.556205528116
2004016491,POLYMER INNOVATIONS INC ,CORP,2426 CADES WAY ,VISTA,CA,92081-7830,3359,OTHER ELECTRICAL EQUIPMENT & COMPONENT MFG,Manufacturing,Core,"2426 CADES WAY , VISTA, CA 92081-7830","2426 Cades Way, Vista, California, 92081",100.0,-117.221254285994,33.154101014675
1994002315,POLYMEREX MEDICAL CORP,CORP,7358 TRADE ST ,SAN DIEGO,CA,92121-2422,32619,OTHER PLASTICS PRODUCT MFG,Manufacturing,Core,"7358 TRADE ST , SAN DIEGO, CA 92121-2422","7358 Trade St, San Diego, California, 92121",100.0,-117.163132576814,32.888702970412
2025000021,POLYMERSHAPES LLC,LLC,9369 DOWDY DR A ,SAN DIEGO,CA,92126-4300,421,"WHOLESALE TRADE, DURABLE GOODS",Wholesale Trade,Core,"9369 DOWDY DR A , SAN DIEGO, CA 92126-4300","9395 Cabot Dr, San Diego, California, 92126",100.0,-117.144034997161,32.892340381114
2000005616,POLYPEPTIDE LABORATORIES SAN DIEGO LLC,LLC,9395 CABOT DR ,SAN DIEGO,CA,92126-4310,325412,PHARMACEUTICAL PREPARATION MFG,Manufacturing,Core,"9395 CABOT DR , SAN DIEGO, CA 92126-4310","9369 Dowdy Dr, Suite A, San Diego, California, 92126",100.0,-117.146870511187,32.89171219938
1998003814,POLYPLASTIC CORPORATION,CORP,4655 CASS ST 201 ,SAN DIEGO,CA,92109-2813,42199,OTHER MISCELLANEOUS DURABLE GOODS WHSLE,Wholesale Trade,Core,"4655 CASS ST 201 , SAN DIEGO, CA 92109-2813","4655 Cass St, Suite 201, San Diego, California, 92109",100.0,-117.252443766805,32.799438844807
2024002471,POOL & ELECTRICAL PRODUCTS,CORP,8390 MIRAMAR PL A ,SAN DIEGO,CA,92121-2104,4214,PROFESSIONAL & COMMERCIAL EQUIP & SUPP WHSLE,Wholesale Trade,Core,"8390 MIRAMAR PL A , SAN DIEGO, CA 92121-2104","8390 Miramar Pl, Suite A, San Diego, California, 92121",100.0,-117.178586040241,32.880541930385
1979052359,POOL WATER PRODUCTS,CORP,7777 OSTROW ST ,SAN DIEGO,CA,92111-3601,42199,OTHER MISCELLANEOUS DURABLE GOODS WHSLE,Wholesale Trade,Core,"7777 OSTROW ST , SAN DIEGO, CA 92111-3601","7777 Ostrow St, San Diego, California, 92111",100.0,-117.156483799758,32.815783262633
2012002860,POOR HOUSE BREWING CO & SUPPLY,LLC,4494 30TH ST B ,SAN DIEGO,CA,92116-4287,31212,BREWERIES,Manufacturing,Core,"4494 30TH ST B , SAN DIEGO, CA 92116-4287","7329 Formal Ct, San Diego, California, 92120",100.0,-117.068107359609,32.80064101927
2024005772,PORT PLASTICS,CORP,5985 PACIFIC CENTER BLVD 201 ,SAN DIEGO,CA,92121-4335,4219,MISCELLANEOUS DURABLE GOODS WHSLE,Wholesale Trade,Core,"5985 PACIFIC CENTER BLVD 201 , SAN DIEGO, CA 92121-4335","5985 Pacific Center Blvd, Suite 201, San Diego, California, 92121",100.0,-117.188190527814,32.903312124733
1999006315,POSEIDON SHELL INTERNATIONAL,SOLE,7329 FORMAL CT ,SAN DIEGO,CA,92120-1920,421,"WHOLESALE TRADE, DURABLE GOODS",Wholesale Trade,Core,"7329 FORMAL CT , SAN DIEGO, CA 92120-1920","2307 Fenton Pkwy, San Diego, California, 92108",100.0,-117.130185662364,32.780204346767
2005013975,POSITIVE IMAGE MOTORSPORTS,SOLE,4289 LAMONT ST ,SAN DIEGO,CA,92109-5510,42199,OTHER MISCELLANEOUS DURABLE GOODS WHSLE,Wholesale Trade,Core,"4289 LAMONT ST , SAN DIEGO, CA 92109-5510","4289 Lamont St, San Diego, California, 92109",100.0,-117.234315879134,32.797931302485
2004010337,POSTAL ANNEX #428,H-W,2307 FENTON PKY ,SAN DIEGO,CA,92108-4746,49111,POSTAL SERVICE,Transportation and Warehousing,Core,"2307 FENTON PKY , SAN DIEGO, CA 92108-4746","4494 30th St, Suite B, San Diego, California, 92116",100.0,-117.130216759225,32.758983128126
2025004711,POSTAL ANNEX 20,SCORP,7514 GIRARD AVE 1 ,LA JOLLA,CA,92037-5199,4911,POSTAL SERVICE,Transportation and Warehousing,Core,"7514 GIRARD AVE 1 , LA JOLLA, CA 92037-5199","7514 Girard Ave, Apartment 1, La Jolla, California, 92037",100.0,-117.272654882294,32.840805883911
2026001582,POSTAL ANNEX 25030,LLC,3077 CLAIREMONT DR B ,SAN DIEGO,CA,92117-6800,49111,POSTAL SERVICE,Transportation and Warehousing,Core,"3077 CLAIREMONT DR B , SAN DIEGO, CA 92117-6800","3077 Clairemont Dr, San Diego, California, 92117",99.72,-117.193436761011,32.795464523507
1994005798,POSTAL IMPRESSIONS,SOLE,2874 MURAT ST ,SAN DIEGO,CA,92117-2445,422,"WHOLESALE TRADE, NONDURABLE GOODS",Wholesale Trade,Core,"2874 MURAT ST , SAN DIEGO, CA 92117-2445","4203 Genesee Ave, Suite 103, San Diego, California, 92117",100.0,-117.182565097316,32.820820073979
2025011645,POSTALANNEX #34,SCORP,6549 MISSION GORGE RD ,SAN DIEGO,CA,92120-2306,49111,POSTAL SERVICE,Transportation and Warehousing,Core,"6549 MISSION GORGE RD , SAN DIEGO, CA 92120-2306","2874 Murat St, San Diego, California, 92117",100.0,-117.225126641442,32.83151031138
2025011667,POSTALANNEX #43,SCORP,4203 GENESEE AVE 103 ,SAN DIEGO,CA,92117-4950,49111,POSTAL SERVICE,Transportation and Warehousing,Core,"4203 GENESEE AVE 103 , SAN DIEGO, CA 92117-4950","2285 Michael Faraday Dr, Suite 11, San Diego, California, 92154",100.0,-116.932004698054,32.557651113047
2017003750,POWER PET COMPANY INC,CORP,2285 MICHAEL FARADAY DR 11 ,SAN DIEGO,CA,92154-7926,421,"WHOLESALE TRADE, DURABLE GOODS",Wholesale Trade,Core,"2285 MICHAEL FARADAY DR 11 , SAN DIEGO, CA 92154-7926","6549 Mission Gorge Rd, San Diego, California, 92120",100.0,-117.09754812396,32.792258822728
1995012254,POWERPAK INDUSTRIES LLC,CORP,11305 RANCHO BERNARDO RD 111 ,SAN DIEGO,CA,92127-1461,339,MISCELLANEOUS MFG,Manufacturing,Core,"11305 RANCHO BERNARDO RD 111 , SAN DIEGO, CA 92127-1461","11305 Rancho Bernardo Rd, Suite 111, San Diego, California, 92127",100.0,-117.086332131683,33.024453172937
2026000201,POWERSMITH INC,CORP,1111 06TH AVE 300 ,SAN DIEGO,CA,92101-5215,42161,ELEC EQUIP/WIRING SUPP/CONST MATERIAL WHSLE,Wholesale Trade,Core,"1111 06TH AVE 300 , SAN DIEGO, CA 92101-5215","2205 Newton Ave, San Diego, California, 92113",100.0,-117.140812658305,32.696325007219
1994003348,PRAXAIR INC,CORP,2205 NEWTON AVE ,SAN DIEGO,CA,92113-3619,32512,INDUSTRIAL GAS MFG,Manufacturing,Core,"2205 NEWTON AVE , SAN DIEGO, CA 92113-3619","8606 Miramar Rd, San Diego, California, 92126",100.0,-117.138237737649,32.892463511272
2007021676,PRE SALES INC,CORP,8606 MIRAMAR RD ,SAN DIEGO,CA,92126-4326,42144,OTHER COMMERCIAL EQUIPMENT WHSLE,Wholesale Trade,Core,"8606 MIRAMAR RD , SAN DIEGO, CA 92126-4326","92101-5215, San Diego, California",86.5,-117.159256030414,32.716956014147
2025010254,PRECIOUS METALS REFINERY,LLC,4445 EASTGATE MALL 2070 ,SAN DIEGO,CA,92121-1979,339911,JEWELRY (EXC COSTUME) MFG,Manufacturing,Core,"4445 EASTGATE MALL 2070 , SAN DIEGO, CA 92121-1979","3111 Camino del Rio N, Suite 449, San Diego, California, 92108",100.0,-117.127683664266,32.77520734946
2025010270,PRECIOUS METALS REFINERY,LLC,3111 CAMINO DEL RIO NORTH 449 ,SAN DIEGO,CA,92108-5720,339911,JEWELRY (EXC COSTUME) MFG,Manufacturing,Core,"3111 CAMINO DEL RIO NORTH 449 , SAN DIEGO, CA 92108-5720","2305 Historic Decatur Rd, Suite 100, San Diego, California, 92106",100.0,-117.216648262561,32.734382870949
2026004693,PRECIOUS METALS REFINERY LLC,LLC,2305 HISTORIC DECATUR RD 100 ,SAN DIEGO,CA,92106-6071,339911,JEWELRY (EXC COSTUME) MFG,Manufacturing,Core,"2305 HISTORIC DECATUR RD 100 , SAN DIEGO, CA 92106-6071","4445 Eastgate Mall, San Diego, California, 92121",98.97,-117.210287906793,32.878578050471
1992009070,PRECISION ENGINE CONTROLS CORP,CORP,11661 SORRENTO VALLEY RD ,SAN DIEGO,CA,92121-1010,334419,OTHER ELECTRONIC COMPONENT MFG,Manufacturing,Core,"11661 SORRENTO VALLEY RD , SAN DIEGO, CA 92121-1010","8400 Miramar Rd, Suite 110, San Diego, California, 92126",100.0,-117.139753269562,32.891588650128
2001012685,PRECISION EQUIPMENT AND MATERIALS DBA PEMCO,CORP,1541 SANTIAGO RIDGE WAY ,SAN DIEGO,CA,92154-7704,421,"WHOLESALE TRADE, DURABLE GOODS",Wholesale Trade,Core,"1541 SANTIAGO RIDGE WAY , SAN DIEGO, CA 92154-7704","11661 Sorrento Valley Rd, San Diego, California, 92121",100.0,-117.232765656539,32.913253732451
2004013305,PREFAB GRANITE DEPOT INC,CORP,8400 MIRAMAR RD 110 ,SAN DIEGO,CA,92126-6329,42139,OTHER CONSTRUCTION MATERIAL WHSLE,Wholesale Trade,Core,"8400 MIRAMAR RD 110 , SAN DIEGO, CA 92126-6329","1541 Santiago Ridge Way, San Diego, California, 92154",100.0,-116.954594513846,32.568858094778
2020011803,PREFERENTIAL FORESIGHTS,LLC,4336 OREGON ST 4 ,SAN DIEGO,CA,92104-1241,42111,AUTOMOBILE & OTHER MOTOR VEHICLE WHSLE,Wholesale Trade,Core,"4336 OREGON ST 4 , SAN DIEGO, CA 92104-1241","4336 Oregon St, Apartment 4, San Diego, California, 92104",100.0,-117.135149844519,32.756157840023
2022004542,PREFERRED AUTO GROUP INC,CORP,6655 MURRAY PARK DR ,SAN DIEGO,CA,92120-3909,4211,MOTOR VEHICLE/MOTOR VEHICLE PT & SUPPLY WHSLE,Wholesale Trade,Core,"6655 MURRAY PARK DR , SAN DIEGO, CA 92120-3909","6655 Murray Park Dr, San Diego, California, 92120",100.0,-117.052805105715,32.792340630103
2007002118,PREFERRED GLOBAL LOGISTICS,SCORP,7578 TRADE ST C ,SAN DIEGO,CA,92121-2478,48851,FREIGHT TRANSPORTATION ARRANGEMENT,Transportation and Warehousing,Core,"7578 TRADE ST C , SAN DIEGO, CA 92121-2478","7578 Trade St, Suite C, San Diego, California, 92121",100.0,-117.160498228465,32.888737378125
2025015433,PREFERRED SUPPLIERS LLC,LLC,643 04TH ST 1 ,ENCINITAS,CA,92024-3443,4219,MISCELLANEOUS DURABLE GOODS WHSLE,Wholesale Trade,Core,"643 04TH ST 1 , ENCINITAS, CA 92024-3443","372 El Loro St, Chula Vista, California, 91911",100.0,-117.068559647104,32.604692616782
2005006684,PREMIER DENTAL DESIGNS,CORP,7920 SILVERTON AVE E ,SAN DIEGO,CA,92126-6310,339116,DENTAL LABORATORIES,Manufacturing,Core,"7920 SILVERTON AVE E , SAN DIEGO, CA 92126-6310","2700 Adams Ave, Suite 207, San Diego, California, 92116",100.0,-117.134862596698,32.762899320928
2012059963,PREMIER LOGISTIC SERVICES INC,SCORP,372 EL LORO ST ,CHULA VISTA,CA,91911-4102,484,TRUCK TRANSPORTATION,Transportation and Warehousing,Core,"372 EL LORO ST , CHULA VISTA, CA 91911-4102","7920 Silverton Ave, San Diego, California, 92126",98.87,-117.150948390901,32.890895466735
2024008734,PREMIER VENTURES INTERNATIONAL INC ,CORP,2700 ADAMS AVE 207 ,SAN DIEGO,CA,92116-1367,3231,PRINTING & RELATED SUPPORT ACTIVITIES,Manufacturing,Core,"2700 ADAMS AVE 207 , SAN DIEGO, CA 92116-1367","7925 Silverton Ave, Suite 512, San Diego, California, 92126",100.0,-117.150889717578,32.890839727079
2022012695,PREMIUM AGAVE SPIRITS LLC,LLC,11548 WINDCREST LN 234 ,SAN DIEGO,CA,92128-4233,422,"WHOLESALE TRADE, NONDURABLE GOODS",Wholesale Trade,Core,"11548 WINDCREST LN 234 , SAN DIEGO, CA 92128-4233","92024-3443, Encinitas, California",86.67,-117.296597034343,33.043719019296
2013058100,PRESCRIBED OXYGEN,CORP,7925 SILVERTON AVE 512 ,SAN DIEGO,CA,92126-6350,42269,OTHER CHEMICAL & ALLIED PRODUCTS WHSLE,Wholesale Trade,Core,"7925 SILVERTON AVE 512 , SAN DIEGO, CA 92126-6350","7169 Construction Ct, San Diego, California, 92121",100.0,-117.167728206687,32.88368564699
1980060518,PRESIDIO COMPONENTS INC,CORP,7169 CONSTRUCTION CT ,SAN DIEGO,CA,92121-2615,4216,ELECTRICAL GOODS WHSLE,Wholesale Trade,Core,"7169 CONSTRUCTION CT , SAN DIEGO, CA 92121-2615","11548 Windcrest Ln, Apartment 234, San Diego, California, 92128",100.0,-117.08302111229,32.976193317667
2024002162,PRESSED,CORP,12853 EL CAMINO REAL 110 ,SAN DIEGO,CA,92130-2969,42249,OTHER GROCERY & RELATED PRODUCTS WHSLE,Wholesale Trade,Core,"12853 EL CAMINO REAL 110 , SAN DIEGO, CA 92130-2969","2053 Mitscher Ln, San Diego, California, 92106",100.0,-117.220627319636,32.732066825373
2025020000,PRESTIGE TRANSPORTATION,SOLE,9045 KENWOOD DR 7 ,SPRING VALLEY,CA,91977-2208,488,TRANSPORTATION SUPPORT ACTIVITIES,Transportation and Warehousing,Core,"9045 KENWOOD DR 7 , SPRING VALLEY, CA 91977-2208","12853 El Camino Real, San Diego, California, 92130",99.23,-117.234155459904,32.951498386893
2015016690,PRESTON PARKER WINES,LLC,2053 MITSCHER LN ,SAN DIEGO,CA,92106-6080,31213,WINERIES,Manufacturing,Core,"2053 MITSCHER LN , SAN DIEGO, CA 92106-6080","4595 Mission Bay Dr, San Diego, California, 92109",100.0,-117.218057847217,32.804656286167
2023006545,PRIME STORAGE PACIFIC BEACH,LLC,4595 MISSION BAY DR ,SAN DIEGO,CA,92109-4920,49311,GENERAL WAREHOUSING & STORAGE,Transportation and Warehousing,Core,"4595 MISSION BAY DR , SAN DIEGO, CA 92109-4920","9045 Kenwood Dr, Apartment 7, Spring Valley, California, 91977",100.0,-117.002300367226,32.744509676818
2006009330,PRIMETIME TRANSPORT LLC,LLC,760 CHOLLA RD ,CHULA VISTA,CA,91910-6614,484,TRUCK TRANSPORTATION,Transportation and Warehousing,Core,"760 CHOLLA RD , CHULA VISTA, CA 91910-6614","760 Cholla Rd, Chula Vista, California, 91910",100.0,-117.027889647068,32.62813277665
2018027589,PRINT3D PRODUCTIONS LLC,LLC,8380 MIRAMAR MALL 117 ,SAN DIEGO,CA,92121-2549,323,PRINTING & RELATED SUPPORT ACTIVITIES,Manufacturing,Core,"8380 MIRAMAR MALL 117 , SAN DIEGO, CA 92121-2549","8380 Miramar Mall, Suite 117, San Diego, California, 92121",100.0,-117.182937421456,32.879861236028
2007002787,PRINTER CARTRIDGE USA.COM,CORP,14276 BARRYMORE ST ,SAN DIEGO,CA,92129-3304,4214,PROFESSIONAL & COMMERCIAL EQUIP & SUPP WHSLE,Wholesale Trade,Core,"14276 BARRYMORE ST , SAN DIEGO, CA 92129-3304","14276 Barrymore St, San Diego, California, 92129",100.0,-117.134957731299,32.976194700681
2000005108,PRINTING ON FIFTH AVENUE LLC,CORP,3302 05TH AVE ,SAN DIEGO,CA,92103-5713,323,PRINTING & RELATED SUPPORT ACTIVITIES,Manufacturing,Core,"3302 05TH AVE , SAN DIEGO, CA 92103-5713","3425 Ogalala Ave, San Diego, California, 92117",100.0,-117.211383924452,32.83108262477
1999002651,PRINTNET,CORP,3425 OGALALA AVE ,SAN DIEGO,CA,92117-2637,3341,COMPUTER & PERIPHERAL EQUIPMENT MFG,Manufacturing,Core,"3425 OGALALA AVE , SAN DIEGO, CA 92117-2637","41593 Winchester Rd, Suite 200, Temecula, California, 92590",100.0,-117.166101363099,33.520245679431
2025004442,PRINTSAFE,CORP,12225 WORLD TRADE DR R ,SAN DIEGO,CA,92128-3769,422,"WHOLESALE TRADE, NONDURABLE GOODS",Wholesale Trade,Core,"12225 WORLD TRADE DR R , SAN DIEGO, CA 92128-3769","12225 World Trade Dr, Suite R, San Diego, California, 92128",100.0,-117.072798710816,32.987732641859
2024003092,PRN MED TRANSPORT,CORP,41593 WINCHESTER RD 200 ,TEMECULA,CA,92590-4857,488,TRANSPORTATION SUPPORT ACTIVITIES,Transportation and Warehousing,Core,"41593 WINCHESTER RD 200 , TEMECULA, CA 92590-4857","92103-5713, San Diego, California",86.5,-117.160363028366,32.740282012494
2021002777,PRO AUCTION COMPANY,SCORP,2455 OTAY CENTER DR 123A ,SAN DIEGO,CA,92154-7643,42144,OTHER COMMERCIAL EQUIPMENT WHSLE,Wholesale Trade,Core,"2455 OTAY CENTER DR 123A , SAN DIEGO, CA 92154-7643","16464 Via Esprillo, San Diego, California, 92127",100.0,-117.092526777225,33.013735107618
2023007685,PRO CIRCUITS MANUFACTURING INC,SCORP,16464 VIA ESPRILLO ,SAN DIEGO,CA,92127-1702,339,MISCELLANEOUS MFG,Manufacturing,Core,"16464 VIA ESPRILLO , SAN DIEGO, CA 92127-1702","5923 Estelle St, San Diego, California, 92115",100.0,-117.069589866823,32.758199503998
2024002161,PRO EDGEKNIFE,SOLE,5923 ESTELLE ST ,SAN DIEGO,CA,92115-5434,49221,LOCAL MESSENGERS & LOCAL DELIVERY,Transportation and Warehousing,Core,"5923 ESTELLE ST , SAN DIEGO, CA 92115-5434","2455 Otay Center Dr, San Diego, California, 92154",98.97,-116.942697827212,32.555020327007
2025003738,PRO FORM,SOLE,12143 ROCKCREST RD ,LAKESIDE,CA,92040-4509,332322,SHEET METAL WORK MFG,Manufacturing,Core,"12143 ROCKCREST RD , LAKESIDE, CA 92040-4509","3963 La Cresta Dr, San Diego, California, 92107",100.0,-117.234590061584,32.736387612641
2001012786,PRO MOTION IMPORTS,CORP,3963 LA CRESTA DR ,SAN DIEGO,CA,92107-2612,42199,OTHER MISCELLANEOUS DURABLE GOODS WHSLE,Wholesale Trade,Core,"3963 LA CRESTA DR , SAN DIEGO, CA 92107-2612","14055 Kirkham Way, Suite 104, Poway, California, 92064",100.0,-117.026625236974,32.934492133993
2024007290,PRO OFFICE FURNITURE SPECIALIST,SOLE,2733 VIA ORANGE WAY 105 ,SPRING VALLEY,CA,91978-1748,33721,OFFICE FURNITURE (INCLUDING FIXTURES) MFG,Manufacturing,Core,"2733 VIA ORANGE WAY 105 , SPRING VALLEY, CA 91978-1748","385 Saint Rita Ct, San Diego, California, 92113",100.0,-117.086667072534,32.701086682594
1998002652,PRO SPECIALTIES GROUP INC,CORP,14055 KIRKHAM WAY 104 ,POWAY,CA,92064-7163,421,"WHOLESALE TRADE, DURABLE GOODS",Wholesale Trade,Core,"14055 KIRKHAM WAY 104 , POWAY, CA 92064-7163","12143 Rockcrest Rd, Lakeside, California, 92040",100.0,-116.929754073233,32.846474104024
2008009124,PRO SWEEPERS POWER SWEEPING INC,CORP,385 SAINT RITA CT ,SAN DIEGO,CA,92113-2092,81131,COMMERCIAL EQUIPMENT (EXC AUTO & ELEC) R&M,Industrial Machinery Repair,Core,"385 SAINT RITA CT , SAN DIEGO, CA 92113-2092","13620 Lindamere Ln, San Diego, California, 92128",100.0,-117.071290052063,32.967594490837
1998000145,PROCESS PUMP SALES,CORP,13620 LINDAMERE LN ,SAN DIEGO,CA,92128-4730,421,"WHOLESALE TRADE, DURABLE GOODS",Wholesale Trade,Core,"13620 LINDAMERE LN , SAN DIEGO, CA 92128-4730","2733 Via Orange Way, Suite 105, Spring Valley, California, 91978",100.0,-116.967282200683,32.729455862534
2014030834,PROCHEM SPECIALTY PRODUCTS INC,CORP,115 E 18TH ST ,NATIONAL CITY,CA,91950-4529,3251,BASIC CHEMICAL MFG,Manufacturing,Core,"115 E 18TH ST , NATIONAL CITY, CA 91950-4529","4905 Morena Blvd, Suite 1311, San Diego, California, 92117",100.0,-117.229870044268,32.830966074407
2025000821,PRODUCE BRO,SOLE,4151 UDALL ST 4 ,SAN DIEGO,CA,92107-1851,492,COURIERS & MESSENGERS,Transportation and Warehousing,Core,"4151 UDALL ST 4 , SAN DIEGO, CA 92107-1851","9030 Carroll Way, Suite 6, San Diego, California, 92121",100.0,-117.158873564172,32.887505364086
2003012194,PROFESSIONAL OPTICAL LAB,CORP,4905 MORENA BLVD 1311 ,SAN DIEGO,CA,92117-7378,421,"WHOLESALE TRADE, DURABLE GOODS",Wholesale Trade,Core,"4905 MORENA BLVD 1311 , SAN DIEGO, CA 92117-7378","4151 Udall St, Apartment 4, San Diego, California, 92107",100.0,-117.235007228905,32.742616162981
2021007213,PROGRESSIVE GRAPHICS INDUSTRIAL PRINT,SOLE,9030 CARROLL WAY 6 ,SAN DIEGO,CA,92121-2417,323119,OTHER COMMERCIAL PRINTING,Manufacturing,Core,"9030 CARROLL WAY 6 , SAN DIEGO, CA 92121-2417","7939 Silverton Ave, Suite 803, San Diego, California, 92126",100.0,-117.150323939114,32.890830632714
2025006677,PROJX2PRINT LA JOLLA,SOLE,1130 WALL ST B ,LA JOLLA,CA,92037-4531,3231,PRINTING & RELATED SUPPORT ACTIVITIES,Manufacturing,Core,"1130 WALL ST B , LA JOLLA, CA 92037-4531","6730 Top Gun St, San Diego, California, 92121",100.0,-117.174308419775,32.909096895209
2001009725,PROMOVENTURES INC,CORP,7939 SILVERTON AVE 803 ,SAN DIEGO,CA,92126-6353,42199,OTHER MISCELLANEOUS DURABLE GOODS WHSLE,Wholesale Trade,Core,"7939 SILVERTON AVE 803 , SAN DIEGO, CA 92126-6353","115 E 18th St, National City, California, 91950",100.0,-117.102177616722,32.667607684931
2013003300,PROSOURCE OF SAN DIEGO,LLC,6730 TOP GUN ST ,SAN DIEGO,CA,92121-4114,42139,OTHER CONSTRUCTION MATERIAL WHSLE,Wholesale Trade,Core,"6730 TOP GUN ST , SAN DIEGO, CA 92121-4114","1130 Wall St, La Jolla, California, 92037",99.66,-117.272760494274,32.847077307686
2025016355,PROVIDIEN THERMOFORMING LLC,LLC,6740 NANCY RIDGE DR ,SAN DIEGO,CA,92121-2230,33911,MEDICAL EQUIPMENT & SUPPLIES MFG,Manufacturing,Core,"6740 NANCY RIDGE DR , SAN DIEGO, CA 92121-2230","6740 Nancy Ridge Dr, San Diego, California, 92121",100.0,-117.178201813799,32.886363455507
2014004684,PROVISION HEALTH CORP,CORP,9760 VIA DE LA AMISTAD ,SAN DIEGO,CA,92154-7210,31199,ALL OTHER FOOD MFG,Manufacturing,Core,"9760 VIA DE LA AMISTAD , SAN DIEGO, CA 92154-7210","9760 Via de la Amistad, San Diego, California, 92154",100.0,-116.934697719726,32.552890108225
1974010644,PRUDENTIAL OVERALL SUPPLY,CORP,740 F ST ,SAN DIEGO,CA,92101-6303,4223,"APPAREL, PIECE GOODS & NOTIONS WHSLE",Wholesale Trade,Core,"740 F ST , SAN DIEGO, CA 92101-6303","740 F St, San Diego, California, 92101",100.0,-117.157832074723,32.713688822484
2025011096,PRUF,LLC,103B BLAKE WAY ,FRIDAY HARBOR,WA,98250-8926,31191,SNACK FOOD MFG,Manufacturing,Core,"103B BLAKE WAY , FRIDAY HARBOR, WA 98250-8926","10250 Caminito Cuervo, Unit 26, San Diego, California, 92108",100.0,-117.111754527833,32.787093055801
2025012815,PS TRUCKING LLC,LLC,10250 CAMINITO CUERVO 26 ,SAN DIEGO,CA,92108-1806,48412,"GENERAL FREIGHT TRUCKING, LONG-DISTANCE",Transportation and Warehousing,Core,"10250 CAMINITO CUERVO 26 , SAN DIEGO, CA 92108-1806","103 Blake Way, Friday Harbor, Washington, 98250",98.22,-123.023897662304,48.5491693991
1991004791,PSEMI CORPORATION,CORP,9380 CARROLL PARK DR ,SAN DIEGO,CA,92121-2256,3344,SEMICONDUCTOR & OTH ELECTRONIC COMPONENT MFG,Manufacturing,Core,"9380 CARROLL PARK DR , SAN DIEGO, CA 92121-2256","5950 Federal Blvd, San Diego, California, 92114",100.0,-117.068175420662,32.72724869788
2020017829,PUBLIC STORAGE,CORP,12340 WORLD TRADE DR ,SAN DIEGO,CA,92128-3742,49311,GENERAL WAREHOUSING & STORAGE,Transportation and Warehousing,Core,"12340 WORLD TRADE DR , SAN DIEGO, CA 92128-3742","12340 World Trade Dr, San Diego, California, 92128",100.0,-117.06979790566,32.987428420683
1996000326,PUBLIC STORAGE INC,CORP,5950 FEDERAL BLVD ,SAN DIEGO,CA,92114-1336,4931,WAREHOUSING & STORAGE,Transportation and Warehousing,Core,"5950 FEDERAL BLVD , SAN DIEGO, CA 92114-1336","9380 Carroll Park Dr, San Diego, California, 92121",100.0,-117.17525582629,32.888288778667
1996000328,PUBLIC STORAGE INC,CORP,8000 RAYTHEON RD ,SAN DIEGO,CA,92111-1609,49319,OTHER WAREHOUSING & STORAGE,Transportation and Warehousing,Core,"8000 RAYTHEON RD , SAN DIEGO, CA 92111-1609","8000 Raytheon Rd, San Diego, California, 92111",100.0,-117.150233917474,32.830920351125
1996000332,PUBLIC STORAGE INC,CORP,1925 54TH ST ,SAN DIEGO,CA,92105-5405,49319,OTHER WAREHOUSING & STORAGE,Transportation and Warehousing,Core,"1925 54TH ST , SAN DIEGO, CA 92105-5405","5175 Pacific Hwy, San Diego, California, 92110",100.0,-117.205419026876,32.767912746765
1996000336,PUBLIC STORAGE INC,CORP,5175 PACIFIC HWY ,SAN DIEGO,CA,92110-4006,49319,OTHER WAREHOUSING & STORAGE,Transportation and Warehousing,Core,"5175 PACIFIC HWY , SAN DIEGO, CA 92110-4006","1925 54th St, San Diego, California, 92105",100.0,-117.083677834404,32.725177655334
1996000338,PUBLIC STORAGE INC,CORP,11211 SORRENTO VALLEY RD ,SAN DIEGO,CA,92121-1323,49319,OTHER WAREHOUSING & STORAGE,Transportation and Warehousing,Core,"11211 SORRENTO VALLEY RD , SAN DIEGO, CA 92121-1323","11211 Sorrento Valley Rd, San Diego, California, 92121",100.0,-117.227875570407,32.906642925417
1996000340,PUBLIC STORAGE INC,CORP,560 16TH ST ,SAN DIEGO,CA,92101-7610,49319,OTHER WAREHOUSING & STORAGE,Transportation and Warehousing,Core,"560 16TH ST , SAN DIEGO, CA 92101-7610","6200 Miramar Rd, San Diego, California, 92121",100.0,-117.179695468945,32.877578257061
2008013490,PUBLIC STORAGE INC,CORP,6200 MIRAMAR RD ,SAN DIEGO,CA,92121-2546,49319,OTHER WAREHOUSING & STORAGE,Transportation and Warehousing,Core,"6200 MIRAMAR RD , SAN DIEGO, CA 92121-2546","1714 Palm Ave, San Diego, California, 92154",100.0,-117.096856784586,32.583938521605
2009001304,PUBLIC STORAGE INC,CORP,1714 PALM AVE ,SAN DIEGO,CA,92154-1149,49311,GENERAL WAREHOUSING & STORAGE,Transportation and Warehousing,Core,"1714 PALM AVE , SAN DIEGO, CA 92154-1149","560 16th St, San Diego, California, 92101",100.0,-117.14948457533,32.711199071589
2009001303,PUBLIC STORAGE INC 08209,LLC,7545 DAGGET ST ,SAN DIEGO,CA,92111-2244,49311,GENERAL WAREHOUSING & STORAGE,Transportation and Warehousing,Core,"7545 DAGGET ST , SAN DIEGO, CA 92111-2244","7545 Dagget St, San Diego, California, 92111",100.0,-117.159825580735,32.823535475332
1996000330,PUBLIC STORAGE INC 23424,CORP,984 SHERMAN ST ,SAN DIEGO,CA,92110-4015,49319,OTHER WAREHOUSING & STORAGE,Transportation and Warehousing,Core,"984 SHERMAN ST , SAN DIEGO, CA 92110-4015","984 Sherman St, San Diego, California, 92110",100.0,-117.198760945908,32.76554984635
1996000334,PUBLIC STORAGE INC 24407,CORP,9550 KEARNY MESA RD ,SAN DIEGO,CA,92126-4524,49319,OTHER WAREHOUSING & STORAGE,Transportation and Warehousing,Core,"9550 KEARNY MESA RD , SAN DIEGO, CA 92126-4524","9550 Kearny Mesa Rd, San Diego, California, 92126",100.0,-117.118017904981,32.894719416692
2008000569,PUBLIC STORAGE INC 29205,CORP,9890 PACIFIC HEIGHTS BLVD ,SAN DIEGO,CA,92121-4702,4931,WAREHOUSING & STORAGE,Transportation and Warehousing,Core,"9890 PACIFIC HEIGHTS BLVD , SAN DIEGO, CA 92121-4702","9890 Pacific Heights Blvd, San Diego, California, 92121",100.0,-117.189157715621,32.899572957726
1974009072,PULSE ELECTRONICS INC,CORP,15255 INNOVATION DR 100 ,SAN DIEGO,CA,92128-3410,3344,SEMICONDUCTOR & OTH ELECTRONIC COMPONENT MFG,Manufacturing,Core,"15255 INNOVATION DR 100 , SAN DIEGO, CA 92128-3410","15255 Innovation Dr, Suite 100, San Diego, California, 92128",100.0,-117.077620652075,32.992559737988
2016006275,PUMYANG SHIPPING USA INC,SCORP,6020 PROGRESSIVE AVE 600 ,SAN DIEGO,CA,92154-6638,49111,POSTAL SERVICE,Transportation and Warehousing,Core,"6020 PROGRESSIVE AVE 600 , SAN DIEGO, CA 92154-6638","6020 Progressive Ave, Suite 600, San Diego, California, 92154",100.0,-117.005016187674,32.571070456212
2024009627,PUNKY PRODUCE,SOLE,8857 GOLDEN RIDGE RD ,LAKESIDE,CA,92040-5327,31199,ALL OTHER FOOD MFG,Manufacturing,Core,"8857 GOLDEN RIDGE RD , LAKESIDE, CA 92040-5327","4683 Mercury St, Suite B, San Diego, California, 92111",100.0,-117.148826512112,32.825942716015
2015017035,PURA VIDA TRADING INC,SCORP,4683 MERCURY ST B ,SAN DIEGO,CA,92111-2423,4229,MISCELLANEOUS NONDURABLE GOODS WHSLE,Wholesale Trade,Core,"4683 MERCURY ST B , SAN DIEGO, CA 92111-2423","7015 Carroll Rd, Suite B, San Diego, California, 92121",100.0,-117.170131968879,32.88517980505
2024011349,PURE MEAL PREP SD,LLC,7015 CARROLL RD B ,SAN DIEGO,CA,92121-2210,311991,PERISHABLE PREPARED FOOD MFG,Manufacturing,Core,"7015 CARROLL RD B , SAN DIEGO, CA 92121-2210","123 Cancha de Golf, Rancho Santa Fe, California, 92091",100.0,-117.211874181969,32.992591337763
2019018888,PURPLE ZEBRA SALES,SOLE,123 CANCHA DE GOLF ,RANCHO SANTA FE,CA,92091-4436,4219,MISCELLANEOUS DURABLE GOODS WHSLE,Wholesale Trade,Core,"123 CANCHA DE GOLF , RANCHO SANTA FE, CA 92091-4436","9030 Kenamar Dr, Suite 304, San Diego, California, 92121",100.0,-117.155493226441,32.886608500446
2025015940,PV TRANSPORTS,CORP,3340 DEL SOL BLVD 178 ,SAN DIEGO,CA,92154-3459,4841,GENERAL FREIGHT TRUCKING,Transportation and Warehousing,Core,"3340 DEL SOL BLVD 178 , SAN DIEGO, CA 92154-3459","3340 Del Sol Blvd, Space 178, San Diego, California, 92154",100.0,-117.061729904759,32.573620314977
2018000108,Q&V MACHINES,SOLE,9030 KENAMAR DR 304 ,SAN DIEGO,CA,92121-2432,333,MACHINERY MFG,Manufacturing,Core,"9030 KENAMAR DR 304 , SAN DIEGO, CA 92121-2432","9091 Kenamar Dr, San Diego, California, 92121",100.0,-117.155397840382,32.888823963184
1997011825,Q3 CNC INC,CORP,9091 KENAMAR DR ,SAN DIEGO,CA,92121-2421,332,FABRICATED METAL PRODUCT MFG,Manufacturing,Core,"9091 KENAMAR DR , SAN DIEGO, CA 92121-2421","734 Via Cafetal, San Marcos, California, 92069",100.0,-117.193008697216,33.162484552321
2007005518,QIAGRAPHIX,H-W,734 VIA CAFETAL ,SAN MARCOS,CA,92069-7384,4229,MISCELLANEOUS NONDURABLE GOODS WHSLE,Wholesale Trade,Core,"734 VIA CAFETAL , SAN MARCOS, CA 92069-7384","8857 Golden Ridge Rd, Lakeside, California, 92040",100.0,-116.940381152993,32.837729264441
2024012369,QSI LOGISTICS CORPORATION,CORP,4045 BONITA RD 309 ,BONITA,CA,91902-1337,4841,GENERAL FREIGHT TRUCKING,Transportation and Warehousing,Core,"4045 BONITA RD 309 , BONITA, CA 91902-1337","4045 Bonita Rd, Suite 309, Bonita, California, 91902",100.0,-117.039858669527,32.658590223947
1999004204,QUAKE GLOBAL INC,CORP,4711 VIEWRIDGE AVE 150 ,SAN DIEGO,CA,92123-1669,33422,RADIO/TV BROADCAST & WIRELESS COMM EQUIP MFG,Manufacturing,Core,"4711 VIEWRIDGE AVE 150 , SAN DIEGO, CA 92123-1669","4711 Viewridge Ave, San Diego, California, 92123",99.21,-117.120997252465,32.824420730036
2006014025,QUALCOMM FLARION TECHNOLOGIES INC,CORP,5775 MOREHOUSE DR ,SAN DIEGO,CA,92121-1714,334419,OTHER ELECTRONIC COMPONENT MFG,Manufacturing,Core,"5775 MOREHOUSE DR , SAN DIEGO, CA 92121-1714","5775 Morehouse Dr, San Diego, California, 92121",100.0,-117.196450558117,32.896673028775
2023000431,QUALCOMM INC,CORP,10350 SORRENTO VALLEY RD ,SAN DIEGO,CA,92121-1642,492,COURIERS & MESSENGERS,Transportation and Warehousing,Core,"10350 SORRENTO VALLEY RD , SAN DIEGO, CA 92121-1642","5775 Morehouse Dr, San Diego, California, 92121",100.0,-117.196450558117,32.896673028775
1985012355,QUALCOMM INCORPORATED,CORP,5775 MOREHOUSE DR ,SAN DIEGO,CA,92121-1714,334419,OTHER ELECTRONIC COMPONENT MFG,Manufacturing,Core,"5775 MOREHOUSE DR , SAN DIEGO, CA 92121-1714","10350 Sorrento Valley Rd, San Diego, California, 92121",100.0,-117.211529266653,32.891086741765
1998004286,QUALCOMM INCORPORATED,CORP,4243 CAMPUS POINT CT ,SAN DIEGO,CA,92121-1513,3344,SEMICONDUCTOR & OTH ELECTRONIC COMPONENT MFG,Manufacturing,Core,"4243 CAMPUS POINT CT , SAN DIEGO, CA 92121-1513","9380 Waples St, San Diego, California, 92121",100.0,-117.185387535573,32.901099218475
1998004319,QUALCOMM INCORPORATED,CORP,9380 WAPLES ST ,SAN DIEGO,CA,92121,3344,SEMICONDUCTOR & OTH ELECTRONIC COMPONENT MFG,Manufacturing,Core,"9380 WAPLES ST , SAN DIEGO, CA 92121","10185 McKellar Ct, San Diego, California, 92121",100.0,-117.201318348386,32.904046547089
1998004321,QUALCOMM INCORPORATED,CORP,10555 SORRENTO VALLEY RD ,SAN DIEGO,CA,92121-1608,3344,SEMICONDUCTOR & OTH ELECTRONIC COMPONENT MFG,Manufacturing,Core,"10555 SORRENTO VALLEY RD , SAN DIEGO, CA 92121-1608","4243 Campus Point Ct, San Diego, California, 92121",100.0,-117.224958668102,32.888383577991
1999009937,QUALCOMM INCORPORATED,CORP,10185 MCKELLAR CT ,SAN DIEGO,CA,92121-4233,3344,SEMICONDUCTOR & OTH ELECTRONIC COMPONENT MFG,Manufacturing,Core,"10185 MCKELLAR CT , SAN DIEGO, CA 92121-4233","10145 Pacific Heights Blvd, San Diego, California, 92121",99.55,-117.193373393823,32.904086486857
2005007909,QUALCOMM INCORPORATED,CORP,10145 PACIFIC HEIGHTS BLVD AQ ,SAN DIEGO,CA,92121-4234,33429,OTHER COMMUNICATIONS EQUIPMENT MFG,Manufacturing,Core,"10145 PACIFIC HEIGHTS BLVD AQ , SAN DIEGO, CA 92121-4234","10555 Sorrento Valley Rd, San Diego, California, 92121",100.0,-117.218940713079,32.89690198046
2006013869,QUALCOMM INCORPORATED,CORP,5745 PACIFIC CENTER BLVD W WT ,SAN DIEGO,CA,92121-4203,334419,OTHER ELECTRONIC COMPONENT MFG,Manufacturing,Core,"5745 PACIFIC CENTER BLVD W WT , SAN DIEGO, CA 92121-4203","5788 Pacific Center Blvd, San Diego, California, 92121",99.09,-117.195864160171,32.904259112153
2006013895,QUALCOMM INCORPORATED,CORP,5788 PACIFIC CENTER BLVD WAWD ,SAN DIEGO,CA,92121-4202,334419,OTHER ELECTRONIC COMPONENT MFG,Manufacturing,Core,"5788 PACIFIC CENTER BLVD WAWD , SAN DIEGO, CA 92121-4202","10160 Pacific Mesa Blvd, San Diego, California, 92121",99.51,-117.191293089274,32.902485543351
2008032778,QUALCOMM INCORPORATED,CORP,10160 PACIFIC MESA BLVD AV ,SAN DIEGO,CA,92121-4390,335929,OTHER COMMUNICATION & ENERGY WIRE MFG,Manufacturing,Core,"10160 PACIFIC MESA BLVD AV , SAN DIEGO, CA 92121-4390","10001 Pacific Heights Blvd, San Diego, California, 92121",100.0,-117.193131156821,32.901571287262
2011017936,QUALCOMM INCORPORATED,CORP,5770 MOREHOUSE DR ,SAN DIEGO,CA,92121-1713,4931,WAREHOUSING & STORAGE,Transportation and Warehousing,Core,"5770 MOREHOUSE DR , SAN DIEGO, CA 92121-1713","5770 Morehouse Dr, San Diego, California, 92121",100.0,-117.195923168769,32.89719890938
2015003095,QUALCOMM INCORPORATED,CORP,10001 PACIFIC HEIGHTS BLVD ,SAN DIEGO,CA,92121,3342,COMMUNICATIONS EQUIPMENT MFG,Manufacturing,Core,"10001 PACIFIC HEIGHTS BLVD , SAN DIEGO, CA 92121","6455 Lusk Blvd, San Diego, California, 92121",100.0,-117.201759571769,32.901809081855
2005007907,QUALCOMM INCORPORATED INC,CORP,6455 LUSK BLVD BLD Q ,SAN DIEGO,CA,92121-2779,33429,OTHER COMMUNICATIONS EQUIPMENT MFG,Manufacturing,Core,"6455 LUSK BLVD BLD Q , SAN DIEGO, CA 92121-2779","5745 Pacific Center Blvd, San Diego, California, 92121",98.41,-117.196454916707,32.904098514888
2005007564,QUALFIN INC,CORP,2475 PASEO DE LAS AMERICAS 3312 ,SAN DIEGO,CA,92154-7255,42122,HOME FURNISHING WHSLE,Wholesale Trade,Core,"2475 PASEO DE LAS AMERICAS 3312 , SAN DIEGO, CA 92154-7255","2475 Paseo de las Americas, San Diego, California, 92154",99.11,-116.935868252505,32.553304383789
1997003428,QUALITY DIAMONDS,CORP,861 06TH AVE 165 ,SAN DIEGO,CA,92101-6326,4215,METAL & MINERAL (EXCEPT PETROLEUM) WHSLE,Wholesale Trade,Core,"861 06TH AVE 165 , SAN DIEGO, CA 92101-6326","4599 Mission Gorge Pl, Suite B, San Diego, California, 92120",100.0,-117.094025629151,32.782819416738
2004009885,QUALITY LETTER PRESS,CORP,4599 MISSION GORGE PL B ,SAN DIEGO,CA,92120-4144,32312,PRINTING SUPPORT ACTIVITIES,Manufacturing,Core,"4599 MISSION GORGE PL B , SAN DIEGO, CA 92120-4144","115 N Glover Ave, Chula Vista, California, 91910",100.0,-117.087086502969,32.655151129074
2014020023,QUALITY LIFT TRUCKS,CORP,115 N GLOVER AVE ,CHULA VISTA,CA,91910-1029,81131,COMMERCIAL EQUIPMENT (EXC AUTO & ELEC) R&M,Industrial Machinery Repair,Core,"115 N GLOVER AVE , CHULA VISTA, CA 91910-1029","92101-6326, San Diego, California",86.5,-117.159229040686,32.714230009687
2025016678,QUALITY ONE USA,SOLE,10005 MARCONI DR 2 ,SAN DIEGO,CA,92154-5208,421,"WHOLESALE TRADE, DURABLE GOODS",Wholesale Trade,Core,"10005 MARCONI DR 2 , SAN DIEGO, CA 92154-5208","10005 Marconi Dr, Suite 2, San Diego, California, 92154",100.0,-116.92986949204,32.554258412008
1999013446,QUALITY SERVICES MEXICO,CORP,9050 SIEMPRE VIVA RD ,SAN DIEGO,CA,92154-7603,4931,WAREHOUSING & STORAGE,Transportation and Warehousing,Core,"9050 SIEMPRE VIVA RD , SAN DIEGO, CA 92154-7603","9050 Siempre Viva Rd, San Diego, California, 92154",100.0,-116.948293084439,32.553249846213
2024004798,QUALITY TOWING,SOLE,9485 BLACK MOUNTAIN RD ,SAN DIEGO,CA,92126-4504,48841,MOTOR VEHICLE TOWING,Transportation and Warehousing,Core,"9485 BLACK MOUNTAIN RD , SAN DIEGO, CA 92126-4504","8815 Production Ave, San Diego, California, 92121",100.0,-117.165335424787,32.884462356048
2013050378,QUALMACH,SCORP,8815 PRODUCTION AVE ,SAN DIEGO,CA,92121-2219,421,"WHOLESALE TRADE, DURABLE GOODS",Wholesale Trade,Core,"8815 PRODUCTION AVE , SAN DIEGO, CA 92121-2219","9485 Black Mountain Rd, San Diego, California, 92126",100.0,-117.12336874433,32.895122083321
2013068215,QUANTUM BREWING,LLC,5375 KEARNY VILLA RD 116 ,SAN DIEGO,CA,92123-1422,339,MISCELLANEOUS MFG,Manufacturing,Core,"5375 KEARNY VILLA RD 116 , SAN DIEGO, CA 92123-1422","10307 Pacific Center Ct, San Diego, California, 92121",100.0,-117.18871716279,32.90496063554
2012084828,QUANTUM DESIGN INC,CORP,10307 PACIFIC CENTER CT ,SAN DIEGO,CA,92121-4340,3359,OTHER ELECTRICAL EQUIPMENT & COMPONENT MFG,Manufacturing,Core,"10307 PACIFIC CENTER CT , SAN DIEGO, CA 92121-4340","5375 Kearny Villa Rd, Suite 116, San Diego, California, 92123",100.0,-117.138528170594,32.831246197611
2022000928,QUICK AUTO WRECKING,LLC,552 ALTA RD 4 ,SAN DIEGO,CA,92154-5716,42114,MOTOR VEHICLE PARTS (USED) WHSLE,Wholesale Trade,Core,"552 ALTA RD 4 , SAN DIEGO, CA 92154-5716","552 Alta Rd, San Diego, California, 92154",99.66,-116.919009311552,32.579009375805
2007027777,QUICK CRETE PRODUCTS CORP,CORP,731 PARKRIDGE AVE ,NORCO,CA,92860-3149,32739,OTHER CONCRETE PRODUCT MFG,Manufacturing,Core,"731 PARKRIDGE AVE , NORCO, CA 92860-3149","731 Parkridge Ave, Norco, California, 92860",100.0,-117.566285774841,33.896112681318
2018000442,QUIDEL CORPORATION,CORP,9975 SUMMERS RIDGE RD ,SAN DIEGO,CA,92121-2997,339,MISCELLANEOUS MFG,Manufacturing,Core,"9975 SUMMERS RIDGE RD , SAN DIEGO, CA 92121-2997","885 Hilltop Dr, Chula Vista, California, 91911",100.0,-117.059778765337,32.624662543007
2005001318,QUIK TECH,CORP,885 HILLTOP DR ,CHULA VISTA,CA,91911-1505,81131,COMMERCIAL EQUIPMENT (EXC AUTO & ELEC) R&M,Industrial Machinery Repair,Core,"885 HILLTOP DR , CHULA VISTA, CA 91911-1505","2548 Monette Dr, San Diego, California, 92123",100.0,-117.124722756969,32.790308144312
2014038175,QUIMICA RANA USA  LLC,LLC,925 B ST 401T ,SAN DIEGO,CA,92101-4628,42299,OTHER MISCELLANEOUS NONDURABLE GOODS WHSLE,Wholesale Trade,Core,"925 B ST 401T , SAN DIEGO, CA 92101-4628","9975 Summers Ridge Rd, San Diego, California, 92121",100.0,-117.17304660807,32.896533763454
2025008456,QUIN'S WOODWORKS,SOLE,2548 MONETTE DR ,SAN DIEGO,CA,92123-3509,321,WOOD PRODUCT MFG,Manufacturing,Core,"2548 MONETTE DR , SAN DIEGO, CA 92123-3509","3185 Okeefe St, San Ysidro, California, 92173",100.0,-117.052307388304,32.546162247912
2023004737,QVAS TRUCKING,SOLE,3185 OKEEFE ST ,SAN YSIDRO,CA,92173-4805,4842,SPECIALIZED FREIGHT TRUCKING,Transportation and Warehousing,Core,"3185 OKEEFE ST , SAN YSIDRO, CA 92173-4805","925 B St, Suite 401-T, San Diego, California, 92101",100.0,-117.155924642997,32.717793994917
2018006334,QXO,CORP,8840 COMPLEX DR ,SAN DIEGO,CA,92123-1404,4219,MISCELLANEOUS DURABLE GOODS WHSLE,Wholesale Trade,Core,"8840 COMPLEX DR , SAN DIEGO, CA 92123-1404","8840 Complex Dr, San Diego, California, 92123",100.0,-117.135905221634,32.830102277375
2015043805,R & B WHOLESALE DISTRIBUTORS INC,CORP,2350 S MOLCHAN RD ,CAMPO,CA,91906,42199,OTHER MISCELLANEOUS DURABLE GOODS WHSLE,Wholesale Trade,Core,"2350 S MOLCHAN RD , CAMPO, CA 91906","9765 Marconi Dr, Suite 200 N, San Diego, California, 92154",100.0,-116.935527192864,32.554353085605
2020012840,R & E CUSTOMS BROKERS,SOLE,9765 MARCONI DR 200N ,SAN DIEGO,CA,92154-7264,4885,FREIGHT TRANSPORTATION ARRANGEMENT,Transportation and Warehousing,Core,"9765 MARCONI DR 200N , SAN DIEGO, CA 92154-7264","8550 Production Ave, Suite B, San Diego, California, 92121",100.0,-117.165818892962,32.881502873675
1998010233,R & R DISTRIBUTORS,SOLE,8550 PRODUCTION AVE B ,SAN DIEGO,CA,92121-2288,421,"WHOLESALE TRADE, DURABLE GOODS",Wholesale Trade,Core,"8550 PRODUCTION AVE B , SAN DIEGO, CA 92121-2288","2350 Molchan Rd, Campo, California, 91906",98.87,-116.50547706319,32.67818576245
2025006069,R & R INTERNATIONAL FREIGHT FORWARDIN INC,SCORP,1424 CORPORATE CENTER DR 130 ,SAN DIEGO,CA,92154-6666,4841,GENERAL FREIGHT TRUCKING,Transportation and Warehousing,Core,"1424 CORPORATE CENTER DR 130 , SAN DIEGO, CA 92154-6666","9950 Marconi Dr, Suite 106, San Diego, California, 92154",100.0,-116.931507986473,32.554339129736
1999011116,R & R P/U AND DELIVERY,PARTNR,9950 MARCONI DR 106 ,SAN DIEGO,CA,92154-7272,4885,FREIGHT TRANSPORTATION ARRANGEMENT,Transportation and Warehousing,Core,"9950 MARCONI DR 106 , SAN DIEGO, CA 92154-7272","1424 Corporate Center Dr, Suite 130, San Diego, California, 92154",100.0,-117.002312856262,32.572945990867
2011018432,R & S MACHINE SHOP,SOLE,3884 39TH ST ,SAN DIEGO,CA,92105-2420,33399,ALL OTHER GENERAL PURPOSE MACHINERY MFG,Manufacturing,Core,"3884 39TH ST , SAN DIEGO, CA 92105-2420","8385 Miramar Mall, San Diego, California, 92121",100.0,-117.182867348745,32.879608647376
1991005511,R & V PRODUCE,PARTNR,2940 HOOVER AVE ,NATIONAL CITY,CA,91950-7218,42299,OTHER MISCELLANEOUS NONDURABLE GOODS WHSLE,Wholesale Trade,Core,"2940 HOOVER AVE , NATIONAL CITY, CA 91950-7218","2940 Hoover Ave, National City, California, 91950",100.0,-117.102947745986,32.656684179165
2023007636,R + L CARRIERS,CORP,8385 MIRAMAR MALL ,SAN DIEGO,CA,92121-2521,4841,GENERAL FREIGHT TRUCKING,Transportation and Warehousing,Core,"8385 MIRAMAR MALL , SAN DIEGO, CA 92121-2521","3884 39th St, San Diego, California, 92105",100.0,-117.11067879438,32.749229107401
1985000822,R B STEVENSON GALLERY,SOLE,7661 GIRARD AVE 101 ,LA JOLLA,CA,92037-4434,421,"WHOLESALE TRADE, DURABLE GOODS",Wholesale Trade,Core,"7661 GIRARD AVE 101 , LA JOLLA, CA 92037-4434","7661 Girard Ave, Suite 101, La Jolla, California, 92037",100.0,-117.273392573592,32.843242461254
1991000924,R F INDUSTRIES LTD,CORP,16868 VIA DEL CAMPO CT 200 ,SAN DIEGO,CA,92127-1772,334419,OTHER ELECTRONIC COMPONENT MFG,Manufacturing,Core,"16868 VIA DEL CAMPO CT 200 , SAN DIEGO, CA 92127-1772","16868 Via del Campo Ct, Suite 200, San Diego, California, 92127",100.0,-117.095461113889,33.020000203056
1999009859,R P R SALES,CORP,8606 MIRAMAR RD ,SAN DIEGO,CA,92126-4326,421,"WHOLESALE TRADE, DURABLE GOODS",Wholesale Trade,Core,"8606 MIRAMAR RD , SAN DIEGO, CA 92126-4326","8606 Miramar Rd, San Diego, California, 92126",100.0,-117.138237737649,32.892463511272
2010008160,R ROMAN TRANSPORT INC,CORP,2498 ROLL DR 817 ,SAN DIEGO,CA,92154-7279,48411,"GENERAL FREIGHT TRUCKING, LOCAL",Transportation and Warehousing,Core,"2498 ROLL DR 817 , SAN DIEGO, CA 92154-7279","2498 Roll Dr, Apartment 817, San Diego, California, 92154",100.0,-116.937481014495,32.552897274752
1974000053,R W SMITH & COMPANY,CORP,10101 OLD GROVE RD ,SAN DIEGO,CA,92131-1650,42199,OTHER MISCELLANEOUS DURABLE GOODS WHSLE,Wholesale Trade,Core,"10101 OLD GROVE RD , SAN DIEGO, CA 92131-1650","10101 Old Grove Rd, San Diego, California, 92131",100.0,-117.109370463113,32.898903578938
2001003041,R&R CASTINGS INC,CORP,482 W SAN YSIDRO BLVD 741 ,SAN YSIDRO,CA,92173-2444,42199,OTHER MISCELLANEOUS DURABLE GOODS WHSLE,Wholesale Trade,Core,"482 W SAN YSIDRO BLVD 741 , SAN YSIDRO, CA 92173-2444","482 W San Ysidro Blvd, San Ysidro, California, 92173",99.25,-117.054633701711,32.556043925023
2023003978,R.J TRUCKING SERVICES,CORP,5753 SIEMPRE VIVA RD ,SAN DIEGO,CA,92154,488,TRANSPORTATION SUPPORT ACTIVITIES,Transportation and Warehousing,Core,"5753 SIEMPRE VIVA RD , SAN DIEGO, CA 92154","5753 Siempre Viva Rd, San Diego, California, 92154",100.0,-116.985788437066,32.548294394532
2022005053,R.L. JONES-SAN DIEGO,SOLE,1701 LANDMARK ,SAN DIEGO,CA,92154,493,WAREHOUSING & STORAGE,Transportation and Warehousing,Core,"1701 LANDMARK , SAN DIEGO, CA 92154","3119 Marlborough Ave, San Diego, California, 92105",100.0,-117.105788205334,32.738936004573
1996003210,RACKS INC,CORP,7565 SIEMPRE VIVA RD B ,SAN DIEGO,CA,92154-7429,332999,ALL OTHER MISC FABRICATED METAL PRODUCT MFG,Manufacturing,Core,"7565 SIEMPRE VIVA RD B , SAN DIEGO, CA 92154-7429","1701 Landmark Rd, San Diego, California, 92154",98.82,-116.952351684194,32.5655251148
2024013773,RADIANT METAL,LLC,3119 MARLBOROUGH AVE ,SAN DIEGO,CA,92105-4111,332,FABRICATED METAL PRODUCT MFG,Manufacturing,Core,"3119 MARLBOROUGH AVE , SAN DIEGO, CA 92105-4111","3935 Madison Ave, San Diego, California, 92116",100.0,-117.109810010116,32.760704854857
2022008561,RADOVAN SRDIC,SOLE,3935 MADISON AVE ,SAN DIEGO,CA,92116-4646,421,"WHOLESALE TRADE, DURABLE GOODS",Wholesale Trade,Core,"3935 MADISON AVE , SAN DIEGO, CA 92116-4646","8555 Miralani Dr, San Diego, California, 92126",100.0,-117.1385224709,32.895915262818
2019000978,RAG-A-ROO,LLC,2307 CALLE DE LA GARZA ,LA JOLLA,CA,92037-3032,326299,ALL OTHER RUBBER PRODUCT MFG,Manufacturing,Core,"2307 CALLE DE LA GARZA , LA JOLLA, CA 92037-3032","7565 Siempre Viva Rd, Suite B, San Diego, California, 92154",100.0,-116.978186386162,32.5532687607
2005004234,RAINBOW STONE USA INC,SCORP,8555 MIRALANI DR ,SAN DIEGO,CA,92126-4352,42139,OTHER CONSTRUCTION MATERIAL WHSLE,Wholesale Trade,Core,"8555 MIRALANI DR , SAN DIEGO, CA 92126-4352","11513 Windcrest Ln, Apartment 15, San Diego, California, 92128",100.0,-117.082880547775,32.976016543329
2025020903,RAMON E RIOS RODRIGUEZ & LIZETH A RIOS,H-W,11513 WINDCREST LN 15 ,SAN DIEGO,CA,92128-4235,49221,LOCAL MESSENGERS & LOCAL DELIVERY,Transportation and Warehousing,Core,"11513 WINDCREST LN 15 , SAN DIEGO, CA 92128-4235","2307 Calle de la Garza, La Jolla, California, 92037",100.0,-117.25312630518,32.857868840386
2026004629,RANCHO AUTO RECYCLE,CORP,531 ALTA RD 8 ,SAN DIEGO,CA,92154-5720,42114,MOTOR VEHICLE PARTS (USED) WHSLE,Wholesale Trade,Core,"531 ALTA RD 8 , SAN DIEGO, CA 92154-5720","4364 Bonita Rd, Bonita, California, 91902",100.0,-117.033884887134,32.660513912635
2005005889,RAPID TOWING INC,SCORP,4364 BONITA RD ,BONITA,CA,91902-1421,48841,MOTOR VEHICLE TOWING,Transportation and Warehousing,Core,"4364 BONITA RD , BONITA, CA 91902-1421","531 Alta Rd, San Diego, California, 92154",99.66,-116.918987133761,32.578427385148
2018001935,RASHELICA ENTERPRISES,SOLE,1501 FRONT ST 117 ,SAN DIEGO,CA,92101-2974,42282,WINE & DISTILLED ALCOHOLIC BEVERAGE WHSLE,Wholesale Trade,Core,"1501 FRONT ST 117 , SAN DIEGO, CA 92101-2974","2725 Magnolia Ave, San Diego, California, 92109",100.0,-117.219942350509,32.804244147988
2008031992,RAT SAND & MATERIAL,SOLE,4629 CASS ST 354 ,SAN DIEGO,CA,92109-2805,48411,"GENERAL FREIGHT TRUCKING, LOCAL",Transportation and Warehousing,Core,"4629 CASS ST 354 , SAN DIEGO, CA 92109-2805","4629 Cass St, San Diego, California, 92109",99.06,-117.252265567543,32.798862798511
2015047419,RAY CHINN AUTO,SOLE,2725 MAGNOLIA AVE ,SAN DIEGO,CA,92109-4944,42111,AUTOMOBILE & OTHER MOTOR VEHICLE WHSLE,Wholesale Trade,Core,"2725 MAGNOLIA AVE , SAN DIEGO, CA 92109-4944","1501 Front St, Unit 117, San Diego, California, 92101",100.0,-117.164730838111,32.721434297376
1989008352,RAY'S AUTOMOTIVE WHOLESALE,SOLE,4758 34TH ST ,SAN DIEGO,CA,92116-1832,421,"WHOLESALE TRADE, DURABLE GOODS",Wholesale Trade,Core,"4758 34TH ST , SAN DIEGO, CA 92116-1832","4974 Mercury St, San Diego, California, 92111",100.0,-117.148924831836,32.831803133167
2025002176,RAYGUN ELECTRIC,SOLE,2275 W VICTORIA DR 22 ,ALPINE,CA,91901-4605,336611,SHIP BUILDING & REPAIRING,Manufacturing,Core,"2275 W VICTORIA DR 22 , ALPINE, CA 91901-4605","2275 W Victoria Dr, Apartment 22, Alpine, California, 91901",100.0,-116.767071223243,32.837730857003
1999013499,RAYO WHOLESALE FLOORCOVERING SUPPLY,CORP,4974 MERCURY ST ,SAN DIEGO,CA,92111-1700,42199,OTHER MISCELLANEOUS DURABLE GOODS WHSLE,Wholesale Trade,Core,"4974 MERCURY ST , SAN DIEGO, CA 92111-1700","4758 34th St, San Diego, California, 92116",100.0,-117.120670693517,32.764747656307
2016005261,RC LOGISTICS INTERNATIONAL CORP,CORP,3852 CORAL CREST WAY ,SAN YSIDRO,CA,92173-5916,484,TRUCK TRANSPORTATION,Transportation and Warehousing,Core,"3852 CORAL CREST WAY , SAN YSIDRO, CA 92173-5916","3852 Coral Crest Way, San Ysidro, California, 92173",100.0,-117.047470694896,32.545048963532
1995002106,RCP BLOCK & BRICK INC,CORP,8240 BROADWAY ,LEMON GROVE,CA,91945,3273,CEMENT & CONCRETE PRODUCT MFG,Manufacturing,Core,"8240 BROADWAY , LEMON GROVE, CA 91945","8240 Broadway, Lemon Grove, California, 91945",100.0,-117.020265719397,32.744960581299
2025013388,RD LOGISTICS I LLC,LLC,1650 EMERALD ST 1 ,SAN DIEGO,CA,92109-3110,4842,SPECIALIZED FREIGHT TRUCKING,Transportation and Warehousing,Core,"1650 EMERALD ST 1 , SAN DIEGO, CA 92109-3110","1650 Emerald St, Apartment 1, San Diego, California, 92109",100.0,-117.240403917264,32.801907692478
2021014391,RDF EXPRESS,CORP,7811 PASEO DE LA FUENTE ,SAN DIEGO,CA,92154-5273,484,TRUCK TRANSPORTATION,Transportation and Warehousing,Core,"7811 PASEO DE LA FUENTE , SAN DIEGO, CA 92154-5273","7811 Paseo de la Fuente, San Diego, California, 92154",100.0,-116.909011964178,32.561236849316
2024013139,REAGEN INC,CORP,7098 MIRATECH DR 110 ,SAN DIEGO,CA,92121-3112,33911,MEDICAL EQUIPMENT & SUPPLIES MFG,Manufacturing,Core,"7098 MIRATECH DR 110 , SAN DIEGO, CA 92121-3112","7098 Miratech Dr, Suite 110, San Diego, California, 92121",100.0,-117.17198965008,32.898019162425
2022016679,REAL MEDICAL TRANSPORTATION,SOLE,7951 BROADWAY D ,LEMON GROVE,CA,91945-1809,488,TRANSPORTATION SUPPORT ACTIVITIES,Transportation and Warehousing,Core,"7951 BROADWAY D , LEMON GROVE, CA 91945-1809","7951 Broadway, Lemon Grove, California, 91945",99.71,-117.027733576031,32.742664275105
1993005935,RECOGNITION IDEAS AND CONCEPTS/CLASSIC DANCE,H-W,10304 SPRUCE GROVE AVE ,SAN DIEGO,CA,92131-2217,421,"WHOLESALE TRADE, DURABLE GOODS",Wholesale Trade,Core,"10304 SPRUCE GROVE AVE , SAN DIEGO, CA 92131-2217","10304 Spruce Grove Ave, San Diego, California, 92131",100.0,-117.072793849312,32.909577932632
2024001051,RECYCLING SERVICE EXPRESS,SOLE,511 E SAN YSIDRO BLVD ,SAN YSIDRO,CA,92173-3150,42299,OTHER MISCELLANEOUS NONDURABLE GOODS WHSLE,Wholesale Trade,Core,"511 E SAN YSIDRO BLVD , SAN YSIDRO, CA 92173-3150","511 E San Ysidro Blvd, San Ysidro, California, 92173",100.0,-117.036003832256,32.549808250065
1998009629,RED-D-ARC INC,CORP,9082 CLAIREMONT MESA BLVD ,SAN DIEGO,CA,92123-1208,4214,PROFESSIONAL & COMMERCIAL EQUIP & SUPP WHSLE,Wholesale Trade,Core,"9082 CLAIREMONT MESA BLVD , SAN DIEGO, CA 92123-1208","9082 Clairemont Mesa Blvd, San Diego, California, 92123",100.0,-117.133188963217,32.831538209781
2005011537,REDGATE GLASS ENGRAVING  NANCY ARTHUR,SOLE,5635 LAURETTA ST ,SAN DIEGO,CA,92110-2428,4229,MISCELLANEOUS NONDURABLE GOODS WHSLE,Wholesale Trade,Core,"5635 LAURETTA ST , SAN DIEGO, CA 92110-2428","5635 Lauretta St, San Diego, California, 92110",100.0,-117.191234248314,32.767583044603
2014017707,REDLAND CLAY TILE,CORP,8996 MIRAMAR RD 310 ,SAN DIEGO,CA,92126-4463,42299,OTHER MISCELLANEOUS NONDURABLE GOODS WHSLE,Wholesale Trade,Core,"8996 MIRAMAR RD 310 , SAN DIEGO, CA 92126-4463","8996 Miramar Rd, Suite 310, San Diego, California, 92126",100.0,-117.131568424931,32.893820667124
2015017540,REECE BATH & KITCHEN ,LLC,7550 MIRAMAR RD 500 ,SAN DIEGO,CA,92126-4219,421,"WHOLESALE TRADE, DURABLE GOODS",Wholesale Trade,Core,"7550 MIRAMAR RD 500 , SAN DIEGO, CA 92126-4219","1004 Cudahy Pl, San Diego, California, 92110",100.0,-117.201839870402,32.76587703394
2025016978,REECE PLUMBING,LLC,1004 CUDAHY PL ,SAN DIEGO,CA,92110-3929,422,"WHOLESALE TRADE, NONDURABLE GOODS",Wholesale Trade,Core,"1004 CUDAHY PL , SAN DIEGO, CA 92110-3929","7550 Miramar Rd, Suite 500, San Diego, California, 92126",100.0,-117.152456798196,32.884230303059
2026005208,REECE PLUMBING,LLC,5060 CONVOY ST ,SAN DIEGO,CA,92111-1603,42172,PLUMBING & HEATING EQUIPMENT & SUPPLIES WHSLE,Wholesale Trade,Core,"5060 CONVOY ST , SAN DIEGO, CA 92111-1603","7332 Convoy Ct, San Diego, California, 92111",100.0,-117.160942134057,32.83472716009
1983015306,REFRIGERATION SUPPLIES DISTRIBUTOR,CORP,7332 CONVOY CT A ,SAN DIEGO,CA,92111-1110,4217,"HARDWARE, & PLUMB & HEATING EQUIP & SUP WHSLE",Wholesale Trade,Core,"7332 CONVOY CT A , SAN DIEGO, CA 92111-1110","5060 Convoy St, San Diego, California, 92111",100.0,-117.153255593569,32.833766887353
2025014252,REFUGE VAULT COMPANY,LLC,2683 VIA DE LA VALLE ,DEL MAR,CA,92014-1911,4931,WAREHOUSING & STORAGE,Transportation and Warehousing,Core,"2683 VIA DE LA VALLE , DEL MAR, CA 92014-1911","9540 Chesapeake Dr, San Diego, California, 92123",100.0,-117.124293100612,32.835038086788
2018018548,REGENCY LIGHTING,SCORP,9540 CHESAPEAKE DR ,SAN DIEGO,CA,92123-1305,4216,ELECTRICAL GOODS WHSLE,Wholesale Trade,Core,"9540 CHESAPEAKE DR , SAN DIEGO, CA 92123-1305","8667 Capricorn Way, San Diego, California, 92126",100.0,-117.13710190595,32.924138262367
2025018913,REGINALD RIDLEY ,SOLE,8667 CAPRICORN WAY ,SAN DIEGO,CA,92126-1850,48412,"GENERAL FREIGHT TRUCKING, LONG-DISTANCE",Transportation and Warehousing,Core,"8667 CAPRICORN WAY , SAN DIEGO, CA 92126-1850","8533 Avenida Costa Norte, San Diego, California, 92154",100.0,-116.957480989843,32.558989954441
2006000298,REGIO EXPRESS,CORP,8533 AVENIDA COSTA NORTE ,SAN DIEGO,CA,92154-6250,48411,"GENERAL FREIGHT TRUCKING, LOCAL",Transportation and Warehousing,Core,"8533 AVENIDA COSTA NORTE , SAN DIEGO, CA 92154-6250","2683 Via de la Valle, Del Mar, California, 92014",100.0,-117.250267653204,32.980411883512
1978034016,REID & CLARK SCREEN ARTS,CORP,722 33RD ST ,SAN DIEGO,CA,92102-3342,32311,PRINTING,Manufacturing,Core,"722 33RD ST , SAN DIEGO, CA 92102-3342","14020 Stowe Dr, Poway, California, 92064",99.03,-117.028984407442,32.940021130694
2003023146,RELIABLE SOURCE / TRUCK4CROSS,LLC,9830 SIEMPRE VIVA RD 14 ,SAN DIEGO,CA,92154-7236,42199,OTHER MISCELLANEOUS DURABLE GOODS WHSLE,Wholesale Trade,Core,"9830 SIEMPRE VIVA RD 14 , SAN DIEGO, CA 92154-7236","9830 Siempre Viva Rd, Suite 14, San Diego, California, 92154",100.0,-116.934536032814,32.556918953805
2015032038,REMEC BROADBAND WIRELESS NETWORKS LLC,LLC,14020 STOWE DR 300 ,POWAY,CA,92064-6846,339,MISCELLANEOUS MFG,Manufacturing,Core,"14020 STOWE DR 300 , POWAY, CA 92064-6846","10522 El Comal Dr, San Diego, California, 92124",100.0,-117.099953646352,32.837840198929
2006003792,REMLU ENTERPRIZES,SOLE,10522 EL COMAL DR ,SAN DIEGO,CA,92124-1007,321992,PREFABRICATED WOOD BUILDING MFG,Manufacturing,Core,"10522 EL COMAL DR , SAN DIEGO, CA 92124-1007","940 Park Blvd, San Diego, California, 92101",99.09,-117.153876441137,32.715229845008
2023007479,REMOTE DISPATCH,SOLE,940 PARK BLVD 323 ,SAN DIEGO,CA,92101-6529,488,TRANSPORTATION SUPPORT ACTIVITIES,Transportation and Warehousing,Core,"940 PARK BLVD 323 , SAN DIEGO, CA 92101-6529","722 33rd St, San Diego, California, 92102",100.0,-117.123170260863,32.71294510584
1977026744,REMOTE OCEAN SYSTEM INC,CORP,9581 RIDGEHAVEN CT ,SAN DIEGO,CA,92123-1624,339,MISCELLANEOUS MFG,Manufacturing,Core,"9581 RIDGEHAVEN CT , SAN DIEGO, CA 92123-1624","10656 Roselle St, San Diego, California, 92121",100.0,-117.222126423019,32.897554511622
1977025050,REOTEMP INSTRUMENT CORP,CORP,10656 ROSELLE ST ,SAN DIEGO,CA,92121-1524,339,MISCELLANEOUS MFG,Manufacturing,Core,"10656 ROSELLE ST , SAN DIEGO, CA 92121-1524","7060 Miramar Rd, Suite 101, San Diego, California, 92121",100.0,-117.163861970028,32.878995930254
1997009419,REPLICA SAN DIEGO,CORP,7060 MIRAMAR RD 101 ,SAN DIEGO,CA,92121-2347,3231,PRINTING & RELATED SUPPORT ACTIVITIES,Manufacturing,Core,"7060 MIRAMAR RD 101 , SAN DIEGO, CA 92121-2347","7545 Carroll Rd, Suite 300, San Diego, California, 92121",100.0,-117.159870675374,32.885434153902
2008000143,REPROHAUS,SCORP,7545 CARROLL RD 300 ,SAN DIEGO,CA,92121-2401,32312,PRINTING SUPPORT ACTIVITIES,Manufacturing,Core,"7545 CARROLL RD 300 , SAN DIEGO, CA 92121-2401","9581 Ridgehaven Ct, San Diego, California, 92123",100.0,-117.122689139621,32.820870155851
2021015048,REPUBLIC MOVING & STORAGE,CORP,8140 SAINT ANDREWS AVE 200 ,SAN DIEGO,CA,92154-8212,4931,WAREHOUSING & STORAGE,Transportation and Warehousing,Core,"8140 SAINT ANDREWS AVE 200 , SAN DIEGO, CA 92154-8212","1640 Logan Ave, San Diego, California, 92113",100.0,-117.148891974776,32.704971988082
2007002051,RESCUE TOWING & RECOVERY,SCORP,1640 LOGAN AVE ,SAN DIEGO,CA,92113-1005,48841,MOTOR VEHICLE TOWING,Transportation and Warehousing,Core,"1640 LOGAN AVE , SAN DIEGO, CA 92113-1005","8140 Saint Andrews Ave, San Diego, California, 92154",99.27,-116.967886787359,32.565864791426
2009009865,RESMED INC,CORP,9001 SPECTRUM CENTER BLVD ,SAN DIEGO,CA,92123-1438,42199,OTHER MISCELLANEOUS DURABLE GOODS WHSLE,Wholesale Trade,Core,"9001 SPECTRUM CENTER BLVD , SAN DIEGO, CA 92123-1438","9001 Spectrum Center Blvd, San Diego, California, 92123",100.0,-117.133954082212,32.826358165045
2004006311,RESOURCE WIZARDS,PARTNR,2049 WHINCHAT ST ,SAN DIEGO,CA,92123-3740,323113,COMMERCIAL SCREEN PRINTING,Manufacturing,Core,"2049 WHINCHAT ST , SAN DIEGO, CA 92123-3740","2049 Whinchat St, San Diego, California, 92123",100.0,-117.161287552287,32.782449271894
1998004122,RESTAURANT DEPOT,LLC,1335 CESAR E CHAVEZ PKY ,SAN DIEGO,CA,92113-2123,4224,GROCERY & RELATED PRODUCT WHSLE,Wholesale Trade,Core,"1335 CESAR E CHAVEZ PKY , SAN DIEGO, CA 92113-2123","1335 Cesar E Chavez Pkwy, San Diego, California, 92113",100.0,-117.14805789159,32.697577934106
2006012216,RESTAURANT DEPOT,CORP,7466 CARROLL RD A ,SAN DIEGO,CA,92121-2356,42249,OTHER GROCERY & RELATED PRODUCTS WHSLE,Wholesale Trade,Core,"7466 CARROLL RD A , SAN DIEGO, CA 92121-2356","9265 Sky Park Ct, Suite 100, San Diego, California, 92123",100.0,-117.127537232417,32.814754551656
2006014654,RESTAURANTS ON WHEELS,SOLE,16016 BABCOCK ST J149 ,SAN DIEGO,CA,92127-4166,49221,LOCAL MESSENGERS & LOCAL DELIVERY,Transportation and Warehousing,Core,"16016 BABCOCK ST J149 , SAN DIEGO, CA 92127-4166","7466 Carroll Rd, Suite A, San Diego, California, 92121",100.0,-117.161178503726,32.885811674821
2017009744,RETAIL SERVICES WIS CORPORATION,SOLE,9265 SKY PARK CT 100 ,SAN DIEGO,CA,92123-4375,334519,OTHER MEASURING & CONTROLLING DEVICE MFG,Manufacturing,Core,"9265 SKY PARK CT 100 , SAN DIEGO, CA 92123-4375","5751 Copley Dr, Suite B, San Diego, California, 92111",100.0,-117.169140222095,32.840740672704
2025001135,REVA MEDICAL LLC,LLC,5751 COPLEY DR B ,SAN DIEGO,CA,92111-7912,3391,MEDICAL EQUIPMENT & SUPPLIES MFG,Manufacturing,Core,"5751 COPLEY DR B , SAN DIEGO, CA 92111-7912","6296 Lake Aral Dr, San Diego, California, 92119",100.0,-117.013839733328,32.794249315185
2020012808,REVE SALES,CORP,6296 LAKE ARAL DR ,SAN DIEGO,CA,92119-3429,33999,ALL OTHER MISC MFG,Manufacturing,Core,"6296 LAKE ARAL DR , SAN DIEGO, CA 92119-3429","16016 Babcock St, Apartment 149, San Diego, California, 92127",98.95,-117.131999757668,33.020233764788
2025005223,REVVEDUP AUTO GROUP,CORP,4395 HOME AVE ,SAN DIEGO,CA,92105-4701,4211,MOTOR VEHICLE/MOTOR VEHICLE PT & SUPPLY WHSLE,Wholesale Trade,Core,"4395 HOME AVE , SAN DIEGO, CA 92105-4701","4395 Home Ave, San Diego, California, 92105",100.0,-117.099900505086,32.72861385845
2017014909,REYES COCA-COLA BOTTLING LLC,LLC,5255 FEDERAL BLVD ,SAN DIEGO,CA,92105-5710,312111,SOFT DRINK MFG,Manufacturing,Core,"5255 FEDERAL BLVD , SAN DIEGO, CA 92105-5710","5255 Federal Blvd, San Diego, California, 92105",100.0,-117.081173740831,32.721551350654
2026002834,REYNA ISABEL RIVERA,SOLE,104 W 13TH AVE 5 ,ESCONDIDO,CA,92025-5749,42299,OTHER MISCELLANEOUS NONDURABLE GOODS WHSLE,Wholesale Trade,Core,"104 W 13TH AVE 5 , ESCONDIDO, CA 92025-5749","1045 10th Ave, San Diego, California, 92101",100.0,-117.155599173696,32.716306710018
2009034054,RF SPECIALTIES OF CALIFORNIA INC,CORP,1045 10TH AVE ,SAN DIEGO,CA,92101-5507,4216,ELECTRICAL GOODS WHSLE,Wholesale Trade,Core,"1045 10TH AVE , SAN DIEGO, CA 92101-5507","3065 Beyer Blvd, Suite 103, San Diego, California, 92154",99.94,-117.065326998506,32.572089737548
2014005786,RHINO LININGS CORORATION,CORP,9090 KENAMAR DR C ,SAN DIEGO,CA,92121-2565,31,MANUFACTURING,Manufacturing,Core,"9090 KENAMAR DR C , SAN DIEGO, CA 92121-2565","9090 Kenamar Dr, Suite C, San Diego, California, 92121",100.0,-117.155452825667,32.888820233237
2016003956,RICA PRODUCE LLC,LLC,3065 BEYER BLVD B-103 ,SAN DIEGO,CA,92154-3499,42248,FRESH FRUIT & VEGETABLE WHSLE,Wholesale Trade,Core,"3065 BEYER BLVD B-103 , SAN DIEGO, CA 92154-3499","104 W 13th Ave, Escondido, California, 92025",99.69,-117.074561814182,33.110580286156
2007003857,RICARDO'S TRUCKING LLC,LLC,2230 ENRICO FERMI DR ,SAN DIEGO,CA,92154,4842,SPECIALIZED FREIGHT TRUCKING,Transportation and Warehousing,Core,"2230 ENRICO FERMI DR , SAN DIEGO, CA 92154","2230 Enrico Fermi Dr, San Diego, California, 92154",100.0,-116.927892496208,32.558866148406
1997008224,RICHARD SKALE,SOLE,13067 CAMINITO MAR VILLA ,DEL MAR,CA,92014-3607,421,"WHOLESALE TRADE, DURABLE GOODS",Wholesale Trade,Core,"13067 CAMINITO MAR VILLA , DEL MAR, CA 92014-3607","7086 Russan Ln, Lemon Grove, California, 91945",100.0,-117.044582123423,32.72792918269
2006013724,RICHARDS AND LYNCH YACHT SALES,CORP,3542 GARRISON ST ,SAN DIEGO,CA,92106-2143,42111,AUTOMOBILE & OTHER MOTOR VEHICLE WHSLE,Wholesale Trade,Core,"3542 GARRISON ST , SAN DIEGO, CA 92106-2143","3542 Garrison St, San Diego, California, 92106",100.0,-117.234813690761,32.729189401832
2025022128,RICK'S AUTO SUPPLY,SOLE,7086 RUSSAN LN ,LEMON GROVE,CA,91945-3530,4211,MOTOR VEHICLE/MOTOR VEHICLE PT & SUPPLY WHSLE,Wholesale Trade,Core,"7086 RUSSAN LN , LEMON GROVE, CA 91945-3530","13067 Caminito Mar Villa, Del Mar, California, 92014",100.0,-117.254763709966,32.937594737363
2021008588,RIDENOW TRANSPORT,CORP,3855 MAIN ST ,CHULA VISTA,CA,91911-6211,484,TRUCK TRANSPORTATION,Transportation and Warehousing,Core,"3855 MAIN ST , CHULA VISTA, CA 91911-6211","3855 Main St, Chula Vista, California, 91911",100.0,-117.050514247758,32.59467594912
2020017026,RIDER MOBILITY,PARTNR,5735 KEARNY VILLA RD 111 ,SAN DIEGO,CA,92123-1138,42145,MEDICAL/DENTAL/HOSPITAL EQUIP & SUPP WHSLE,Wholesale Trade,Core,"5735 KEARNY VILLA RD 111 , SAN DIEGO, CA 92123-1138","150 E Arrow Hwy, San Dimas, California, 91773",100.0,-117.805866551495,34.102949134122
2019000548,RIGHT OF WAY INC,CORP,150 E ARROW HWY ,SAN DIMAS,CA,91773-3336,488999,ALL OTHER TRANSPORTATION SUPPORT ACTIVITIES,Transportation and Warehousing,Core,"150 E ARROW HWY , SAN DIMAS, CA 91773-3336","5735 Kearny Villa Rd, San Diego, California, 92123",99.23,-117.134344175986,32.838245296309
2025015756,RIGOBERTO RIVERA JR JR J JR & ARACELI GONZALEZ DIA,H-W,639 10TH ST 12 ,IMPERIAL BEACH,CA,91932-1531,333,MACHINERY MFG,Manufacturing,Core,"639 10TH ST 12 , IMPERIAL BEACH, CA 91932-1531","639 10th St, Apartment 12, Imperial Beach, California, 91932",100.0,-117.111809848394,32.584672860142
2017006676,RINCON TRANSPORTATION,SOLE,2957 ALWOOD CT ,SPRING VALLEY,CA,91978-1945,492,COURIERS & MESSENGERS,Transportation and Warehousing,Core,"2957 ALWOOD CT , SPRING VALLEY, CA 91978-1945","7490 Opportunity Rd, Suite 2020, San Diego, California, 92111",100.0,-117.15808859894,32.825419224252
2004015077,RIOS AUTOMOTIVE GROUP INC,CORP,7490 OPPORTUNITY RD 2020 ,SAN DIEGO,CA,92111-2246,42111,AUTOMOBILE & OTHER MOTOR VEHICLE WHSLE,Wholesale Trade,Core,"7490 OPPORTUNITY RD 2020 , SAN DIEGO, CA 92111-2246","7545 Carroll Rd, San Diego, California, 92121",99.14,-117.159870675374,32.885434153902
2011001991,RIVULIS IRRIGATION INC,CORP,7545 CARROLL RD 100 ,SAN DIEGO,CA,92121-2440,3399,OTHER MISCELLANEOUS MFG,Manufacturing,Core,"7545 CARROLL RD 100 , SAN DIEGO, CA 92121-2440","2957 Alwood Ct, Spring Valley, California, 91978",100.0,-116.961487791017,32.732447238049
1997013935,RJ MACHINE INC,CORP,7985 DUNBROOK RD ,SAN DIEGO,CA,92126-6307,3327,"MACH SHOPS, TURN PROD, SCREW, NUT, BOLT MFG",Manufacturing,Core,"7985 DUNBROOK RD , SAN DIEGO, CA 92126-6307","2010 Stillman Pl, San Diego, California, 92139",100.0,-117.035126414632,32.690293976427
2017013068,RKC BUEN,H-W,2010 STILLMAN PL ,SAN DIEGO,CA,92139-1319,339,MISCELLANEOUS MFG,Manufacturing,Core,"2010 STILLMAN PL , SAN DIEGO, CA 92139-1319","7985 Dunbrook Rd, San Diego, California, 92126",100.0,-117.15014850588,32.893831270232
2008009546,RL INTERNATIONAL,SCORP,8385 SAINT ANDREWS AVE ,SAN DIEGO,CA,92154-8214,4841,GENERAL FREIGHT TRUCKING,Transportation and Warehousing,Core,"8385 SAINT ANDREWS AVE , SAN DIEGO, CA 92154-8214","8385 Saint Andrews Ave, San Diego, California, 92154",100.0,-116.963189149724,32.565921033996
2019021423,RLOCH TRANSPORT,SOLE,1174 E MAIN ST 52 ,EL CAJON,CA,92021-7115,48849,OTHER ROAD TRANSPORTATION SUPPORT ACTIVITIES,Transportation and Warehousing,Core,"1174 E MAIN ST 52 , EL CAJON, CA 92021-7115","4064 Boston Ave, San Diego, California, 92113",100.0,-117.106761009016,32.693980421263
2021001935,RLS USA INC,CORP,4877 MERCURY ST ,SAN DIEGO,CA,92111-2104,325412,PHARMACEUTICAL PREPARATION MFG,Manufacturing,Core,"4877 MERCURY ST , SAN DIEGO, CA 92111-2104","4877 Mercury St, San Diego, California, 92111",100.0,-117.148843611194,32.830437804959
2015046473,ROAD DOG EXPRESS,SOLE,4064 BOSTON AVE ,SAN DIEGO,CA,92113-3321,484,TRUCK TRANSPORTATION,Transportation and Warehousing,Core,"4064 BOSTON AVE , SAN DIEGO, CA 92113-3321","1174 E Main St, Space 52, El Cajon, California, 92021",100.0,-116.942284264109,32.795023300124
2026001184,ROAD KINGS ENGINEERING LLC,LLC,8837 CHERRY RD ,LAKESIDE,CA,92040-5320,4889,OTHER TRANSPORTATION SUPPORT ACTIVITIES,Transportation and Warehousing,Core,"8837 CHERRY RD , LAKESIDE, CA 92040-5320","5370 Eastgate Mall, San Diego, California, 92121",100.0,-117.189974699724,32.881269353852
2022003221,ROAD SOUP OF CALIFORNIA LLC,LLC,9899 HIBERT ST E ,SAN DIEGO,CA,92131-1067,339,MISCELLANEOUS MFG,Manufacturing,Core,"9899 HIBERT ST E , SAN DIEGO, CA 92131-1067","5374 Eastgate Mall, San Diego, California, 92121",100.0,-117.189964557621,32.881263109334
2016001913,ROADONE,CORP,5370 EASTGATE MALL ,SAN DIEGO,CA,92121-2804,48841,MOTOR VEHICLE TOWING,Transportation and Warehousing,Core,"5370 EASTGATE MALL , SAN DIEGO, CA 92121-2804","8837 Cherry Rd, Lakeside, California, 92040",100.0,-116.942631861634,32.838013201411
2017003408,ROADONE,CORP,5374 EASTGATE MALL ,SAN DIEGO,CA,92121-2804,48841,MOTOR VEHICLE TOWING,Transportation and Warehousing,Core,"5374 EASTGATE MALL , SAN DIEGO, CA 92121-2804","1805 Maxwell Rd, Chula Vista, California, 91911",100.0,-117.018019453165,32.597633000741
2007004152,ROADONE SAN DIEGO,CORP,1805 MAXWELL RD ,CHULA VISTA,CA,91911-6157,48841,MOTOR VEHICLE TOWING,Transportation and Warehousing,Core,"1805 MAXWELL RD , CHULA VISTA, CA 91911-6157","9899 Hibert St, San Diego, California, 92131",98.87,-117.112452991825,32.913806602784
2023014615,ROADSIDE SPECIALIST LLC,LLC,1692 PARKLAND WAY ,SAN DIEGO,CA,92114-7818,48849,OTHER ROAD TRANSPORTATION SUPPORT ACTIVITIES,Transportation and Warehousing,Core,"1692 PARKLAND WAY , SAN DIEGO, CA 92114-7818","1692 Parkland Way, San Diego, California, 92114",100.0,-117.050903922436,32.692443850773
2024006192,ROADSIDE TOWING LLC,LLC,4018 43RD ST ,SAN DIEGO,CA,92105-1511,48849,OTHER ROAD TRANSPORTATION SUPPORT ACTIVITIES,Transportation and Warehousing,Core,"4018 43RD ST , SAN DIEGO, CA 92105-1511","13760 Quinton Rd, San Diego, California, 92129",100.0,-117.111699961644,32.966869414303
1993010515,ROANOKE BUSINESS FORMS,SOLE,13760 QUINTON RD ,SAN DIEGO,CA,92129,323,PRINTING & RELATED SUPPORT ACTIVITIES,Manufacturing,Core,"13760 QUINTON RD , SAN DIEGO, CA 92129","8260 Camino Santa Fe, Suite A, San Diego, California, 92121",100.0,-117.172604965592,32.879458401762
1999002568,ROBANDA INTERNATIONAL INC,CORP,8260 CAMINO SANTA FE A ,SAN DIEGO,CA,92121-3255,421,"WHOLESALE TRADE, DURABLE GOODS",Wholesale Trade,Core,"8260 CAMINO SANTA FE A , SAN DIEGO, CA 92121-3255","4018 43rd St, San Diego, California, 92105",100.0,-117.102038058034,32.750045169494
2025018878,ROBERT B APPIAH ,SOLE,4864 CHARLES LEWIS WAY ,SAN DIEGO,CA,92102-4775,48411,"GENERAL FREIGHT TRUCKING, LOCAL",Transportation and Warehousing,Core,"4864 CHARLES LEWIS WAY , SAN DIEGO, CA 92102-4775","4864 Charles Lewis Way, San Diego, California, 92102",100.0,-117.090073394165,32.706313679324
2002006716,ROBERT G'S ARCHITECTURAL PLUS,SOLE,3003 RANCHO MARIA LN ,RAMONA,CA,92065-3652,321,WOOD PRODUCT MFG,Manufacturing,Core,"3003 RANCHO MARIA LN , RAMONA, CA 92065-3652","3003 Rancho Maria Ln, Ramona, California, 92065",100.0,-116.897881634951,33.014761094477
2019012526,ROBERT M MCCULLOUGH ,SOLE,1268 ESSEX ST 4 ,SAN DIEGO,CA,92103-7301,492,COURIERS & MESSENGERS,Transportation and Warehousing,Core,"1268 ESSEX ST 4 , SAN DIEGO, CA 92103-7301","5511 Forbes Ave, San Diego, California, 92120",100.0,-117.071189553044,32.799814144522
2025012650,ROBERT T GARCIA,SOLE,5511 FORBES AVE ,SAN DIEGO,CA,92120-1803,3219,OTHER WOOD PRODUCT MFG,Manufacturing,Core,"5511 FORBES AVE , SAN DIEGO, CA 92120-1803","1268 Essex St, Apartment 4, San Diego, California, 92103",100.0,-117.15194139497,32.747475403709
1982000596,ROBERT YIN,SOLE,1275 TORREY PINES RD ,LA JOLLA,CA,92037,421,"WHOLESALE TRADE, DURABLE GOODS",Wholesale Trade,Core,"1275 TORREY PINES RD , LA JOLLA, CA 92037","2208 Morley St, San Diego, California, 92111",100.0,-117.172003731677,32.783761416927
2025012901,ROBERTO,SOLE,2208 MORLEY ST ,SAN DIEGO,CA,92111-6023,4922,LOCAL MESSENGERS & LOCAL DELIVERY,Transportation and Warehousing,Core,"2208 MORLEY ST , SAN DIEGO, CA 92111-6023","1275 Torrey Pines Rd, La Jolla, California, 92037",100.0,-117.270020617763,32.844700535221
2020007166,ROBERTO VENEGAS FREIGHT,SOLE,4376 E REDWOOD E ST ,SAN DIEGO,CA,92105-4331,484,TRUCK TRANSPORTATION,Transportation and Warehousing,Core,"4376 E REDWOOD E ST , SAN DIEGO, CA 92105-4331","2140 E Cedar St, Tempe, Arizona, 85281",100.0,-111.8943799715,33.412067998858
2006008922,ROBERTSON INDUSTRIES INC,CORP,2140 E CEDAR ST ,TEMPE,AZ,85281-6955,3399,OTHER MISCELLANEOUS MFG,Manufacturing,Core,"2140 E CEDAR ST , TEMPE, AZ 85281-6955","419 Sawtelle Ave, San Diego, California, 92114",100.0,-117.02594001639,32.708172492081
2003013453,ROBERTSONS READY MIX,PARTNR,200 S MAIN ST 200 ,CORONA ,CA,92882-2212,339,MISCELLANEOUS MFG,Manufacturing,Core,"200 S MAIN ST 200 , CORONA , CA 92882-2212","5946 Rancho Mission Rd, Unit 145, San Diego, California, 92108",100.0,-117.11220664769,32.781577512055
2021009916,ROCA GROCERY DISTRIBUTION,SOLE,419 SAWTELLE AVE ,SAN DIEGO,CA,92114-4929,4922,LOCAL MESSENGERS & LOCAL DELIVERY,Transportation and Warehousing,Core,"419 SAWTELLE AVE , SAN DIEGO, CA 92114-4929","9765 Marconi Dr, Suite 201 C, San Diego, California, 92154",100.0,-116.935527192864,32.554353085605
2025008083,ROCCA DESIGN,CORP,5946 RANCHO MISSION RD 145 ,SAN DIEGO,CA,92108-2536,42121,FURNITURE WHSLE,Wholesale Trade,Core,"5946 RANCHO MISSION RD 145 , SAN DIEGO, CA 92108-2536","4376 Redwood St, San Diego, California, 92105",95.24,-117.100268219179,32.738450315194
2019010104,ROCHIN AND SONS CORPORATION,CORP,9765 MARCONI DR 201C ,SAN DIEGO,CA,92154-7263,42246,FISH & SEAFOOD WHSLE,Wholesale Trade,Core,"9765 MARCONI DR 201C , SAN DIEGO, CA 92154-7263","200 S Main St, Corona, California, 92882",99.0,-117.565927280843,33.879020639639
2008014636,ROCK-N-GOLD CREATIONS,CORP,5638 MISSION CENTER RD 104 ,SAN DIEGO,CA,92108-4348,339911,JEWELRY (EXC COSTUME) MFG,Manufacturing,Core,"5638 MISSION CENTER RD 104 , SAN DIEGO, CA 92108-4348","6040 Skyline Dr, San Diego, California, 92114",100.0,-117.067782477042,32.701440901822
1998012524,ROCKET RESEARCH,CORP,615 ROSECRANS ST ,SAN DIEGO,CA,92106-3438,42299,OTHER MISCELLANEOUS NONDURABLE GOODS WHSLE,Wholesale Trade,Core,"615 ROSECRANS ST , SAN DIEGO, CA 92106-3438","615 Rosecrans St, San Diego, California, 92106",100.0,-117.237352485413,32.713657944795
2025018956,RODOLFO NUNEZVALDEZ ,SOLE,2475 PASEO DE LAS AMERICAS ,SAN DIEGO,CA,921547255,48412,"GENERAL FREIGHT TRUCKING, LONG-DISTANCE",Transportation and Warehousing,Core,"2475 PASEO DE LAS AMERICAS , SAN DIEGO, CA 921547255","2475 Paseo de las Americas, San Diego, California, 92154",100.0,-116.935868252505,32.553304383789
2006016059,ROGELIO ACUNA,SOLE,6040 SKYLINE DR ,SAN DIEGO,CA,92114-5531,4884,ROAD TRANSPORTATION SUPPORT ACTIVITIES,Transportation and Warehousing,Core,"6040 SKYLINE DR , SAN DIEGO, CA 92114-5531","5638 Mission Center Rd, Suite 104, San Diego, California, 92108",100.0,-117.154533414708,32.772934219229
2021002622,ROHDE & SCHWARZ USA INC,CORP,12707 HIGH BLUFF DR 200 ,SAN DIEGO,CA,92130-2037,42169,OTHER ELECTRONIC PARTS & EQUIPMENT WHSLE,Wholesale Trade,Core,"12707 HIGH BLUFF DR 200 , SAN DIEGO, CA 92130-2037","10680 Treena St, San Diego, California, 92131",99.14,-117.113887303097,32.912448483013
1998012401,ROHM SEMICONDUCTOR USA LLC,CORP,10680 TREENA ST 540 ,SAN DIEGO,CA,92131-2487,4216,ELECTRICAL GOODS WHSLE,Wholesale Trade,Core,"10680 TREENA ST 540 , SAN DIEGO, CA 92131-2487","12707 High Bluff Dr, Suite 200, San Diego, California, 92130",100.0,-117.240415400472,32.948996095429
1979055989,ROHNER'S E-Z FOOD,SOLE,684 ANITA ST D2 ,CHULA VISTA,CA,91911-4628,422,"WHOLESALE TRADE, NONDURABLE GOODS",Wholesale Trade,Core,"684 ANITA ST D2 , CHULA VISTA, CA 91911-4628","3950 Darwin Ave, San Diego, California, 92154",100.0,-117.049201390263,32.576758499526
2025020573,ROLANDO VICTORIO,SOLE,3950 DARWIN AVE ,SAN DIEGO,CA,92154-2554,49221,LOCAL MESSENGERS & LOCAL DELIVERY,Transportation and Warehousing,Core,"3950 DARWIN AVE , SAN DIEGO, CA 92154-2554","684 Anita St, Suite D 2, Chula Vista, California, 91911",100.0,-117.082211252806,32.598515405599
1999010934,ROLANDO'S DISTRIBUTORS,SOLE,2305 NATIONAL AVE ,SAN DIEGO,CA,92113-3616,4224,GROCERY & RELATED PRODUCT WHSLE,Wholesale Trade,Core,"2305 NATIONAL AVE , SAN DIEGO, CA 92113-3616","2305 National Ave, San Diego, California, 92113",100.0,-117.138357598865,32.695960520159
2024012344,ROLL A SHADE LLC,CORP,12101 MADERA WAY ,RIVERSIDE,CA,92503-4849,3399,OTHER MISCELLANEOUS MFG,Manufacturing,Core,"12101 MADERA WAY , RIVERSIDE, CA 92503-4849","12101 Madera Way, Riverside, California, 92503",100.0,-117.500090281246,33.898062311997
2025002989,ROLLING FRITO LAY SALES,LP,27717 ALISO CREEK RD ,ALISO VIEJO,CA,92656-3804,42249,OTHER GROCERY & RELATED PRODUCTS WHSLE,Wholesale Trade,Core,"27717 ALISO CREEK RD , ALISO VIEJO, CA 92656-3804","4953 Paramount Dr, San Diego, California, 92123",100.0,-117.135140456788,32.828287427699
1974002761,"ROLLING FRITO-LAY SALES, LP",CORP,4953 PARAMOUNT DR ,SAN DIEGO,CA,92123-1446,4224,GROCERY & RELATED PRODUCT WHSLE,Wholesale Trade,Core,"4953 PARAMOUNT DR , SAN DIEGO, CA 92123-1446","27717 Aliso Creek Rd, Aliso Viejo, California, 92656",100.0,-117.725737065881,33.560140395332
2025008774,ROLLING-OUT,CORP,690 01ST AVE ,SAN DIEGO,CA,92101-6976,31181,BREAD & BAKERY PRODUCT MFG,Manufacturing,Core,"690 01ST AVE , SAN DIEGO, CA 92101-6976","8633 Lemon Ave, Apartment 1, La Mesa, California, 91941",100.0,-117.0113679939,32.767372365467
1989003246,ROMA ESPRESSO SYSTEMS INC,CORP,8195 RONSON RD C ,SAN DIEGO,CA,92111-2012,422,"WHOLESALE TRADE, NONDURABLE GOODS",Wholesale Trade,Core,"8195 RONSON RD C , SAN DIEGO, CA 92111-2012","2475 Paseo de las Americas, San Diego, California, 92154",99.11,-116.935868252505,32.553304383789
2018020742,ROMELI LOGISTICS INC,CORP,2475 PASEO DE LAS AMERICAS 1701 ,SAN DIEGO,CA,92154-7255,48412,"GENERAL FREIGHT TRUCKING, LONG-DISTANCE",Transportation and Warehousing,Core,"2475 PASEO DE LAS AMERICAS 1701 , SAN DIEGO, CA 92154-7255","8195 Ronson Rd, Suite C, San Diego, California, 92111",100.0,-117.14736110398,32.829070045999
2025001077,ROOK,SOLE,8633 LEMON AVE 1 ,LA MESA,CA,91941-5376,315,APPAREL MANUFACTURING,Manufacturing,Core,"8633 LEMON AVE 1 , LA MESA, CA 91941-5376","92101-6976, San Diego, California",86.5,-117.16379600445,32.712636987079
1993002799,ROPER MOTOR COMPANY,SOLE,4953 PACIFIC HWY ,SAN DIEGO,CA,92110-4005,421,"WHOLESALE TRADE, DURABLE GOODS",Wholesale Trade,Core,"4953 PACIFIC HWY , SAN DIEGO, CA 92110-4005","7735 Via Solare, Apartment 1115, San Diego, California, 92129",100.0,-117.156316245513,32.961977023148
2025017141,ROSIE LEITHOFF,SOLE,7735 VIA SOLARE 1115 ,SAN DIEGO,CA,92129-5195,492,COURIERS & MESSENGERS,Transportation and Warehousing,Core,"7735 VIA SOLARE 1115 , SAN DIEGO, CA 92129-5195","9340 Dowdy Dr, Suite 102, San Diego, California, 92126",100.0,-117.146950055448,32.891284848047
2023005858,ROSSO BARCHETTA LLC,LLC,9340 DOWDY DR 102 ,SAN DIEGO,CA,92126-9500,49319,OTHER WAREHOUSING & STORAGE,Transportation and Warehousing,Core,"9340 DOWDY DR 102 , SAN DIEGO, CA 92126-9500","4953 Pacific Hwy, San Diego, California, 92110",100.0,-117.204695417175,32.765865257367
2025008933,ROUGH CUTT MOVERS,SOLE,340 MOSS ST ,CHULA VISTA,CA,91911-2030,48421,USED HOUSEHOLD & OFFICE GOODS MOVING,Transportation and Warehousing,Core,"340 MOSS ST , CHULA VISTA, CA 91911-2030","333 Olive Ave, Vista, California, 92083",100.0,-117.248290366143,33.205038762281
2026001903,ROUSE SIGN AND GRAPHICS,SOLE,333 OLIVE AVE ,VISTA,CA,92083-4963,33995,SIGN MFG,Manufacturing,Core,"333 OLIVE AVE , VISTA, CA 92083-4963","340 Moss St, Chula Vista, California, 91911",100.0,-117.072169229888,32.616667632301
2008018483,ROUTE 125 AUTO STORAGE,CORP,8717 AVENIDA COSTA SUR ,SAN DIEGO,CA,92154-6258,49319,OTHER WAREHOUSING & STORAGE,Transportation and Warehousing,Core,"8717 AVENIDA COSTA SUR , SAN DIEGO, CA 92154-6258","8717 Avenida Costa Sur, San Diego, California, 92154",100.0,-116.956163689939,32.55479150105
2021011555,ROUTE 125 AUTO STORAGE,CORP,8710 SIEMPRE VIVA RD ,SAN DIEGO,CA,92154-6209,493,WAREHOUSING & STORAGE,Transportation and Warehousing,Core,"8710 SIEMPRE VIVA RD , SAN DIEGO, CA 92154-6209","7765 Arjons Dr, Suite B, San Diego, California, 92126",100.0,-117.151943658084,32.893820625215
2008009142,ROYAL CUP INC,CORP,7765 ARJONS DR B ,SAN DIEGO,CA,92126-4386,42249,OTHER GROCERY & RELATED PRODUCTS WHSLE,Wholesale Trade,Core,"7765 ARJONS DR B , SAN DIEGO, CA 92126-4386","8710 Siempre Viva Rd, San Diego, California, 92154",100.0,-116.956495780943,32.553347676319
2007029738,ROYAL FLAVOR LLC,LLC,2655 MELKSEE ST ,SAN DIEGO,CA,92154-2685,42248,FRESH FRUIT & VEGETABLE WHSLE,Wholesale Trade,Core,"2655 MELKSEE ST , SAN DIEGO, CA 92154-2685","2655 Melksee, San Diego, California, 92154",98.04,-116.957508566304,32.551723263483
2006002774,ROYAL IMPEX,SOLE,15587 CAMDEN PL ,SAN DIEGO,CA,92145,4219,MISCELLANEOUS DURABLE GOODS WHSLE,Wholesale Trade,Core,"15587 CAMDEN PL , SAN DIEGO, CA 92145","4018 Mount Everest Blvd, San Diego, California, 92111",100.0,-117.185141275257,32.814042131796
2016002209,ROYAL MOTORSPORTS,SOLE,1441 09TH AVE 206 ,SAN DIEGO,CA,92101-8939,42111,AUTOMOBILE & OTHER MOTOR VEHICLE WHSLE,Wholesale Trade,Core,"1441 09TH AVE 206 , SAN DIEGO, CA 92101-8939","15587 Camden Pl, San Diego, California, 92131",98.21,-117.012663500855,32.924783040269
2003022761,ROYAL PALM NURSERY,SOLE,4018 MOUNT EVEREST BLVD ,SAN DIEGO,CA,92111-2625,42293,FLOWER/NURSERY STOCK/FLORISTS' SUPPLIES WHSLE,Wholesale Trade,Core,"4018 MOUNT EVEREST BLVD , SAN DIEGO, CA 92111-2625","6161 El Cajon Blvd, Suite B 188, San Diego, California, 92115",100.0,-117.065087527533,32.76250960434
2023008305,ROYALL APPAREL LLC,LLC,6161 EL CAJON BLVD B188 ,SAN DIEGO,CA,92115-3922,315999,OTHER APPAREL ACCESSORIES & OTHER APPAREL MFG,Manufacturing,Core,"6161 EL CAJON BLVD B188 , SAN DIEGO, CA 92115-3922","524 W Calle Primera, Suite 1005, San Ysidro, California, 92173",98.95,-117.054665552943,32.554807426666
2025005331,RQO GROUP LLC,LLC,524 W CALLE PRIMERA 1005N ,SAN YSIDRO,CA,92173-2836,484,TRUCK TRANSPORTATION,Transportation and Warehousing,Core,"524 W CALLE PRIMERA 1005N , SAN YSIDRO, CA 92173-2836","92101-8939, San Diego, California",86.5,-117.156544987651,32.720470001325
2013018267,RR DONNELLEY,CORP,960 GATEWAY CENTER WAY ,SAN DIEGO,CA,92102-4542,323119,OTHER COMMERCIAL PRINTING,Manufacturing,Core,"960 GATEWAY CENTER WAY , SAN DIEGO, CA 92102-4542","960 Gateway Center Way, San Diego, California, 92102",100.0,-117.115552200524,32.714131396596
2013049515,RR DONNELLEY,CORP,955 GATEWAY CENTER WAY ,SAN DIEGO,CA,92102-4542,32311,PRINTING,Manufacturing,Core,"955 GATEWAY CENTER WAY , SAN DIEGO, CA 92102-4542","955 Gateway Center Way, San Diego, California, 92102",100.0,-117.115373665986,32.714265171771
2005008336,RT EXPRESS LLC ,LLC,7345 MISSION GORGE RD J ,SAN DIEGO,CA,92120-1268,488,TRANSPORTATION SUPPORT ACTIVITIES,Transportation and Warehousing,Core,"7345 MISSION GORGE RD J , SAN DIEGO, CA 92120-1268","1202 Piper Ranch Rd, San Diego, California, 92154",100.0,-116.953794125912,32.573199543438
2011025605,RTMEX INC,CORP,1202 PIPER RANCH RD ,SAN DIEGO,CA,92154-7714,42121,FURNITURE WHSLE,Wholesale Trade,Core,"1202 PIPER RANCH RD , SAN DIEGO, CA 92154-7714","7345 Mission Gorge Rd, Suite J, San Diego, California, 92120",100.0,-117.085816812276,32.803516221607
2010031826,RUBIOS DELIVERY SERVICE INC,CORP,673 VISTA SAN RAFAEL ,SAN DIEGO,CA,92154-5503,492,COURIERS & MESSENGERS,Transportation and Warehousing,Core,"673 VISTA SAN RAFAEL , SAN DIEGO, CA 92154-5503","673 Vista San Rafael, San Diego, California, 92154",100.0,-117.013590036432,32.582099322501
2019004049,RUDY'S AUTOMOTIVE WHOLESALE,SCORP,12461 CARMEL VIEW NORTH ,SAN DIEGO,CA,92130-6800,42111,AUTOMOBILE & OTHER MOTOR VEHICLE WHSLE,Wholesale Trade,Core,"12461 CARMEL VIEW NORTH , SAN DIEGO, CA 92130-6800","12461 Carmel Vw N, San Diego, California, 92130",100.0,-117.185616026253,32.942839210361
2002000322,RUFSKIN LLC,LLC,3944 30TH ST ,SAN DIEGO,CA,92104-3005,315,APPAREL MANUFACTURING,Manufacturing,Core,"3944 30TH ST , SAN DIEGO, CA 92104-3005","10531 4S Commons Dr, #166, San Diego, California, 92127",100.0,-117.111491084616,33.019254381312
2014039681,RUG DOCTOR LLC,LLC,9630 BLACK MOUNTAIN RD K ,SAN DIEGO,CA,92126-4521,42199,OTHER MISCELLANEOUS DURABLE GOODS WHSLE,Wholesale Trade,Core,"9630 BLACK MOUNTAIN RD K , SAN DIEGO, CA 92126-4521","3944 30th St, San Diego, California, 92104",100.0,-117.130164037054,32.749325583107
2020014214,RUNNING WITH LIONS LOGISTICS LLC,LLC,10531 4S COMMONS DR 166-676 ,SAN DIEGO,CA,92127-3517,49221,LOCAL MESSENGERS & LOCAL DELIVERY,Transportation and Warehousing,Core,"10531 4S COMMONS DR 166-676 , SAN DIEGO, CA 92127-3517","9630 Black Mountain Rd, Suite K, San Diego, California, 92126",100.0,-117.123341838421,32.897845447482
2025004891,RUSTAM VINOKUROV,SOLE,10237 DEL RIO RD ,SPRING VALLEY,CA,91978-1006,48421,USED HOUSEHOLD & OFFICE GOODS MOVING,Transportation and Warehousing,Core,"10237 DEL RIO RD , SPRING VALLEY, CA 91978-1006","8495 Commerce Ave, San Diego, California, 92121",100.0,-117.167741282455,32.880485771634
1980469921,RUSTY SURFBOARDS INC,CORP,8495 COMMERCE AVE ,SAN DIEGO,CA,92121-2608,321,WOOD PRODUCT MFG,Manufacturing,Core,"8495 COMMERCE AVE , SAN DIEGO, CA 92121-2608","9586 Distribution Ave, San Diego, California, 92121",100.0,-117.163180353662,32.882119236925
2025017093,RXEXPRESS LLC,LLC,5862 CERVANTES AVE ,SAN DIEGO,CA,92114-6539,4921,COURIERS,Transportation and Warehousing,Core,"5862 CERVANTES AVE , SAN DIEGO, CA 92114-6539","5862 Cervantes Ave, San Diego, California, 92114",100.0,-117.071246047072,32.698078166087
1984003185,RYAN HERCO PRODUCTS CORP,CORP,9586 DISTRIBUTION AVE ,SAN DIEGO,CA,92121-2312,42199,OTHER MISCELLANEOUS DURABLE GOODS WHSLE,Wholesale Trade,Core,"9586 DISTRIBUTION AVE , SAN DIEGO, CA 92121-2312","1601 Broadway, Unit 762, San Diego, California, 92101",100.0,-117.14908031614,32.715745834967
2019007096,RYDER GEAR LLC,LLC,1601 BROADWAY 762 ,SAN DIEGO,CA,92101-5762,31699,OTHER LEATHER & ALLIED PRODUCT MFG,Manufacturing,Core,"1601 BROADWAY 762 , SAN DIEGO, CA 92101-5762","10237 Del Rio Rd, Spring Valley, California, 91978",100.0,-116.971098062103,32.742632423873
2016012016,RYLEE AND CRU,CORP,11035 TECHNOLOGY PL 100 ,SAN DIEGO,CA,92127-1872,42233,WOMEN'S/CHILDREN'S/INFANTS' CLOTHING WHSLE,Wholesale Trade,Core,"11035 TECHNOLOGY PL 100 , SAN DIEGO, CA 92127-1872","11035 Technology Pl, Suite 100, San Diego, California, 92127",100.0,-117.092493501069,33.007972465366
2025011279,S A DEMO,SOLE,2662 CALLE TRES LOMAS ,SAN DIEGO,CA,92139-2204,488,TRANSPORTATION SUPPORT ACTIVITIES,Transportation and Warehousing,Core,"2662 CALLE TRES LOMAS , SAN DIEGO, CA 92139-2204","9375 Ruffin Ct, San Diego, California, 92123",100.0,-117.124162091466,32.828690345785
1974008855,S D PRECISION MACHINING,CORP,9375 RUFFIN CT ,SAN DIEGO,CA,92123-5304,3314,NONFERROUS (EXC ALUM) PRODUCTION & PROCESSING,Manufacturing,Core,"9375 RUFFIN CT , SAN DIEGO, CA 92123-5304","2662 Calle Tres Lomas, San Diego, California, 92139",100.0,-117.054529682293,32.673110613913
2017015176,S D RECYCLING DEPOT,SOLE,2351 ULRIC ST ,SAN DIEGO,CA,92111-6402,42193,RECYCLABLE MATERIAL WHSLE,Wholesale Trade,Core,"2351 ULRIC ST , SAN DIEGO, CA 92111-6402","2351 Ulric St, San Diego, California, 92111",100.0,-117.169427805193,32.78620151467
2001000575,S G SON'S,SOLE,1345 PEQUENA ST ,SAN DIEGO,CA,92154-3639,484,TRUCK TRANSPORTATION,Transportation and Warehousing,Core,"1345 PEQUENA ST , SAN DIEGO, CA 92154-3639","1345 Pequena St, San Diego, California, 92154",100.0,-117.053102244182,32.572338302886
2015039345,S J SUPPLY COMPANY INC,SCORP,13105 FLORENCE AVE ,SANTA FE SPRINGS,CA,90670-4507,42139,OTHER CONSTRUCTION MATERIAL WHSLE,Wholesale Trade,Core,"13105 FLORENCE AVE , SANTA FE SPRINGS, CA 90670-4507","13105 Florence Ave, Santa Fe Springs, California, 90670",100.0,-118.053046252367,33.935694574788
2018014909,S JAUREGUI TRUCKING,CORP,928 OLIVE AVE ,NATIONAL CITY,CA,91950-4129,484,TRUCK TRANSPORTATION,Transportation and Warehousing,Core,"928 OLIVE AVE , NATIONAL CITY, CA 91950-4129","7848 Normal Ave, La Mesa, California, 91941",100.0,-117.028068097787,32.758352725188
2021008518,S O A K,SOLE,7848 NORMAL AVE ,LA MESA,CA,91941-6318,42199,OTHER MISCELLANEOUS DURABLE GOODS WHSLE,Wholesale Trade,Core,"7848 NORMAL AVE , LA MESA, CA 91941-6318","928 Olive Ave, National City, California, 91950",100.0,-117.072059175499,32.684141408039
2014015555,S&J WHOLESALE AUTO INC,CORP,1625 OTAY MESA CENTER RD B ,SAN DIEGO,CA,92154-8222,42111,AUTOMOBILE & OTHER MOTOR VEHICLE WHSLE,Wholesale Trade,Core,"1625 OTAY MESA CENTER RD B , SAN DIEGO, CA 92154-8222","9660 Via de la Amistad, Suite 108, San Diego, California, 92154",100.0,-116.937065775011,32.552922210914
1997006111,S&L JEWELERS,CORP,861 06TH AVE 420 ,SAN DIEGO,CA,92101-6314,4215,METAL & MINERAL (EXCEPT PETROLEUM) WHSLE,Wholesale Trade,Core,"861 06TH AVE 420 , SAN DIEGO, CA 92101-6314","4656 Cardin St, San Diego, California, 92111",100.0,-117.162953036448,32.825631915045
2025001099,S&P WHOLESALE,SOLE,9660 VIA DE LA AMISTAD 108 ,SAN DIEGO,CA,92154-5211,4223,"APPAREL, PIECE GOODS & NOTIONS WHSLE",Wholesale Trade,Core,"9660 VIA DE LA AMISTAD 108 , SAN DIEGO, CA 92154-5211","92101-6314, San Diego, California",86.5,-117.159229040686,32.714230009687
2024004827,S&S DISTRIBUTING,SOLE,4656 CARDIN ST ,SAN DIEGO,CA,92111-1419,49221,LOCAL MESSENGERS & LOCAL DELIVERY,Transportation and Warehousing,Core,"4656 CARDIN ST , SAN DIEGO, CA 92111-1419","6075 Erlanger St, San Diego, California, 92122",100.0,-117.194941564088,32.850429817499
2021013808,SA TRADE,CORP,6075 ERLANGER ST ,SAN DIEGO,CA,92122-3805,421,"WHOLESALE TRADE, DURABLE GOODS",Wholesale Trade,Core,"6075 ERLANGER ST , SAN DIEGO, CA 92122-3805","1764 Ionian St, San Diego, California, 92154",100.0,-117.095442338425,32.570359084089
2022008992,SA/AC TRANSPORT,SOLE,1764 IONIAN ST ,SAN DIEGO,CA,92154-2818,488,TRANSPORTATION SUPPORT ACTIVITIES,Transportation and Warehousing,Core,"1764 IONIAN ST , SAN DIEGO, CA 92154-2818","1625 Otay Mesa Center Rd, San Diego, California, 92154",99.75,-116.966647690612,32.566420134421
2025015837,SABRINA MARTINEZ ,SOLE,6477 HAYWARD WAY ,SAN DIEGO,CA,92139-1106,421,"WHOLESALE TRADE, DURABLE GOODS",Wholesale Trade,Core,"6477 HAYWARD WAY , SAN DIEGO, CA 92139-1106","6477 Hayward Way, San Diego, California, 92139",100.0,-117.052531268938,32.684697253948
2020004688,SACKS HOLDINGS INC,CORP,11440 W BERNARDO CT 250 ,SAN DIEGO,CA,92127-1653,42299,OTHER MISCELLANEOUS NONDURABLE GOODS WHSLE,Wholesale Trade,Core,"11440 W BERNARDO CT 250 , SAN DIEGO, CA 92127-1653","11440 W Bernardo Ct, Suite 250, San Diego, California, 92127",100.0,-117.083598625419,33.021939943089
2025022892,SADIQ FRESH FARM DELIVERY,SOLE,2242 BONITA CT ,LEMON GROVE,CA,91945-3605,48422,"SPECIALIZED FRGT (EXC USED) TRUCKING, LOCAL",Transportation and Warehousing,Core,"2242 BONITA CT , LEMON GROVE, CA 91945-3605","411 W Robinson Ave, San Diego, California, 92103",100.0,-117.167672634668,32.746804180903
2003005183,SAF-T CORPORATION,CORP,411 W ROBINSON AVE ,SAN DIEGO,CA,92103-3942,335999,ALL OTH MISC ELECTRICAL EQUIP & COMPONENT MFG,Manufacturing,Core,"411 W ROBINSON AVE , SAN DIEGO, CA 92103-3942","2242 Bonita Ct, Lemon Grove, California, 91945",100.0,-117.039342595748,32.729405780663
1995003910,SAFETY AMERICA INC,CORP,1804 GARNET AVE 489 ,SAN DIEGO,CA,92109-3352,333314,OPTICAL INSTRUMENT & LENS MFG,Manufacturing,Core,"1804 GARNET AVE 489 , SAN DIEGO, CA 92109-3352","1804 Garnet Ave, San Diego, California, 92109",99.14,-117.236418406124,32.800791809708
2023002213,SAFEWARE INC,CORP,4403 FORBES BLVD ,LANHAM,MD,20706-4328,421,"WHOLESALE TRADE, DURABLE GOODS",Wholesale Trade,Core,"4403 FORBES BLVD , LANHAM, MD 20706-4328","4403 Forbes Blvd, Lanham, Maryland, 20706",100.0,-76.832050521314,38.949523758585
2020007892,SAFEWAY SIGN COMPANY,SCORP,9875 YUCCA RD ,ADELANTO,CA,92301-2282,33995,SIGN MFG,Manufacturing,Core,"9875 YUCCA RD , ADELANTO, CA 92301-2282","2902 Suncrest Dr, San Diego, California, 92116",100.0,-117.13121873193,32.763824766858
1995005799,SAGE FRENCH CAKE,SOLE,3860 CONVOY ST 112 ,SAN DIEGO,CA,92111-3748,311811,RETAIL BAKERIES,Manufacturing,Core,"3860 CONVOY ST 112 , SAN DIEGO, CA 92111-3748","9875 Yucca Rd, Adelanto, California, 92301",100.0,-117.449997848575,34.564910896385
2025005351,SAGEBRUSH SHOP LLC,LLC,2902 SUNCREST DR ,SAN DIEGO,CA,92116-1527,31499,ALL OTHER TEXTILE PRODUCT MILLS,Manufacturing,Core,"2902 SUNCREST DR , SAN DIEGO, CA 92116-1527","3860 Convoy St, Suite 112, San Diego, California, 92111",100.0,-117.153684914649,32.814841555811
2023011439,SAHARA STOCK & GO WHOLESALE LLC,LLC,7920 BROADWAY ,LEMON GROVE,CA,91945-1808,4229,MISCELLANEOUS NONDURABLE GOODS WHSLE,Wholesale Trade,Core,"7920 BROADWAY , LEMON GROVE, CA 91945-1808","7920 Broadway, Lemon Grove, California, 91945",100.0,-117.028469255673,32.742822357799
2025008539,SAHARA STOCK & GO WHOLESALE LLC,LLC,2001 COMMERCIAL ST ,SAN DIEGO,CA,92113-1109,42249,OTHER GROCERY & RELATED PRODUCTS WHSLE,Wholesale Trade,Core,"2001 COMMERCIAL ST , SAN DIEGO, CA 92113-1109","1884 Revena St, San Diego, California, 92154",100.0,-117.079441452902,32.561534867883
2009004434,SAIA MOTOR FREIGHT LINE LLC,LLC,12055 TECH CENTER DR ,POWAY,CA,92064-7119,484,TRUCK TRANSPORTATION,Transportation and Warehousing,Core,"12055 TECH CENTER DR , POWAY, CA 92064-7119","2001 Commercial St, San Diego, California, 92113",100.0,-117.145190945428,32.705166909241
2025018883,SAID E DIAZ LUNA ,SOLE,1884 REVENA ST ,SAN DIEGO,CA,92154-4226,48411,"GENERAL FREIGHT TRUCKING, LOCAL",Transportation and Warehousing,Core,"1884 REVENA ST , SAN DIEGO, CA 92154-4226","12055 Tech Center Dr, Poway, California, 92064",100.0,-117.036487719527,32.935340634051
2001009235,SAINT GOBAIN SOLAR GARD,LLC,4540 VIEWRIDGE AVE ,SAN DIEGO,CA,92123-1637,339,MISCELLANEOUS MFG,Manufacturing,Core,"4540 VIEWRIDGE AVE , SAN DIEGO, CA 92123-1637","4540 Viewridge Ave, San Diego, California, 92123",100.0,-117.124616306799,32.823327855591
2006002952,SAISON TRADING INC,CORP,4450 CLEVELAND AVE 14 ,SAN DIEGO,CA,92116-3922,42249,OTHER GROCERY & RELATED PRODUCTS WHSLE,Wholesale Trade,Core,"4450 CLEVELAND AVE 14 , SAN DIEGO, CA 92116-3922","13906 Via Rimini, San Diego, California, 92129",100.0,-117.096670706336,32.96755006675
2025018910,SAJAD RAYATPISHEH ,SOLE,13906 VIA RIMINI ,SAN DIEGO,CA,92129-2045,48412,"GENERAL FREIGHT TRUCKING, LONG-DISTANCE",Transportation and Warehousing,Core,"13906 VIA RIMINI , SAN DIEGO, CA 92129-2045","4450 Cleveland Ave, Apartment 14, San Diego, California, 92116",100.0,-117.150048342138,32.758238521758
2025000771,SALDOS PAULETTE LLC,LLC,713 E VALLEY PKY ,ESCONDIDO,CA,92025-3009,42199,OTHER MISCELLANEOUS DURABLE GOODS WHSLE,Wholesale Trade,Core,"713 E VALLEY PKY , ESCONDIDO, CA 92025-3009","8145 Royal Cir, El Cajon, California, 92021",100.0,-116.923794037161,32.825497134042
2019025218,SALGADO'S TRUCKING,SOLE,8145 ROYAL CIR ,EL CAJON,CA,92021-1746,484,TRUCK TRANSPORTATION,Transportation and Warehousing,Core,"8145 ROYAL CIR , EL CAJON, CA 92021-1746","713 E Valley Pkwy, Escondido, California, 92025",100.0,-117.07359222559,33.127402431857
2025020203,SALMAN SALES,SOLE,1510 SANTIAGO RIDGE WAY ,SAN DIEGO,CA,92154-7704,4219,MISCELLANEOUS DURABLE GOODS WHSLE,Wholesale Trade,Core,"1510 SANTIAGO RIDGE WAY , SAN DIEGO, CA 92154-7704","4040 Hancock St, Apartment 407, San Diego, California, 92110",100.0,-117.216713892863,32.756338805313
2004000048,SALON JAPAN NORTHAMERICA,SOLE,4040 HANCOCK ST 407 ,SAN DIEGO,CA,92110-5110,4229,MISCELLANEOUS NONDURABLE GOODS WHSLE,Wholesale Trade,Core,"4040 HANCOCK ST 407 , SAN DIEGO, CA 92110-5110","1510 Santiago Ridge Way, San Diego, California, 92154",100.0,-116.954805905444,32.569228993994
2014035361,SAMIL FOAM INC,CORP,2525 CAMINO DEL RIO SOUTH S ,SAN DIEGO,CA,92108-3717,33999,ALL OTHER MISC MFG,Manufacturing,Core,"2525 CAMINO DEL RIO SOUTH S , SAN DIEGO, CA 92108-3717","2555 Melksee, San Diego, California, 92154",98.04,-116.957469171359,32.552632029426
1998011966,SAMWHA USA INC,CORP,2555 MELKSEE ST ,SAN DIEGO,CA,92154-2683,4216,ELECTRICAL GOODS WHSLE,Wholesale Trade,Core,"2555 MELKSEE ST , SAN DIEGO, CA 92154-2683","2375 Michael Faraday Dr, Suite 8, San Diego, California, 92154",100.0,-116.931984916763,32.555116341708
2017007435,SAN CARLOS VEGGIES & SEA FOOD,SCORP,2375 MICHAEL FARADAY DR 8 ,SAN DIEGO,CA,92154-7258,4224,GROCERY & RELATED PRODUCT WHSLE,Wholesale Trade,Core,"2375 MICHAEL FARADAY DR 8 , SAN DIEGO, CA 92154-7258","9624 Bundy Dr, Santee, California, 92071",100.0,-116.967110706944,32.852919578018
2019006483,SAN DIEGO AUTO WRECKING,LLC,951C HERITAGE RD C ,SAN DIEGO,CA,92154-5603,42114,MOTOR VEHICLE PARTS (USED) WHSLE,Wholesale Trade,Core,"951C HERITAGE RD C , SAN DIEGO, CA 92154-5603","531 Alta Rd, San Diego, California, 92154",99.66,-116.918987133761,32.578427385148
2025013121,SAN DIEGO AUTO WRECKING # 2,LLC,531 ALTA RD 8 ,SAN DIEGO,CA,92154-5720,42114,MOTOR VEHICLE PARTS (USED) WHSLE,Wholesale Trade,Core,"531 ALTA RD 8 , SAN DIEGO, CA 92154-5720","2525 Camino del Rio S, San Diego, California, 92108",99.76,-117.138287190878,32.76876925154
2002001615,SAN DIEGO B I T,SOLE,9624 BUNDY DR ,SANTEE,CA,92071-2770,488999,ALL OTHER TRANSPORTATION SUPPORT ACTIVITIES,Transportation and Warehousing,Core,"9624 BUNDY DR , SANTEE, CA 92071-2770","951 Heritage Rd, Suite C, San Diego, California, 92154",98.44,-116.996691951992,32.578205509381
1980266619,SAN DIEGO BOAT MOVERS,CORP,6996 MISSION GORGE RD A ,SAN DIEGO,CA,92120-2420,493,WAREHOUSING & STORAGE,Transportation and Warehousing,Core,"6996 MISSION GORGE RD A , SAN DIEGO, CA 92120-2420","6996 Mission Gorge Rd, San Diego, California, 92120",100.0,-117.089664758743,32.801983675456
1990001671,SAN DIEGO CAB INC,CORP,10756 CARMEL MOUNTAIN RD C ,SAN DIEGO,CA,92129-1814,488999,ALL OTHER TRANSPORTATION SUPPORT ACTIVITIES,Transportation and Warehousing,Core,"10756 CARMEL MOUNTAIN RD C , SAN DIEGO, CA 92129-1814","5017 Starfish Way, San Diego, California, 92154",100.0,-117.025193691731,32.578632525438
2022015482,SAN DIEGO CLASSIC CARS LLC,LLC,5017 STARFISH WAY ,SAN DIEGO,CA,92154-8422,421,"WHOLESALE TRADE, DURABLE GOODS",Wholesale Trade,Core,"5017 STARFISH WAY , SAN DIEGO, CA 92154-8422","1685 N Marshall Ave, El Cajon, California, 92020",100.0,-116.97580936224,32.817918091462
2023009721,SAN DIEGO COMMERCIAL TINTING,SOLE,935 HERITAGE RD C ,SAN DIEGO,CA,92154-5601,325,CHEMICAL MFG,Manufacturing,Core,"935 HERITAGE RD C , SAN DIEGO, CA 92154-5601","3112 Moore St, San Diego, California, 92110",100.0,-117.203750106135,32.754629148522
2007004053,SAN DIEGO COMPRESSED AIR POWER LLC ,LLC,1685 N MARSHALL AVE ,EL CAJON,CA,92020-1126,42183,INDUSTRIAL MACHINERY & EQUIPMENT WHSLE,Wholesale Trade,Core,"1685 N MARSHALL AVE , EL CAJON, CA 92020-1126","2888 Iris Ave, Space 116, San Diego, California, 92154",100.0,-117.071679140009,32.569159466107
1981009543,SAN DIEGO DIE CUTTING INC,CORP,3112 MOORE ST ,SAN DIEGO,CA,92110-4433,339,MISCELLANEOUS MFG,Manufacturing,Core,"3112 MOORE ST , SAN DIEGO, CA 92110-4433","10756 Carmel Mountain Rd, Apartment C, San Diego, California, 92129",100.0,-117.095326416705,32.970036390689
2015048799,SAN DIEGO DIRT TRUCKING,SCORP,2888 IRIS AVE 116 ,SAN DIEGO,CA,92154-3352,48411,"GENERAL FREIGHT TRUCKING, LOCAL",Transportation and Warehousing,Core,"2888 IRIS AVE 116 , SAN DIEGO, CA 92154-3352","935 Heritage Rd, Suite C, San Diego, California, 92154",100.0,-116.996735789346,32.577349297971
2022015306,SAN DIEGO DIVINE MOVERS LLC,LLC,5419 SANTA MARGARITA ST 17 ,SAN DIEGO,CA,92114-3943,492,COURIERS & MESSENGERS,Transportation and Warehousing,Core,"5419 SANTA MARGARITA ST 17 , SAN DIEGO, CA 92114-3943","5419 Santa Margarita St, Apartment 17, San Diego, California, 92114",100.0,-117.077979062254,32.705968177275
1985013862,SAN DIEGO FAMILY MAGAZINE LLC,LLC,1475 06TH AVE 5FLR ,SAN DIEGO,CA,92101-3245,323,PRINTING & RELATED SUPPORT ACTIVITIES,Manufacturing,Core,"1475 06TH AVE 5FLR , SAN DIEGO, CA 92101-3245","7716 Clairemont Mesa Blvd, San Diego, California, 92111",100.0,-117.154435011164,32.832837585748
1988013913,SAN DIEGO FIBERS CORPORATION,CORP,4040 LOCKRIDGE ST ,SAN DIEGO,CA,92102-4510,322299,ALL OTHER CONVERTED PAPER PRODUCT MFG,Manufacturing,Core,"4040 LOCKRIDGE ST , SAN DIEGO, CA 92102-4510","4040 Lockridge St, San Diego, California, 92102",100.0,-117.108079901481,32.710061898786
2025003266,SAN DIEGO FREIGHT COMPANY,LLC,7716 CLAIREMONT MESA BLVD ,SAN DIEGO,CA,92111-1533,488991,PACKING & CRATING,Transportation and Warehousing,Core,"7716 CLAIREMONT MESA BLVD , SAN DIEGO, CA 92111-1533","42320 Glass Dr, Bermuda Dunes, California, 92203",100.0,-116.269156837961,33.741376378453
1974016204,SAN DIEGO GALVANIZING INC,CORP,3586 DALBERGIA ST ,SAN DIEGO,CA,92113-3811,3314,NONFERROUS (EXC ALUM) PRODUCTION & PROCESSING,Manufacturing,Core,"3586 DALBERGIA ST , SAN DIEGO, CA 92113-3811","10031 Marconi Dr, Suite 7, San Diego, California, 92154",100.0,-116.9293742892,32.554248982367
2025001345,SAN DIEGO HARBOR SAILING,SOLE,42320 GLASS DR ,BERMUDA DUNES,CA,92203-1426,483,WATER TRANSPORTATION,Transportation and Warehousing,Core,"42320 GLASS DR , BERMUDA DUNES, CA 92203-1426","3586 Dalbergia St, San Diego, California, 92113",100.0,-117.116680069415,32.687840635277
2006014725,SAN DIEGO INDUSTRIAL SUPPLY,H-W,10031 MARCONI DR 7 ,SAN DIEGO,CA,92154-5206,42184,INDUSTRIAL SUPPLIES WHSLE,Wholesale Trade,Core,"10031 MARCONI DR 7 , SAN DIEGO, CA 92154-5206","4887 Ronson Ct, Suite F, San Diego, California, 92111",100.0,-117.145705761921,32.831300763801
1986014735,SAN DIEGO INSTRUMENTS INCORPORATED,CORP,9155 BROWN DEER RD 8 ,SAN DIEGO,CA,92121-2260,339,MISCELLANEOUS MFG,Manufacturing,Core,"9155 BROWN DEER RD 8 , SAN DIEGO, CA 92121-2260","9870 Marconi Dr, San Diego, California, 92154",100.0,-116.933494832801,32.554373495539
2020002481,SAN DIEGO LABEL,LLC,4887 RONSON CT F ,SAN DIEGO,CA,92111-1814,32311,PRINTING,Manufacturing,Core,"4887 RONSON CT F , SAN DIEGO, CA 92111-1814","9155 Brown Deer Rd, Suite 8, San Diego, California, 92121",100.0,-117.17910462859,32.889548117709
2026004293,SAN DIEGO LAMINATE,CORP,9870 MARCONI DR ,SAN DIEGO,CA,92154-7221,3219,OTHER WOOD PRODUCT MFG,Manufacturing,Core,"9870 MARCONI DR , SAN DIEGO, CA 92154-7221","92101-3245, San Diego, California",86.5,-117.159278996829,32.720645979382
2024009516,SAN DIEGO LOGISTICS & TRANSPORTATION LLC,LLC,6455 CANYON VISTA CT ,SAN DIEGO,CA,92111-5434,488,TRANSPORTATION SUPPORT ACTIVITIES,Transportation and Warehousing,Core,"6455 CANYON VISTA CT , SAN DIEGO, CA 92111-5434","6455 Canyon Vista Ct, San Diego, California, 92111",100.0,-117.178646389944,32.795641675031
2023013963,SAN DIEGO MARINE AIR AND ELECTRIC,SOLE,3555 ROSECRANS ST 114 ,SAN DIEGO,CA,92110-3232,336611,SHIP BUILDING & REPAIRING,Manufacturing,Core,"3555 ROSECRANS ST 114 , SAN DIEGO, CA 92110-3232","3555 Rosecrans St, Suite 114, San Diego, California, 92110",100.0,-117.205390276949,32.750391132548
2007025086,SAN DIEGO MURAL COLLECTION,SCORP,302 WASHINGTON ST 260 ,SAN DIEGO,CA,92103-2110,4219,MISCELLANEOUS DURABLE GOODS WHSLE,Wholesale Trade,Core,"302 WASHINGTON ST 260 , SAN DIEGO, CA 92103-2110","302 Washington St, San Diego, California, 92103",99.19,-117.162605438923,32.750001793145
2001007468,SAN DIEGO NATURAL SOAP COMPANY,SOLE,3565 DEL REY ST 306 ,SAN DIEGO,CA,92109-5703,421,"WHOLESALE TRADE, DURABLE GOODS",Wholesale Trade,Core,"3565 DEL REY ST 306 , SAN DIEGO, CA 92109-5703","3565 Del Rey St, San Diego, California, 92109",99.12,-117.214208374365,32.803498284334
1997005614,SAN DIEGO POLICE EQUIPMENT CO INC,CORP,8205 RONSON RD A ,SAN DIEGO,CA,92111-2014,42199,OTHER MISCELLANEOUS DURABLE GOODS WHSLE,Wholesale Trade,Core,"8205 RONSON RD A , SAN DIEGO, CA 92111-2014","8205 Ronson Rd, Suite A, San Diego, California, 92111",100.0,-117.146431886194,32.82907771544
2025008108,SAN DIEGO POSTER PRINTING,SOLE,205 16TH ST C ,SAN DIEGO,CA,92101-7603,3231,PRINTING & RELATED SUPPORT ACTIVITIES,Manufacturing,Core,"205 16TH ST C , SAN DIEGO, CA 92101-7603","4510 Federal Blvd, San Diego, California, 92102",100.0,-117.097617693757,32.721061344594
2024009309,SAN DIEGO SCALE,LLC,4510 FEDERAL BLVD ,SAN DIEGO,CA,92102-2507,33451,NAV/MEASURING/MEDICAL/CONTROL  INSTRUMENTS MF,Manufacturing,Core,"4510 FEDERAL BLVD , SAN DIEGO, CA 92102-2507","9265 Dowdy Dr, #228, San Diego, California, 92126",100.0,-117.146159977255,32.890516981897
2009002997,SAN DIEGO SEAFOOD,CORP,5202 LOVELOCK ST ,SAN DIEGO,CA,92110-4011,4224,GROCERY & RELATED PRODUCT WHSLE,Wholesale Trade,Core,"5202 LOVELOCK ST , SAN DIEGO, CA 92110-4011","7635 Ronson Rd, San Diego, California, 92111",100.0,-117.15557201633,32.82900931911
1978037149,SAN DIEGO SEAL INC,CORP,7635 RONSON RD ,SAN DIEGO,CA,92111-1511,4217,"HARDWARE, & PLUMB & HEATING EQUIP & SUP WHSLE",Wholesale Trade,Core,"7635 RONSON RD , SAN DIEGO, CA 92111-1511","5202 Lovelock St, San Diego, California, 92110",100.0,-117.203190781736,32.76514386887
2018027864,SAN DIEGO TOWING AND STORAGE,LLC,9265 DOWDY DR 228 ,SAN DIEGO,CA,92126-6378,48841,MOTOR VEHICLE TOWING,Transportation and Warehousing,Core,"9265 DOWDY DR 228 , SAN DIEGO, CA 92126-6378","4138 Galt St, San Diego, California, 92117",100.0,-117.202812757903,32.83848506065
1995011735,SAN DIEGO TRCK & BRAKE,CORP,4001 MARKET ST ,SAN DIEGO,CA,92102-4543,4211,MOTOR VEHICLE/MOTOR VEHICLE PT & SUPPLY WHSLE,Wholesale Trade,Core,"4001 MARKET ST , SAN DIEGO, CA 92102-4543","205 16th St, Suite C, San Diego, California, 92101",100.0,-117.149426069646,32.707566690029
2008001555,SAN DIEGO TRUCK PARTS LLC,LLC,"10005 MARCONI DR 6,7,8 ",SAN DIEGO,CA,92154,4211,MOTOR VEHICLE/MOTOR VEHICLE PT & SUPPLY WHSLE,Wholesale Trade,Core,"10005 MARCONI DR 6,7,8 , SAN DIEGO, CA 92154","4001 Market St, San Diego, California, 92102",100.0,-117.108726481492,32.711435608897
2014017182,SAN DIEGO VAN SERVICE,LLC,4138 GALT ST ,SAN DIEGO,CA,92117-1125,33699,OTHER TRANSPORTATION EQUIPMENT MFG,Manufacturing,Core,"4138 GALT ST , SAN DIEGO, CA 92117-1125","10005 Marconi Dr, Suite 6, San Diego, California, 92154",99.88,-116.92986949204,32.554258412008
2009020968,SAN DIEGO VISTA STEEL SERVICE CORPORATION,CORP,8753 KERNS ST ,SAN DIEGO,CA,92154-6213,3312,STEEL PRODUCT MFG FROM PURCHASED STEEL,Manufacturing,Core,"8753 KERNS ST , SAN DIEGO, CA 92154-6213","1969 Kellogg Ave, Carlsbad, California, 92008",100.0,-117.284428103494,33.12283911422
2008007370,SAN DIEGO WHOLESALE FLOWERS & BOUQUETS/FLORAL EXPR,SOLE,1969 KELLOGG AVE ,CARLSBAD,CA,92008,42293,FLOWER/NURSERY STOCK/FLORISTS' SUPPLIES WHSLE,Wholesale Trade,Core,"1969 KELLOGG AVE , CARLSBAD, CA 92008","8753 Kerns St, San Diego, California, 92154",100.0,-116.954311037881,32.55089508954
2025000704,SAN DIEGO WORM FARM,SOLE,6649 RICHARD ST ,SAN DIEGO,CA,92115-1644,42299,OTHER MISCELLANEOUS NONDURABLE GOODS WHSLE,Wholesale Trade,Core,"6649 RICHARD ST , SAN DIEGO, CA 92115-1644","109 W San Ysidro Blvd, San Ysidro, California, 92173",100.0,-117.044762837256,32.552408777435
1989015553,SAN YSIDRO FEED & SUPPLY LLC,CORP,109 W SAN YSIDRO BLVD ,SAN YSIDRO,CA,92173-2516,42183,INDUSTRIAL MACHINERY & EQUIPMENT WHSLE,Wholesale Trade,Core,"109 W SAN YSIDRO BLVD , SAN YSIDRO, CA 92173-2516","6649 Richard St, San Diego, California, 92115",100.0,-117.054051075622,32.773750616598
2025014062,SANAZ AFSHAR,SOLE,13242 SALMON RIVER RD 202 ,SAN DIEGO,CA,92129-2653,3152,CUT & SEW APPAREL MFG,Manufacturing,Core,"13242 SALMON RIVER RD 202 , SAN DIEGO, CA 92129-2653","13242 Salmon River Rd, Unit 202, San Diego, California, 92129",100.0,-117.122212293149,32.95629970867
2012013869,SANCHEZ FOOD BUSINESS LLC,LLC,6754 CALLE DE LINEA C103 ,SAN DIEGO,CA,92154-8021,42242,PACKAGED FROZEN FOOD WHSLE,Wholesale Trade,Core,"6754 CALLE DE LINEA C103 , SAN DIEGO, CA 92154-8021","416 W San Ysidro Blvd, Suite L 1150, San Ysidro, California, 92173",100.0,-117.052105384437,32.555569844579
1994000695,SANDCASTLES,SOLE,19291 SPLIT ROCK RD ,RAMONA,CA,92065-7402,315,APPAREL MANUFACTURING,Manufacturing,Core,"19291 SPLIT ROCK RD , RAMONA, CA 92065-7402","19291 Split Rock Rd, Ramona, California, 92065",100.0,-116.912207229488,33.004646777643
2018010873,SANDOVAL TOWING,SOLE,416 W SAN YSIDRO BLVD L1150 ,SAN YSIDRO,CA,92173-2443,48841,MOTOR VEHICLE TOWING,Transportation and Warehousing,Core,"416 W SAN YSIDRO BLVD L1150 , SAN YSIDRO, CA 92173-2443","7352 Gribble St, San Diego, California, 92114",100.0,-117.040060170479,32.70462074443
2009026515,SANDRA GOMEZ DRAPERIES,H-W,7352 GRIBBLE ST ,SAN DIEGO,CA,92114-4617,339,MISCELLANEOUS MFG,Manufacturing,Core,"7352 GRIBBLE ST , SAN DIEGO, CA 92114-4617","6210 Marindustry Dr, San Diego, California, 92121",100.0,-117.180606414182,32.880199110545
2019018895,SANTA'S TOYS,SCORP,2295 MANYA ST ,SAN DIEGO,CA,92154-4713,421,"WHOLESALE TRADE, DURABLE GOODS",Wholesale Trade,Core,"2295 MANYA ST , SAN DIEGO, CA 92154-4713","2295 Manya St, San Diego, California, 92154",100.0,-117.084483502938,32.593401396923
2003005004,SANTEK,CORP,6210 MARINDUSTRY DR ,SAN DIEGO,CA,92121-2538,42169,OTHER ELECTRONIC PARTS & EQUIPMENT WHSLE,Wholesale Trade,Core,"6210 MARINDUSTRY DR , SAN DIEGO, CA 92121-2538","6754 Calle de Linea, San Diego, California, 92154",98.97,-116.993416304232,32.547664117323
2020006425,SANTIER INC,CORP,10103 CARROLL CANYON RD ,SAN DIEGO,CA,92131-1109,33999,ALL OTHER MISC MFG,Manufacturing,Core,"10103 CARROLL CANYON RD , SAN DIEGO, CA 92131-1109","10103 Carroll Canyon Rd, San Diego, California, 92131",100.0,-117.109533072035,32.903939384457
2025002213,SAR TRUCKING LLC,LLC,2003 BAYVIEW HEIGHTS DR 195 ,SAN DIEGO,CA,92105-5546,4841,GENERAL FREIGHT TRUCKING,Transportation and Warehousing,Core,"2003 BAYVIEW HEIGHTS DR 195 , SAN DIEGO, CA 92105-5546","3551 Wilson Ave, San Diego, California, 92104",100.0,-117.116867069675,32.743693279449
2010005850,SARAH C DESIGNS,SOLE,2247 EMERALD ST ,SAN DIEGO,CA,92109-3746,42213,INDUSTRIAL & PERSONAL SERVICE PAPER WHSLE,Wholesale Trade,Core,"2247 EMERALD ST , SAN DIEGO, CA 92109-3746","2003 Bayview Heights Dr, Space 195, San Diego, California, 92105",100.0,-117.075248322018,32.729318399322
1993004734,SARAH E KERR,SOLE,3551 WILSON AVE ,SAN DIEGO,CA,92104-4428,339999,ALL OTHER MISCELLANEOUS MFG,Manufacturing,Core,"3551 WILSON AVE , SAN DIEGO, CA 92104-4428","2247 Emerald St, San Diego, California, 92109",100.0,-117.22939546091,32.804286183233
2018028007,SARAH MYRIAM WINSTON TEXTILE PRESERVATION,SOLE,5212 KALMIA ST ,SAN DIEGO,CA,92105-4909,314,TEXTILE PRODUCT MILLS,Manufacturing,Core,"5212 KALMIA ST , SAN DIEGO, CA 92105-4909","5212 Kalmia St, San Diego, California, 92105",100.0,-117.083396118639,32.729992262428
2006002455,SATECHI,LLC,7365 MISSION GORGE RD ,SAN DIEGO,CA,92120-1273,42199,OTHER MISCELLANEOUS DURABLE GOODS WHSLE,Wholesale Trade,Core,"7365 MISSION GORGE RD , SAN DIEGO, CA 92120-1273","2065 Sanyo Ave, San Diego, California, 92154",100.0,-116.940691492806,32.561474784862
2025001726,SATELLITE LOGISTICS GROUP,CORP,2065 SANYO AVE ,SAN DIEGO,CA,92154-6398,49311,GENERAL WAREHOUSING & STORAGE,Transportation and Warehousing,Core,"2065 SANYO AVE , SAN DIEGO, CA 92154-6398","5111 Santa Fe St, Suite 221, San Diego, California, 92109",100.0,-117.224220641527,32.817920522214
1981004441,SATELLITE VIDEO PRODUCTIONS INC,CORP,5111 SANTA FE ST 221 ,SAN DIEGO,CA,92109-1616,42199,OTHER MISCELLANEOUS DURABLE GOODS WHSLE,Wholesale Trade,Core,"5111 SANTA FE ST 221 , SAN DIEGO, CA 92109-1616","7365 Mission Gorge Rd, San Diego, California, 92120",100.0,-117.083449176086,32.804609766605
2006010423,SATISLOH NORTH AMERICA INC,CORP,3842 MOUNT ARIANE DR ,SAN DIEGO,CA,92111-3800,4214,PROFESSIONAL & COMMERCIAL EQUIP & SUPP WHSLE,Wholesale Trade,Core,"3842 MOUNT ARIANE DR , SAN DIEGO, CA 92111-3800","7717 Formula Pl, San Diego, California, 92121",100.0,-117.155159039961,32.887842568051
2000007375,SATURN FREIGHT SYSTEMS,SOLE,7578 TRADE ST ,SAN DIEGO,CA,92121-2478,481,AIR TRANSPORTATION,Transportation and Warehousing,Core,"7578 TRADE ST , SAN DIEGO, CA 92121-2478","3842 Mount Ariane Dr, San Diego, California, 92111",100.0,-117.185031639964,32.81131487005
1980266873,SAUVAGE INC,CORP,7717 FORMULA PL ,SAN DIEGO,CA,92121-2419,4223,"APPAREL, PIECE GOODS & NOTIONS WHSLE",Wholesale Trade,Core,"7717 FORMULA PL , SAN DIEGO, CA 92121-2419","7578 Trade St, San Diego, California, 92121",100.0,-117.160498228465,32.888737378125
2010002290,SAVAGE PRODUCTIONS,SOLE,38211 MOON VALLEY RD ,BOULEVARD,CA,91905-9558,3399,OTHER MISCELLANEOUS MFG,Manufacturing,Core,"38211 MOON VALLEY RD , BOULEVARD, CA 91905-9558","3777 National Ave, San Diego, California, 92113",100.0,-117.112944674265,32.696006285351
2021008671,SAVINO DEL BENE USA INC,CORP,2660 SARNEN ST ,SAN DIEGO,CA,92154-6216,488,TRANSPORTATION SUPPORT ACTIVITIES,Transportation and Warehousing,Core,"2660 SARNEN ST , SAN DIEGO, CA 92154-6216","2660 Sarnen St, San Diego, California, 92154",100.0,-116.953563455936,32.551464472223
2008020537,SAWAYA BROTHERS TORTILLERIA,CORP,3777 NATIONAL AVE ,SAN DIEGO,CA,92113-3220,42249,OTHER GROCERY & RELATED PRODUCTS WHSLE,Wholesale Trade,Core,"3777 NATIONAL AVE , SAN DIEGO, CA 92113-3220","7975 Raytheon Rd, Suite 280, San Diego, California, 92111",100.0,-117.150966747269,32.830857738308
2010033162,SB DENTURE LAB,SOLE,7975 RAYTHEON RD 280 ,SAN DIEGO,CA,92111-1624,339116,DENTAL LABORATORIES,Manufacturing,Core,"7975 RAYTHEON RD 280 , SAN DIEGO, CA 92111-1624","38211 Moon Valley Rd, Boulevard, California, 91905",100.0,-116.327966701392,32.616328207132
2025003627,SC CUSTOM FABRICATION,SOLE,1722 SHADOW MOUNTAIN DR ,ENCINITAS,CA,92024-2949,332,FABRICATED METAL PRODUCT MFG,Manufacturing,Core,"1722 SHADOW MOUNTAIN DR , ENCINITAS, CA 92024-2949","1722 Shadow Mountain Dr, Encinitas, California, 92024",100.0,-117.254931683305,33.050559616206
2013024922,SC EXPRESS DIESEL SRL,CORP,5756 AUTOPORT MALL ,SAN DIEGO,CA,92121-2512,42183,INDUSTRIAL MACHINERY & EQUIPMENT WHSLE,Wholesale Trade,Core,"5756 AUTOPORT MALL , SAN DIEGO, CA 92121-2512","5756 Autoport Mall, San Diego, California, 92121",100.0,-117.18527865465,32.87798088178
2022013423,SCA OF CA LLC,LLC,285 PAWNEE ST A ,SAN MARCOS,CA,92078-2458,48849,OTHER ROAD TRANSPORTATION SUPPORT ACTIVITIES,Transportation and Warehousing,Core,"285 PAWNEE ST A , SAN MARCOS, CA 92078-2458","350 Smc Dr, Somerset, Wisconsin, 54025",100.0,-92.665548013833,45.13211696182
1974008306,SCHNEIDER EELCTRIC USA INC,CORP,10805 THORNMINT RD 140 ,SAN DIEGO,CA,92127-2429,339,MISCELLANEOUS MFG,Manufacturing,Core,"10805 THORNMINT RD 140 , SAN DIEGO, CA 92127-2429","10805 Thornmint Rd, Suite 140, San Diego, California, 92127",100.0,-117.10053040511,33.016889008235
2014038110,SCHWING BIOSET INCORPORATED,CORP,350 SMC DR ,SOMERSET,WI,54025-9050,33329,OTHER INDUSTRIAL MACHINERY MFG,Manufacturing,Core,"350 SMC DR , SOMERSET, WI 54025-9050","285 Pawnee St, Suite A, San Marcos, California, 92078",100.0,-117.199822765402,33.143126505028
2025013560,SCOTLIN SCENTS LLC,LLC,4949 BALTIMORE DR 104 ,LA MESA,CA,91942-6501,3399,OTHER MISCELLANEOUS MFG,Manufacturing,Core,"4949 BALTIMORE DR 104 , LA MESA, CA 91942-6501","4949 Baltimore Dr, La Mesa, California, 91942",99.14,-117.024030786484,32.768561631799
2025015716,SCOTT NELSON ,SOLE,906 22ND ST ,SAN DIEGO,CA,92102-1904,321,WOOD PRODUCT MFG,Manufacturing,Core,"906 22ND ST , SAN DIEGO, CA 92102-1904","5047 Saratoga Ave, San Diego, California, 92107",100.0,-117.250522215502,32.749067420489
1998012891,SCOTT PECK/LIFEPATH PUBLISHING,SOLE,1127 SANTA LUISA ,SOLANA BEACH,CA,92075,422,"WHOLESALE TRADE, NONDURABLE GOODS",Wholesale Trade,Core,"1127 SANTA LUISA , SOLANA BEACH, CA 92075","1127 Santa Luisa Dr, Solana Beach, California, 92075",98.82,-117.246193213969,33.006423824935
1987013904,SCOTT SAILS,SOLE,5047 SARATOGA AVE ,SAN DIEGO,CA,92107-2819,339999,ALL OTHER MISCELLANEOUS MFG,Manufacturing,Core,"5047 SARATOGA AVE , SAN DIEGO, CA 92107-2819","9545 Jeremy St, Santee, California, 92071",100.0,-116.963354273216,32.851016299264
2025004947,SCOTTS CARB CLEAN TRUCK CHECK LLC,LLC,9545 JEREMY ST ,SANTEE,CA,92071-2841,4889,OTHER TRANSPORTATION SUPPORT ACTIVITIES,Transportation and Warehousing,Core,"9545 JEREMY ST , SANTEE, CA 92071-2841","906 22nd St, San Diego, California, 92102",100.0,-117.144053102072,32.71492838986
1998008322,SCP DISTRIBUTORS LLC,CORP,5648 COPLEY DR ,SAN DIEGO,CA,92111-7902,42183,INDUSTRIAL MACHINERY & EQUIPMENT WHSLE,Wholesale Trade,Core,"5648 COPLEY DR , SAN DIEGO, CA 92111-7902","5648 Copley Dr, San Diego, California, 92111",100.0,-117.165438019282,32.839795529302
2023009738,SD AUTO SALES,SOLE,4901 70TH ST ,SAN DIEGO,CA,92115-1802,42111,AUTOMOBILE & OTHER MOTOR VEHICLE WHSLE,Wholesale Trade,Core,"4901 70TH ST , SAN DIEGO, CA 92115-1802","9125 Dowdy Dr, San Diego, California, 92126",100.0,-117.146001894561,32.88904851437
2025001569,SD BOATWORKS,SOLE,2733 SHELTER ISLAND DR ,SAN DIEGO,CA,92106-2730,3366,SHIP & BOAT BUILDING,Manufacturing,Core,"2733 SHELTER ISLAND DR , SAN DIEGO, CA 92106-2730","569 Avenida Adobe, San Clemente, California, 92672",100.0,-117.590291210259,33.415486516159
2020015663,SD CABINETRY INC,CORP,9125 DOWDY DR ,SAN DIEGO,CA,92126-4314,421,"WHOLESALE TRADE, DURABLE GOODS",Wholesale Trade,Core,"9125 DOWDY DR , SAN DIEGO, CA 92126-4314","7798 Gaston Dr, San Diego, California, 92126",100.0,-117.156345582174,32.909712755545
2025001033,SD COAST EARTHWORKS LLC,LLC,569 AVENIDA ADOBE ,SAN CLEMENTE,CA,92672-2414,4841,GENERAL FREIGHT TRUCKING,Transportation and Warehousing,Core,"569 AVENIDA ADOBE , SAN CLEMENTE, CA 92672-2414","4901 70th St, San Diego, California, 92115",100.0,-117.047033075731,32.767924313791
2024013631,SD CUSTOM TRANSFERS,PARTNR,7798 GASTON DR ,SAN DIEGO,CA,92126-3068,32311,PRINTING,Manufacturing,Core,"7798 GASTON DR , SAN DIEGO, CA 92126-3068","2733 Shelter Island Dr, San Diego, California, 92106",100.0,-117.228609741306,32.721117629074
2014029937,SD FRESH PRODUCTS,SOLE,7020 ALAMITOS AVE B ,SAN DIEGO,CA,92154-4710,42249,OTHER GROCERY & RELATED PRODUCTS WHSLE,Wholesale Trade,Core,"7020 ALAMITOS AVE B , SAN DIEGO, CA 92154-4710","7020 Alamitos Ave, Suite B, San Diego, California, 92154",100.0,-117.086246300995,32.593563670569
2021011704,SD GO LLC,LLC,2784 VIA ALTA PL ,SAN DIEGO,CA,92108-2658,421,"WHOLESALE TRADE, DURABLE GOODS",Wholesale Trade,Core,"2784 VIA ALTA PL , SAN DIEGO, CA 92108-2658","2784 Via Alta Pl, San Diego, California, 92108",100.0,-117.145019870785,32.783174851343
2003023766,SD PROTOTYPES MANUFACTURING SOLUTIONS INC,SCORP,8616 COMMERCE AVE ,SAN DIEGO,CA,92121-2613,33271,MACHINE SHOPS,Manufacturing,Core,"8616 COMMERCE AVE , SAN DIEGO, CA 92121-2613","8616 Commerce Ave, San Diego, California, 92121",100.0,-117.167687638275,32.881143751033
2012024184,SD RECYCLING,SOLE,1135 GARNET AVE 15 ,SAN DIEGO,CA,92109-2907,42151,METAL SERVICE CENTERS & OFFICES,Wholesale Trade,Core,"1135 GARNET AVE 15 , SAN DIEGO, CA 92109-2907","1135 Garnet Ave, Suite 15, San Diego, California, 92109",100.0,-117.24918404466,32.797920043952
2021008996,SD STORE AND MORE,SOLE,1454 ORO VISTA RD 12 ,SAN DIEGO,CA,92154-4078,4219,MISCELLANEOUS DURABLE GOODS WHSLE,Wholesale Trade,Core,"1454 ORO VISTA RD 12 , SAN DIEGO, CA 92154-4078","1454 Oro Vista Rd, Apartment 12, San Diego, California, 92154",100.0,-117.078249630089,32.570439424631
2024000356,SD SWEETSPOT,SOLE,4171 44TH ST ,SAN DIEGO,CA,92105-1605,311811,RETAIL BAKERIES,Manufacturing,Core,"4171 44TH ST , SAN DIEGO, CA 92105-1605","8604 Miramar Rd, Suite B, San Diego, California, 92126",100.0,-117.138175711566,32.892499469636
2020008376,SD WOOD CABINET,SCORP,8604 MIRAMAR RD B ,SAN DIEGO,CA,92126-4395,421,"WHOLESALE TRADE, DURABLE GOODS",Wholesale Trade,Core,"8604 MIRAMAR RD B , SAN DIEGO, CA 92126-4395","1243 Greenfield Dr, Suite H, El Cajon, California, 92021",100.0,-116.938234799047,32.813331514044
2019004628,SDHDS INC,CORP,1243 GREENFIELD DR H ,EL CAJON,CA,92021-3330,42112,MOTOR VEHICLE SUPPLIES & NEW PARTS WHSLE,Wholesale Trade,Core,"1243 GREENFIELD DR H , EL CAJON, CA 92021-3330","4171 44th St, San Diego, California, 92105",100.0,-117.099752899771,32.752721259721
2000009200,SDLA,CORP,5625 RUFFIN RD 100 ,SAN DIEGO,CA,92123-6392,4216,ELECTRICAL GOODS WHSLE,Wholesale Trade,Core,"5625 RUFFIN RD 100 , SAN DIEGO, CA 92123-6392","5625 Ruffin Rd, Suite 100, San Diego, California, 92123",100.0,-117.126659982431,32.836664050276
2015045258,SDTW DIRECT,LLC,7603 SAINT ANDREWS AVE F ,SAN DIEGO,CA,92154-8217,42114,MOTOR VEHICLE PARTS (USED) WHSLE,Wholesale Trade,Core,"7603 SAINT ANDREWS AVE F , SAN DIEGO, CA 92154-8217","7603 Saint Andrews Ave, Suite F, San Diego, California, 92154",100.0,-116.977893690103,32.566052336509
2016013573,SDW TRADING INC,CORP,302 WASHINGTON ST 221 ,SAN DIEGO,CA,92103-2110,42194,JEWELRY/WATCH/PRECIOUS STONE & METAL WHSLE,Wholesale Trade,Core,"302 WASHINGTON ST 221 , SAN DIEGO, CA 92103-2110","10620 Treena St, San Diego, California, 92131",100.0,-117.113853691665,32.910500863991
2023003313,SDXPRESS LOGISTICS,SOLE,10620 TREENA ST STE 23 ,SAN DIEGO,CA,92131,492,COURIERS & MESSENGERS,Transportation and Warehousing,Core,"10620 TREENA ST STE 23 , SAN DIEGO, CA 92131","302 Washington St, San Diego, California, 92103",99.19,-117.162605438923,32.750001793145
2013066137,SEA ACTIVE AESTHETICS,SOLE,18368 LOCKSLEY ST ,SAN DIEGO,CA,92128-1011,42199,OTHER MISCELLANEOUS DURABLE GOODS WHSLE,Wholesale Trade,Core,"18368 LOCKSLEY ST , SAN DIEGO, CA 92128-1011","25346 Kerri Ln, Ramona, California, 92065",100.0,-116.78019611015,33.007162438243
2021014360,SEA ELITE,SOLE,25346 KERRI LN ,RAMONA,CA,92065-4745,8113,COMMERCIAL EQUIPMENT (EXC AUTO & ELEC) R&M,Industrial Machinery Repair,Core,"25346 KERRI LN , RAMONA, CA 92065-4745","18368 Locksley St, San Diego, California, 92128",100.0,-117.063766539592,33.046835410896
2025008498,SEA SIDE FISH PROCESSING,SOLE,2334 FELICITA RD ,ESCONDIDO,CA,92029-4423,31171,SEAFOOD PRODUCT PREPARATION & PACKAGING,Manufacturing,Core,"2334 FELICITA RD , ESCONDIDO, CA 92029-4423","2334 Felicita Rd, Escondido, California, 92029",100.0,-117.084942663594,33.090182087892
2022010354,SEABREEZE CRAFT CHOCOLATES,SOLE,3840 VALLEY CENTRE DR 604 ,SAN DIEGO,CA,92130-3306,31132,CHOC & CONFECTIONERY MFG FROM CACAO BEANS,Manufacturing,Core,"3840 VALLEY CENTRE DR 604 , SAN DIEGO, CA 92130-3306","3430 Kurtz St, San Diego, California, 92110",100.0,-117.208608341035,32.755243667753
2025023515,SEACOAST CABINETS,SCORP,3430 KURTZ ST ,SAN DIEGO,CA,92110-4429,337,FURNITURE & RELATED PRODUCT MFG,Manufacturing,Core,"3430 KURTZ ST , SAN DIEGO, CA 92110-4429","9865 Marconi Dr, San Diego, California, 92154",99.7,-116.93345250419,32.554317923521
2017007084,SEAFOOD IMPORTS DISTRIBUTORS INC,SCORP,10505 SORRENTO VALLEY RD 110 ,SAN DIEGO,CA,92121-1630,4224,GROCERY & RELATED PRODUCT WHSLE,Wholesale Trade,Core,"10505 SORRENTO VALLEY RD 110 , SAN DIEGO, CA 92121-1630","3840 Valley Centre Dr, Suite 604, San Diego, California, 92130",100.0,-117.231567379661,32.93962848044
2021005944,SEALANDAIR,CORP,9865 MARCONI DR C ,SAN DIEGO,CA,92154-7220,484,TRUCK TRANSPORTATION,Transportation and Warehousing,Core,"9865 MARCONI DR C , SAN DIEGO, CA 92154-7220","10505 Sorrento Valley Rd, Suite 110, San Diego, California, 92121",100.0,-117.217527943299,32.895455557339
1986015841,SEAMS TO ME,SOLE,1862 BACON ST ,SAN DIEGO,CA,92107-3014,315,APPAREL MANUFACTURING,Manufacturing,Core,"1862 BACON ST , SAN DIEGO, CA 92107-3014","1862 Bacon St, San Diego, California, 92107",100.0,-117.251574228169,32.746310319168
2025008508,SEAN BURKE,SOLE,6749 ELEGANTE WAY ,SAN DIEGO,CA,92130-5401,42199,OTHER MISCELLANEOUS DURABLE GOODS WHSLE,Wholesale Trade,Core,"6749 ELEGANTE WAY , SAN DIEGO, CA 92130-5401","6749 Elegante Way, San Diego, California, 92130",100.0,-117.170217715749,32.964149821999
2020003406,SEASIDE INSTALLATION INC,SCORP,1272 RIVIERA POINTE ST ,SAN DIEGO,CA,92154-4824,48421,USED HOUSEHOLD & OFFICE GOODS MOVING,Transportation and Warehousing,Core,"1272 RIVIERA POINTE ST , SAN DIEGO, CA 92154-4824","7768 Arjons Dr, San Diego, California, 92126",100.0,-117.151940892056,32.893875442862
1995004508,SECTRAN ARMORED TRUCK SERVICE,CORP,3330 MARKET ST B ,SAN DIEGO,CA,92102-3321,488999,ALL OTHER TRANSPORTATION SUPPORT ACTIVITIES,Transportation and Warehousing,Core,"3330 MARKET ST B , SAN DIEGO, CA 92102-3321","1272 Riviera Point St, San Diego, California, 92154",100.0,-117.032619471211,32.569652489652
2003010000,SECURITY SYSTEMS TECHNIQUES INC,SCORP,7768 ARJONS DR ,SAN DIEGO,CA,92126-4391,339,MISCELLANEOUS MFG,Manufacturing,Core,"7768 ARJONS DR , SAN DIEGO, CA 92126-4391","3855 Ruffin Rd, San Diego, California, 92123",100.0,-117.120333992466,32.812511051452
2018008206,SEES CANDY SHOPS INCORPORATED CA117,CORP,9870 HIBERT ST D8 ,SAN DIEGO,CA,92131-1091,3113,SUGAR & CONFECTIONERY PRODUCT MFG,Manufacturing,Core,"9870 HIBERT ST D8 , SAN DIEGO, CA 92131-1091","9870 Hibert St, Suite D 8, San Diego, California, 92131",100.0,-117.113920663071,32.91498342199
1987003051,SEESCAN INC,CORP,3855 RUFFIN RD ,SAN DIEGO,CA,92123-1813,339,MISCELLANEOUS MFG,Manufacturing,Core,"3855 RUFFIN RD , SAN DIEGO, CA 92123-1813","3330 Market St, San Diego, California, 92102",99.69,-117.122493422182,32.711852818128
2013061719,SEESCAN INC,CORP,3777 RUFFIN RD ,SAN DIEGO,CA,92123-1811,3399,OTHER MISCELLANEOUS MFG,Manufacturing,Core,"3777 RUFFIN RD , SAN DIEGO, CA 92123-1811","3777 Ruffin Rd, San Diego, California, 92123",100.0,-117.11996577546,32.811781239143
2019025674,SEISMIC SIGNS,LLC,13771 DANIELSON ST F ,POWAY,CA,92064-8840,33995,SIGN MFG,Manufacturing,Core,"13771 DANIELSON ST F , POWAY, CA 92064-8840","13771 Danielson St, Suite F, Poway, California, 92064",100.0,-117.033100760092,32.93948041412
1991008761,SEKO AIR FREIGHT,CORP,7345 MISSION GORGE RD J ,SAN DIEGO,CA,92120-1268,488999,ALL OTHER TRANSPORTATION SUPPORT ACTIVITIES,Transportation and Warehousing,Core,"7345 MISSION GORGE RD J , SAN DIEGO, CA 92120-1268","3065 Beyer Blvd, Suite 103, San Diego, California, 92154",99.94,-117.065326998506,32.572089737548
2020003343,SELECT BERRIES LLC,LLC,3065 BEYER BLVD B-103 ,SAN DIEGO,CA,92154-3499,42249,OTHER GROCERY & RELATED PRODUCTS WHSLE,Wholesale Trade,Core,"3065 BEYER BLVD B-103 , SAN DIEGO, CA 92154-3499","7345 Mission Gorge Rd, Suite J, San Diego, California, 92120",100.0,-117.085816812276,32.803516221607
1994001315,SELECTA SEAFOODS INC,CORP,1085 BAY BLVD A ,CHULA VISTA,CA,91911-1629,4229,MISCELLANEOUS NONDURABLE GOODS WHSLE,Wholesale Trade,Core,"1085 BAY BLVD A , CHULA VISTA, CA 91911-1629","1085 Bay Blvd, Chula Vista, California, 91911",100.0,-117.092189352906,32.606343197902
2017002074,SELLMAX LLC,LLC,6866 EL CAJON BLVD B ,SAN DIEGO,CA,92115-1724,42111,AUTOMOBILE & OTHER MOTOR VEHICLE WHSLE,Wholesale Trade,Core,"6866 EL CAJON BLVD B , SAN DIEGO, CA 92115-1724","10301 Meanley Dr, San Diego, California, 92131",99.17,-117.10439219936,32.90970625957
2009022983,SEMACON BUSINESS MACHINES INC,SCORP,7430 TRADE ST ,SAN DIEGO,CA,92121-2410,42183,INDUSTRIAL MACHINERY & EQUIPMENT WHSLE,Wholesale Trade,Core,"7430 TRADE ST , SAN DIEGO, CA 92121-2410","7430 Trade St, San Diego, California, 92121",100.0,-117.163731715252,32.888702048403
1994006054,SEMTECH SAN DIEGO CORPORATION,CORP,10301 MEANLEY DR 100 ,SAN DIEGO,CA,92131-3011,3341,COMPUTER & PERIPHERAL EQUIPMENT MFG,Manufacturing,Core,"10301 MEANLEY DR 100 , SAN DIEGO, CA 92131-3011","6866 El Cajon Blvd, San Diego, California, 92115",99.71,-117.050189281372,32.768715900727
1988013962,SENEKEO EMBOSSING & FOILSTAMPING,SOLE,4887 RONSON CT C ,SAN DIEGO,CA,92111-1814,422,"WHOLESALE TRADE, NONDURABLE GOODS",Wholesale Trade,Core,"4887 RONSON CT C , SAN DIEGO, CA 92111-1814","4887 Ronson Ct, Suite C, San Diego, California, 92111",100.0,-117.145705761921,32.831300763801
1974005256,SENIOR OPERATIONS/JET PRODUCTS,CORP,9106 BALBOA AVE ,SAN DIEGO,CA,92123-1512,332999,ALL OTHER MISC FABRICATED METAL PRODUCT MFG,Manufacturing,Core,"9106 BALBOA AVE , SAN DIEGO, CA 92123-1512","9106 Balboa Ave, San Diego, California, 92123",100.0,-117.133586619577,32.822307652246
2013056830,SENTRY STORAGE SOLUTIONS,SCORP,4079 GOVERNOR DR 326 ,SAN DIEGO,CA,92122-2522,4931,WAREHOUSING & STORAGE,Transportation and Warehousing,Core,"4079 GOVERNOR DR 326 , SAN DIEGO, CA 92122-2522","4079 Governor Dr, San Diego, California, 92122",99.17,-117.202375725472,32.85457542299
2025001825,SEOUL STITCH STUDIO,SOLE,8778 SPECTRUM CENTER BLVD B144 ,SAN DIEGO,CA,92123-5028,31411,CARPET & RUG MILLS,Manufacturing,Core,"8778 SPECTRUM CENTER BLVD B144 , SAN DIEGO, CA 92123-5028","11421 W Bernardo Ct, San Diego, California, 92127",99.21,-117.083431322632,33.021459995313
2023004867,SEQUENCE SCIENCES INC,CORP,11421 W BERNARDO CT 200 ,SAN DIEGO,CA,92127-1639,33911,MEDICAL EQUIPMENT & SUPPLIES MFG,Manufacturing,Core,"11421 W BERNARDO CT 200 , SAN DIEGO, CA 92127-1639","1120 Hamilton Ln, Escondido, California, 92029",100.0,-117.090296771885,33.090181794525
1987014131,SERENGETI COMPANY INC,CORP,861 06TH AVE 510 ,SAN DIEGO,CA,92101-6315,4215,METAL & MINERAL (EXCEPT PETROLEUM) WHSLE,Wholesale Trade,Core,"861 06TH AVE 510 , SAN DIEGO, CA 92101-6315","8778 Spectrum Center Blvd, Apartment B 144, San Diego, California, 92123",100.0,-117.138816088968,32.826438757045
2003005479,SERGIO GIACOMEL,CORP,1120 HAMILTON LN ,ESCONDIDO,CA,92029-4429,42299,OTHER MISCELLANEOUS NONDURABLE GOODS WHSLE,Wholesale Trade,Core,"1120 HAMILTON LN , ESCONDIDO, CA 92029-4429","4240 Don Way, San Diego, California, 92117",100.0,-117.200162400119,32.826451455628
2025018905,SERHII OREL ,SOLE,4240 DON WAY ,SAN DIEGO,CA,92117-3809,48412,"GENERAL FREIGHT TRUCKING, LONG-DISTANCE",Transportation and Warehousing,Core,"4240 DON WAY , SAN DIEGO, CA 92117-3809","92101-6315, San Diego, California",86.5,-117.159229040686,32.714230009687
1991009906,SERMAPARTS,CORP,2295 PASEO DE LAS AMERICAS 22 ,SAN DIEGO,CA,92154-7909,493,WAREHOUSING & STORAGE,Transportation and Warehousing,Core,"2295 PASEO DE LAS AMERICAS 22 , SAN DIEGO, CA 92154-7909","2295 Paseo de las Americas, Suite 22, San Diego, California, 92154",100.0,-116.935848471213,32.557551913223
2024009052,SERVI PAQ LLC,LLC,1212 S 43RD ST B ,SAN DIEGO,CA,92113-3454,492,COURIERS & MESSENGERS,Transportation and Warehousing,Core,"1212 S 43RD ST B , SAN DIEGO, CA 92113-3454","8830 Rehco Rd, Suite B, San Diego, California, 92121",100.0,-117.171114076474,32.883546214031
2016010403,SES SECURE E WASTE SOLUTIONS,SCORP,8830 REHCO RD B ,SAN DIEGO,CA,92121-3263,42169,OTHER ELECTRONIC PARTS & EQUIPMENT WHSLE,Wholesale Trade,Core,"8830 REHCO RD B , SAN DIEGO, CA 92121-3263","17556 Cumana Ter, San Diego, California, 92128",100.0,-117.048445174959,33.033883442652
2019000657,SESAJAL LLC,LLC,1747 HANCOCK ST A ,SAN DIEGO,CA,92101-1130,4224,GROCERY & RELATED PRODUCT WHSLE,Wholesale Trade,Core,"1747 HANCOCK ST A , SAN DIEGO, CA 92101-1130","9689 Stonecrest Blvd, San Diego, California, 92123",100.0,-117.117187342195,32.802165352182
2025022780,SFN MFG,SOLE,17556 CUMANA TER ,SAN DIEGO,CA,92128-1842,3231,PRINTING & RELATED SUPPORT ACTIVITIES,Manufacturing,Core,"17556 CUMANA TER , SAN DIEGO, CA 92128-1842","1747 Hancock St, Suite A, San Diego, California, 92101",100.0,-117.183184268504,32.741928176368
2025015765,SHADI S AZOUM ,SOLE,9689 STONECREST BLVD ,SAN DIEGO,CA,92123-5414,334,COMPUTER & ELECTRONIC PRODUCT MFG,Manufacturing,Core,"9689 STONECREST BLVD , SAN DIEGO, CA 92123-5414","9938 Via Pasar, San Diego, California, 92126",100.0,-117.120270792916,32.900044104504
2025021386,SHAHIN HADDADIAN ,SOLE,16750 COYOTE BUSH DR 13 ,SAN DIEGO,CA,92127-2635,4922,LOCAL MESSENGERS & LOCAL DELIVERY,Transportation and Warehousing,Core,"16750 COYOTE BUSH DR 13 , SAN DIEGO, CA 92127-2635","16750 Coyote Bush Dr, Unit 13, San Diego, California, 92127",100.0,-117.128510539014,33.019454666888
2025017817,SHAMIR INSIGHT INC,SCORP,9938 VIA PASAR ,SAN DIEGO,CA,92126-4559,4219,MISCELLANEOUS DURABLE GOODS WHSLE,Wholesale Trade,Core,"9938 VIA PASAR , SAN DIEGO, CA 92126-4559","1456 Foss Ln, Alpine, California, 91901",100.0,-116.785037078329,32.828739631376
2001012587,SHAMROCK PRESS AND GRAPHICS,SOLE,525 W EL NORTE PKY 311 ,ESCONDIDO,CA,92026-3907,3231,PRINTING & RELATED SUPPORT ACTIVITIES,Manufacturing,Core,"525 W EL NORTE PKY 311 , ESCONDIDO, CA 92026-3907","525 W El Norte Pkwy, Space 311, Escondido, California, 92026",100.0,-117.099682575604,33.144795844864
2017019316,SHARIDEN DESIGN ASPHALT INC,SCORP,1456 FOSS LN ,ALPINE,CA,91901-2727,32412,"ASPHALT PAVING, ROOFING & SATURATED MAT MFG",Manufacturing,Core,"1456 FOSS LN , ALPINE, CA 91901-2727","1212 S 43rd St, Suite B, San Diego, California, 92113",100.0,-117.102422452114,32.693805910039
1992010979,SHARP EYE SURFBOARDS,CORP,3351 HANCOCK ST ,SAN DIEGO,CA,92110-4302,339999,ALL OTHER MISCELLANEOUS MFG,Manufacturing,Core,"3351 HANCOCK ST , SAN DIEGO, CA 92110-4302","3351 Hancock St, San Diego, California, 92110",100.0,-117.20706179608,32.755405187027
2018021362,SHARPE REFRIGERATION INC,CORP,7848 SILVERTON AVE C ,SAN DIEGO,CA,92126-6308,81131,COMMERCIAL EQUIPMENT (EXC AUTO & ELEC) R&M,Industrial Machinery Repair,Core,"7848 SILVERTON AVE C , SAN DIEGO, CA 92126-6308","837 Cornish Dr, San Diego, California, 92107",100.0,-117.253444146949,32.722147178241
2017018186,SHARPLINE SOLUTIONS INC,SCORP,1449 E THELBORN ST ,WEST COVINA,CA,91791-1211,339,MISCELLANEOUS MFG,Manufacturing,Core,"1449 E THELBORN ST , WEST COVINA, CA 91791-1211","3833 Newton Ave, San Diego, California, 92113",100.0,-117.111718820926,32.694951506655
1992008634,SHAVE AWAY EUROPE,CORP,837 CORNISH DR ,SAN DIEGO,CA,92107-4249,4223,"APPAREL, PIECE GOODS & NOTIONS WHSLE",Wholesale Trade,Core,"837 CORNISH DR , SAN DIEGO, CA 92107-4249","7848 Silverton Ave, San Diego, California, 92126",99.72,-117.152268875927,32.890916589131
2025020471,SHAWN E SHOULTZ & MARIA G SHOULTZ,SOLE,3833 NEWTON AVE ,SAN DIEGO,CA,92113-3226,49221,LOCAL MESSENGERS & LOCAL DELIVERY,Transportation and Warehousing,Core,"3833 NEWTON AVE , SAN DIEGO, CA 92113-3226","7405 Rainswept Ln, San Diego, California, 92119",100.0,-117.01267951029,32.813627353317
2014038260,SHAWN SPEIGHT,SOLE,7405 RAINSWEPT LN ,SAN DIEGO,CA,92119-1361,481,AIR TRANSPORTATION,Transportation and Warehousing,Core,"7405 RAINSWEPT LN , SAN DIEGO, CA 92119-1361","4375 Hermosa Way, San Diego, California, 92103",100.0,-117.180174410893,32.754765144901
1990011842,SHERIDAN REED DESIGNS,SOLE,4375 HERMOSA WAY ,SAN DIEGO,CA,92103-1216,421,"WHOLESALE TRADE, DURABLE GOODS",Wholesale Trade,Core,"4375 HERMOSA WAY , SAN DIEGO, CA 92103-1216","8501 Starling Ln, Santee, California, 92071",100.0,-117.016473243486,32.849867475615
2013053308,SHERPA CLINICAL PACKAGING LLC,LLC,6166 NANCY RIDGE DR ,SAN DIEGO,CA,92121-3223,31,MANUFACTURING,Manufacturing,Core,"6166 NANCY RIDGE DR , SAN DIEGO, CA 92121-3223","1449 E Thelborn St, West Covina, California, 91791",100.0,-117.914487886203,34.077338270879
1974005711,SHERWIN-WILLIAMS CO #4365,CORP,6955 MISSION GORGE RD ,SAN DIEGO,CA,92120-2419,4226,CHEMICAL & ALLIED PRODUCTS WHSLE,Wholesale Trade,Core,"6955 MISSION GORGE RD , SAN DIEGO, CA 92120-2419","6166 Nancy Ridge Dr, San Diego, California, 92121",100.0,-117.185891120315,32.8888702732
2020004237,SHEVYAKOV INC,SCORP,8501 STARLING LN ,SANTEE,CA,92071-2070,4841,GENERAL FREIGHT TRUCKING,Transportation and Warehousing,Core,"8501 STARLING LN , SANTEE, CA 92071-2070","6955 Mission Gorge Rd, San Diego, California, 92120",100.0,-117.091945659878,32.799355151504
2023006633,SHINIL EP USA INC,CORP,7975 RAYTHEON RD 370 ,SAN DIEGO,CA,92111-1624,3399,OTHER MISCELLANEOUS MFG,Manufacturing,Core,"7975 RAYTHEON RD 370 , SAN DIEGO, CA 92111-1624","6074 Madra Ave, San Diego, California, 92120",100.0,-117.055665597811,32.788252398739
2005014610,SHINJA SCHEIDNES,SOLE,6074 MADRA AVE ,SAN DIEGO,CA,92120-3944,42299,OTHER MISCELLANEOUS NONDURABLE GOODS WHSLE,Wholesale Trade,Core,"6074 MADRA AVE , SAN DIEGO, CA 92120-3944","7975 Raytheon Rd, Suite 370, San Diego, California, 92111",100.0,-117.150966747269,32.830857738308
1998012126,SHOE CENTER INC,CORP,2252 VERUS ST ,SAN DIEGO,CA,92154-4707,422,"WHOLESALE TRADE, NONDURABLE GOODS",Wholesale Trade,Core,"2252 VERUS ST , SAN DIEGO, CA 92154-4707","2252 Verus St, San Diego, California, 92154",100.0,-117.086560706183,32.594228481219
2004002852,SHUNG FONG,SOLE,3778 MARLBOROUGH AVE E ,SAN DIEGO,CA,92105-4114,4219,MISCELLANEOUS DURABLE GOODS WHSLE,Wholesale Trade,Core,"3778 MARLBOROUGH AVE E , SAN DIEGO, CA 92105-4114","525 Harbour Place Dr, Davidson, North Carolina, 28036",100.0,-80.863874862373,35.505970048488
2023009186,SID TOOL CO INC,CORP,525 HARBOUR PLACE DR ,DAVIDSON,NC,28036-7444,4218,"MACHINERY, EQUIPMENT & SUPPLIES WHSLE",Wholesale Trade,Core,"525 HARBOUR PLACE DR , DAVIDSON, NC 28036-7444","1255 Imperial Ave, Suite 900, San Diego, California, 92101",100.0,-117.154117839948,32.706170809784
2011007757,SIEMENS ENERGY INC,CORP,4654 W FARM ROAD 130 RD 130 ,SPRINGFIELD,MO,65802-6449,339,MISCELLANEOUS MFG,Manufacturing,Core,"4654 W FARM ROAD 130 RD 130 , SPRINGFIELD, MO 65802-6449","3778 Marlborough Ave, San Diego, California, 92105",98.87,-117.105745792904,32.747351183904
2009035211,SIEMENS INDUSTRY INC,CORP,10100 WILLOW CREEK RD ,SAN DIEGO,CA,92131-1636,334419,OTHER ELECTRONIC COMPONENT MFG,Manufacturing,Core,"10100 WILLOW CREEK RD , SAN DIEGO, CA 92131-1636","10100 Willow Creek Rd, San Diego, California, 92131",100.0,-117.108864112342,32.901027134108
2020000324,SIEMENS MOBILITY INC,CORP,1255 IMPERIAL AVE 900 ,SAN DIEGO,CA,92101-7492,336,TRANSPORTATION EQUIPMENT MFG,Manufacturing,Core,"1255 IMPERIAL AVE 900 , SAN DIEGO, CA 92101-7492","2055 Dublin Dr, Suite 300, San Diego, California, 92154",100.0,-116.97543016494,32.56166935552
2024002929,SIGHTLINE COMMERCIAL SOLUTIONS LLC,LLC,7008 NORTHLAND N DR ,MINNEAPOLIS,MN,55428-1560,332323,ORNAMENTAL & ARCHITECTURAL METAL WORK MFG,Manufacturing,Core,"7008 NORTHLAND N DR , MINNEAPOLIS, MN 55428-1560","2101 Carrillo Privado, Ontario, California, 91761",100.0,-117.603503352778,34.045443536735
2015039372,SIGMATRON INTERNATIONAL,CORP,2055 DUBLIN DR 300 ,SAN DIEGO,CA,92154-8202,49311,GENERAL WAREHOUSING & STORAGE,Transportation and Warehousing,Core,"2055 DUBLIN DR 300 , SAN DIEGO, CA 92154-8202","3220 Kurtz St, #100, San Diego, California, 92110",100.0,-117.205997545834,32.753610579648
2005001674,SIGN - IT,SCORP,3220 KURTZ ST 100 ,SAN DIEGO,CA,92110-4426,339,MISCELLANEOUS MFG,Manufacturing,Core,"3220 KURTZ ST 100 , SAN DIEGO, CA 92110-4426","7008 Northland Dr N, Minneapolis, Minnesota, 55428",96.76,-93.393784441703,45.082358841357
2023005070,SIGN INDUSTRIES INC,CORP,2101 CARRILLO PRIVADO ,ONTARIO,CA,91761-7600,323,PRINTING & RELATED SUPPORT ACTIVITIES,Manufacturing,Core,"2101 CARRILLO PRIVADO , ONTARIO, CA 91761-7600","925 Hale Pl, Suite A 8, Chula Vista, California, 91914",100.0,-116.963140031771,32.651026101155
2013058495,SIGN KING,SOLE,4025 PACIFIC HWY B ,SAN DIEGO,CA,92110-2100,3231,PRINTING & RELATED SUPPORT ACTIVITIES,Manufacturing,Core,"4025 PACIFIC HWY B , SAN DIEGO, CA 92110-2100","4654 W Farm Road 130, Springfield, Missouri, 65802",96.26,-93.374920802624,37.216048419901
2019020420,SIGN-OLOGY INC,CORP,925 HALE PL A8 ,CHULA VISTA,CA,91914-3507,33995,SIGN MFG,Manufacturing,Core,"925 HALE PL A8 , CHULA VISTA, CA 91914-3507","4025 Pacific Hwy, San Diego, California, 92110",99.71,-117.19018885735,32.743663481783
2018019612,SIGNARAMA,CORP,9340 HAZARD WAY A3 ,SAN DIEGO,CA,92123-1228,33995,SIGN MFG,Manufacturing,Core,"9340 HAZARD WAY A3 , SAN DIEGO, CA 92123-1228","9340 Hazard Way, Suite A 3, San Diego, California, 92123",100.0,-117.128007289547,32.835696988197
2020015738,SIGNART GRAPHIX INC,CORP,1930 S SANTA FE AVE ,VISTA,CA,92083-7729,339,MISCELLANEOUS MFG,Manufacturing,Core,"1930 S SANTA FE AVE , VISTA, CA 92083-7729","4444 Federal Blvd, San Diego, California, 92102",100.0,-117.09829872339,32.721084939652
2013064970,SIGNS DONE FAST INC,CORP,3655 CAMINO DEL RIO WEST ,SAN DIEGO,CA,92110-4444,3231,PRINTING & RELATED SUPPORT ACTIVITIES,Manufacturing,Core,"3655 CAMINO DEL RIO WEST , SAN DIEGO, CA 92110-4444","3655 Camino del Rio W, San Diego, California, 92110",100.0,-117.20469072331,32.755762884745
1984009515,SIGNTECH ELECTRICAL ADVERTISING INC,CORP,4444 FEDERAL BLVD ,SAN DIEGO,CA,92102-2505,332999,ALL OTHER MISC FABRICATED METAL PRODUCT MFG,Manufacturing,Core,"4444 FEDERAL BLVD , SAN DIEGO, CA 92102-2505","1930 S Santa Fe Ave, Vista, California, 92083",100.0,-117.212040395109,33.175319928292
2013063348,SILKROAD TRADING CORP,CORP,1441 TORREY PINES RD ,LA JOLLA,CA,92037-3730,42111,AUTOMOBILE & OTHER MOTOR VEHICLE WHSLE,Wholesale Trade,Core,"1441 TORREY PINES RD , LA JOLLA, CA 92037-3730","16955 Via del Campo, Suite 240, San Diego, California, 92127",100.0,-117.092264842751,33.019615306063
2001005326,SILVER RIDGE FORWARDING INC.,CORP,16955 VIA DEL CAMPO 240 ,SAN DIEGO,CA,92127-7701,4885,FREIGHT TRANSPORTATION ARRANGEMENT,Transportation and Warehousing,Core,"16955 VIA DEL CAMPO 240 , SAN DIEGO, CA 92127-7701","4905 Morena Blvd, Suite 1309, San Diego, California, 92117",100.0,-117.229870044268,32.830966074407
2022012702,SILVIA PATRICIA MORA,SOLE,416 W SAN YSIDRO BLVD L1659 ,SAN YSIDRO,CA,92173,421,"WHOLESALE TRADE, DURABLE GOODS",Wholesale Trade,Core,"416 W SAN YSIDRO BLVD L1659 , SAN YSIDRO, CA 92173","416 W San Ysidro Blvd, San Ysidro, California, 92173",100.0,-117.052105384437,32.555569844579
1989002062,SIMONZ MACHINE,SOLE,4905 MORENA BLVD 1309 ,SAN DIEGO,CA,92117-7376,339999,ALL OTHER MISCELLANEOUS MFG,Manufacturing,Core,"4905 MORENA BLVD 1309 , SAN DIEGO, CA 92117-7376","5392 Via Carancho, San Diego, California, 92111",100.0,-117.187623575883,32.803349086458
2022010161,SIMPLY WOODS BY MELISSA,SOLE,5392 VIA CARANCHO ,SAN DIEGO,CA,92111-4521,32199,ALL OTHER WOOD PRODUCT MFG,Manufacturing,Core,"5392 VIA CARANCHO , SAN DIEGO, CA 92111-4521","1441 Torrey Pines Rd, La Jolla, California, 92037",100.0,-117.267948276022,32.846646938867
2003003592,SIN LEE FOOD CORPORATION,CORP,4665 EL CAJON BLVD ,SAN DIEGO,CA,92115-4404,42249,OTHER GROCERY & RELATED PRODUCTS WHSLE,Wholesale Trade,Core,"4665 EL CAJON BLVD , SAN DIEGO, CA 92115-4404","4665 El Cajon Blvd, San Diego, California, 92115",100.0,-117.094129229474,32.755753874199
1991007421,SINAK CORPORATION,CORP,4901 MORENA BLVD 505 ,SAN DIEGO,CA,92117-7309,325998,ALL OTH MISC CHEMICAL PRODUCT & PREP MFG,Manufacturing,Core,"4901 MORENA BLVD 505 , SAN DIEGO, CA 92117-7309","4901 Morena Blvd, Suite 505, San Diego, California, 92117",100.0,-117.230346136368,32.826846410906
1997009130,SINCO AMERICA,SOLE,4968 CONCANNON CT ,SAN DIEGO,CA,92130-2723,421,"WHOLESALE TRADE, DURABLE GOODS",Wholesale Trade,Core,"4968 CONCANNON CT , SAN DIEGO, CA 92130-2723","4968 Concannon Ct, San Diego, California, 92130",100.0,-117.211591544194,32.954165298936
2021014381,SITA INFORMATION NETWORKING COMPUTING USA INC,CORP,600 GALLERIA SE PKWY 1000 ,ATLANTA,GA,30339-5992,48819,OTHER AIR TRANSPORTATION SUPPORT ACTIVITIES,Transportation and Warehousing,Core,"600 GALLERIA SE PKWY 1000 , ATLANTA, GA 30339-5992","8969 Kenamar Dr, Suite 108, San Diego, California, 92121",100.0,-117.155448467077,32.886264758597
2013066293,SKINIT ACQUISITION  LLC,LLC,8969 KENAMAR DR 108 ,SAN DIEGO,CA,92121-2441,339999,ALL OTHER MISCELLANEOUS MFG,Manufacturing,Core,"8969 KENAMAR DR 108 , SAN DIEGO, CA 92121-2441","11250 El Camino Real, #100, San Diego, California, 92130",100.0,-117.233298494124,32.923455598263
2022004421,SKYE BIOSCIENCE INC,CORP,11250 EL CAMINO REAL 100 ,SAN DIEGO,CA,92130-2677,32541,PHARMACEUTICAL & MEDICINE MFG,Manufacturing,Core,"11250 EL CAMINO REAL 100 , SAN DIEGO, CA 92130-2677","4149 Cartagena Dr, Suite B, San Diego, California, 92115",100.0,-117.061783800396,32.752825153411
2010032506,SKYHOOK METAL DESIGNS,SCORP,4149 CARTAGENA DR B ,SAN DIEGO,CA,92115-6724,331,PRIMARY METAL MFG,Manufacturing,Core,"4149 CARTAGENA DR B , SAN DIEGO, CA 92115-6724","2891 Gate Fifteen Pl, Chula Vista, California, 91914",100.0,-116.942849204383,32.658542866194
2012020657,SM BERRYLAND  LLC,LLC,2891 GATE FIFTEEN PL ,CHULA VISTA,CA,91914-2642,4931,WAREHOUSING & STORAGE,Transportation and Warehousing,Core,"2891 GATE FIFTEEN PL , CHULA VISTA, CA 91914-2642","600 Galleria Pkwy SE, Suite 1000, Atlanta, Georgia, 30339",94.78,-84.46352006144,33.884142317755
2018011068,SMALL MOVING & DELIVERIES,SOLE,434 28TH ST ,SAN DIEGO,CA,92102-3127,48421,USED HOUSEHOLD & OFFICE GOODS MOVING,Transportation and Warehousing,Core,"434 28TH ST , SAN DIEGO, CA 92102-3127","6235 El Cajon Blvd, San Diego, California, 92115",100.0,-117.063832421351,32.7632211441
1985009438,SMART & FINAL #355,LLC,6235 EL CAJON BLVD ,SAN DIEGO,CA,92115-3917,4224,GROCERY & RELATED PRODUCT WHSLE,Wholesale Trade,Core,"6235 EL CAJON BLVD , SAN DIEGO, CA 92115-3917","434 28th St, San Diego, California, 92102",100.0,-117.133880908198,32.710048487741
1974002643,SMART & FINAL IRIS CO #378,CORP,720 15TH ST ,SAN DIEGO,CA,92101-7320,422,"WHOLESALE TRADE, NONDURABLE GOODS",Wholesale Trade,Core,"720 15TH ST , SAN DIEGO, CA 92101-7320","2455 Otay Center Dr, Suite 118, San Diego, California, 92154",100.0,-116.942697827212,32.555020327007
2015042088,SMART ROAD TRANSPORT INC,CORP,2455 OTAY CENTER DR 118-696 ,SAN DIEGO,CA,92154-7629,48412,"GENERAL FREIGHT TRUCKING, LONG-DISTANCE",Transportation and Warehousing,Core,"2455 OTAY CENTER DR 118-696 , SAN DIEGO, CA 92154-7629","8587 Avenida Costa Norte, San Diego, California, 92154",100.0,-116.957479648738,32.558983416557
2007003324,SMART SPACE SOLUTIONS,CORP,8587 AVENIDA COSTA NORTE ,SAN DIEGO,CA,92154-6250,421,"WHOLESALE TRADE, DURABLE GOODS",Wholesale Trade,Core,"8587 AVENIDA COSTA NORTE , SAN DIEGO, CA 92154-6250","720 15th St, San Diego, California, 92101",100.0,-117.150405243575,32.712915852998
2010025052,SME STEEL CONTRACTORS,CORP,5801 WELLS PARK RD ,WEST JORDAN,UT,84081-5665,33999,ALL OTHER MISC MFG,Manufacturing,Core,"5801 WELLS PARK RD , WEST JORDAN, UT 84081-5665","6878 Navajo Rd, Unit 98, San Diego, California, 92119",100.0,-117.04764260773,32.803171348201
2015046145,SMILE ORTHODONTIC LABORATORY,SOLE,6878 NAVAJO RD 98 ,SAN DIEGO,CA,92119-1558,339116,DENTAL LABORATORIES,Manufacturing,Core,"6878 NAVAJO RD 98 , SAN DIEGO, CA 92119-1558","3213 Midway Dr, Unit 801, San Diego, California, 92110",100.0,-117.210923003597,32.750364603824
1974000262,SMITH BROTHERS INC,CORP,5304 BANKS ST ,SAN DIEGO,CA,92110-4008,339,MISCELLANEOUS MFG,Manufacturing,Core,"5304 BANKS ST , SAN DIEGO, CA 92110-4008","5304 Banks St, San Diego, California, 92110",100.0,-117.199543899484,32.764365441522
2025013944,SMOKING JENN'S BBQ,SOLE,3213 MIDWAY DR 801 ,SAN DIEGO,CA,92110-4559,31194,SEASONING & DRESSING MFG,Manufacturing,Core,"3213 MIDWAY DR 801 , SAN DIEGO, CA 92110-4559","5801 W Wells Park Rd, West Jordan, Utah, 84081",99.55,-112.029466075836,40.5769565937
2019019476,SNAP-ON TOOLS COMPANY LLC,LLC,2801 80TH ST ,KENOSHA,WI,53143-5656,4214,PROFESSIONAL & COMMERCIAL EQUIP & SUPP WHSLE,Wholesale Trade,Core,"2801 80TH ST , KENOSHA, WI 53143-5656","7310 Pogo Row, San Diego, California, 92154",100.0,-116.987281809151,32.575389203243
2025013804,SNIPS AND SEAMS ALTERATIONS,SOLE,3525 30TH ST ,SAN DIEGO,CA,92104-4119,31529,OTHER CUT & SEW APPAREL MFG,Manufacturing,Core,"3525 30TH ST , SAN DIEGO, CA 92104-4119","9586 Distribution Ave, San Diego, California, 92121",100.0,-117.163180353662,32.882119236925
2021011149,SNYDERS-LANCE INC,CORP,9586 DISTRIBUTION AVE ,SAN DIEGO,CA,92121-2312,42249,OTHER GROCERY & RELATED PRODUCTS WHSLE,Wholesale Trade,Core,"9586 DISTRIBUTION AVE , SAN DIEGO, CA 92121-2312","4203 Taos Dr, San Diego, California, 92117",100.0,-117.210785875661,32.818515804977
2025013965,SO CAL SEAFOODS,SOLE,333 H ST ,CHULA VISTA,CA,91910-5555,42246,FISH & SEAFOOD WHSLE,Wholesale Trade,Core,"333 H ST , CHULA VISTA, CA 91910-5555","3525 30th St, San Diego, California, 92104",100.0,-117.130075775613,32.74273749103
2015039936,SOCAL FLOORING,SCORP,3513 MAIN ST 101 ,CHULA VISTA,CA,91911-5892,42199,OTHER MISCELLANEOUS DURABLE GOODS WHSLE,Wholesale Trade,Core,"3513 MAIN ST 101 , CHULA VISTA, CA 91911-5892","333 H St, Chula Vista, California, 91910",100.0,-117.078404024746,32.634081329514
2024007830,SOCAL WEST,LLC,4203 TAOS DR ,SAN DIEGO,CA,92117-4536,42111,AUTOMOBILE & OTHER MOTOR VEHICLE WHSLE,Wholesale Trade,Core,"4203 TAOS DR , SAN DIEGO, CA 92117-4536","3513 Main St, Suite 101, Chula Vista, California, 91911",100.0,-117.057580527411,32.594677876958
2026004864,SOCALRCSHOP,SOLE,3656 44TH ST ,SAN DIEGO,CA,92105-3416,33329,OTHER INDUSTRIAL MACHINERY MFG,Manufacturing,Core,"3656 44TH ST , SAN DIEGO, CA 92105-3416","4412 Huerfano Ave, San Diego, California, 92117",100.0,-117.217444375724,32.822645191486
2007007476,SOJITZ PLASTICS AMERICA INC,CORP,9335 AIRWAY RD 201 ,SAN DIEGO,CA,92154-7930,42261,PLASTICS MATERIALS & BASIC FORMS/SHAPES WHSLE,Wholesale Trade,Core,"9335 AIRWAY RD 201 , SAN DIEGO, CA 92154-7930","3656 44th St, San Diego, California, 92105",100.0,-117.099898828706,32.745016488594
2019022221,SOL Y MAR WORLD TRADERS LLC,SOLE,4412 HUERFANO AVE ,SAN DIEGO,CA,92117-3518,421,"WHOLESALE TRADE, DURABLE GOODS",Wholesale Trade,Core,"4412 HUERFANO AVE , SAN DIEGO, CA 92117-3518","2200 Pacific Hwy, San Diego, California, 92101",100.0,-117.172818871761,32.727202262137
1996006525,SOLAR SOLUTIONS,CORP,10080 WILLOW CREEK RD 105 ,SAN DIEGO,CA,92131-1623,339,MISCELLANEOUS MFG,Manufacturing,Core,"10080 WILLOW CREEK RD 105 , SAN DIEGO, CA 92131-1623","9335 Airway Rd, Suite 201, San Diego, California, 92154",100.0,-116.942996222965,32.56021937009
1982009229,SOLAR TURBINES INC,CORP,2200 PACIFIC HWY ,SAN DIEGO,CA,92101-1745,3339,OTHER GENERAL PURPOSE MACHINERY MFG,Manufacturing,Core,"2200 PACIFIC HWY , SAN DIEGO, CA 92101-1745","10080 Willow Creek Rd, San Diego, California, 92131",99.25,-117.109477080921,32.901457754384
1977012618,SOLAR TURBINES INCORPORATED,CORP,9250 SKY PARK CT ,SAN DIEGO,CA,92123-4302,3339,OTHER GENERAL PURPOSE MACHINERY MFG,Manufacturing,Core,"9250 SKY PARK CT , SAN DIEGO, CA 92123-4302","9250 Sky Park Ct, San Diego, California, 92123",100.0,-117.126939937997,32.815212245479
1987012620,SOLAR TURBINES INCORPORATED,CORP,4200 RUFFIN RD ,SAN DIEGO,CA,92123-1822,3339,OTHER GENERAL PURPOSE MACHINERY MFG,Manufacturing,Core,"4200 RUFFIN RD , SAN DIEGO, CA 92123-1822","4200 Ruffin Rd, San Diego, California, 92123",100.0,-117.126300063509,32.819175796033
2011001955,SOLDER MASTER SUPPLY COMPANY,SOLE,3622 PROMONTORY ST ,SAN DIEGO,CA,92109-6633,42171,HARDWARE WHSLE,Wholesale Trade,Core,"3622 PROMONTORY ST , SAN DIEGO, CA 92109-6633","3622 Promontory St, San Diego, California, 92109",100.0,-117.237346366624,32.785359636315
1997012659,SOLECTEK CORPORATION,CORP,8375 CAMINO SANTA FE A ,SAN DIEGO,CA,92121-2634,33422,RADIO/TV BROADCAST & WIRELESS COMM EQUIP MFG,Manufacturing,Core,"8375 CAMINO SANTA FE A , SAN DIEGO, CA 92121-2634","8375 Camino Santa Fe, Suite A, San Diego, California, 92121",100.0,-117.17059506903,32.881377270856
2016012724,SOLO WOODWORKING,CORP,3545 BANCROFT ST ,SAN DIEGO,CA,92104-4320,337,FURNITURE & RELATED PRODUCT MFG,Manufacturing,Core,"3545 BANCROFT ST , SAN DIEGO, CA 92104-4320","3545 Bancroft St, San Diego, California, 92104",100.0,-117.123904767038,32.742817622024
2019024564,SOLOFARM INC,CORP,4275 EXECUTIVE SQ 200 ,LA JOLLA,CA,92037-1476,42248,FRESH FRUIT & VEGETABLE WHSLE,Wholesale Trade,Core,"4275 EXECUTIVE SQ 200 , LA JOLLA, CA 92037-1476","4275 Executive Sq, Suite 200, La Jolla, California, 92037",100.0,-117.2149810182,32.873964399506
2023009067,SOLUCION PALLETS,SOLE,3255 E ST ,SAN DIEGO,CA,92102-3312,4229,MISCELLANEOUS NONDURABLE GOODS WHSLE,Wholesale Trade,Core,"3255 E ST , SAN DIEGO, CA 92102-3312","6367 Alvarado Ct, Suite 101, San Diego, California, 92120",100.0,-117.061378703016,32.776628165867
2022008810,SONUS HEARING CARE PROFESSIONALS,CORP,6367 ALVARADO CT 101 ,SAN DIEGO,CA,92120-4914,334510,ELECTROMEDICAL APPARATUS MFG,Manufacturing,Core,"6367 ALVARADO CT 101 , SAN DIEGO, CA 92120-4914","16535 Via Esprillo, San Diego, California, 92127",100.0,-117.091821942987,33.014874040622
1974011147,SONY ELECTRONICS INC,CORP,16535 VIA ESPRILLO ,SAN DIEGO,CA,92127-1738,3352,HOUSEHOLD APPLIANCE MFG,Manufacturing,Core,"16535 VIA ESPRILLO , SAN DIEGO, CA 92127-1738","3255 E St, San Diego, California, 92102",100.0,-117.123337153453,32.714792391437
2005013207,SOOIL LLC,LLC,9919 HIBERT ST C ,SAN DIEGO,CA,92131-1076,42145,MEDICAL/DENTAL/HOSPITAL EQUIP & SUPP WHSLE,Wholesale Trade,Core,"9919 HIBERT ST C , SAN DIEGO, CA 92131-1076","7710 Balboa Ave, Suite 223 E, San Diego, California, 92111",100.0,-117.158102093804,32.821842875714
2022007394,SOP KITCHEN&BATH SUPPLY,SCORP,7710 BALBOA AVE 223E ,SAN DIEGO,CA,92111-2252,4217,"HARDWARE, & PLUMB & HEATING EQUIP & SUP WHSLE",Wholesale Trade,Core,"7710 BALBOA AVE 223E , SAN DIEGO, CA 92111-2252","4521 Park Blvd, Apartment 104, San Diego, California, 92116",100.0,-117.146222506252,32.759548780862
2025013438,SOSAL LINE,SOLE,4521 PARK BLVD 104 ,SAN DIEGO,CA,92116-2688,4219,MISCELLANEOUS DURABLE GOODS WHSLE,Wholesale Trade,Core,"4521 PARK BLVD 104 , SAN DIEGO, CA 92116-2688","9444 Abraham Way, Santee, California, 92071",100.0,-116.963884428592,32.848102540173
2024010467,SOURDOUGH & MOORE,LLC,4853 NEWPORT AVE ,SAN DIEGO,CA,92107-3110,3118,BAKERIES & TORTILLA MFG,Manufacturing,Core,"4853 NEWPORT AVE , SAN DIEGO, CA 92107-3110","4853 Newport Ave, San Diego, California, 92107",100.0,-117.248602508217,32.745318740022
1987002548,SOUTH BAY DIESEL AND HYD INC,CORP,1010 COOLIDGE AVE ,NATIONAL CITY,CA,91950-3225,4214,PROFESSIONAL & COMMERCIAL EQUIP & SUPP WHSLE,Wholesale Trade,Core,"1010 COOLIDGE AVE , NATIONAL CITY, CA 91950-3225","9919 Hibert St, Suite C, San Diego, California, 92131",100.0,-117.111947060149,32.913805596956
2006009812,SOUTH BAY FOUNDRY INC,CORP,9444 ABRAHAM WAY ,SANTEE,CA,92071-2853,421,"WHOLESALE TRADE, DURABLE GOODS",Wholesale Trade,Core,"9444 ABRAHAM WAY , SANTEE, CA 92071-2853","1010 Coolidge Ave, National City, California, 91950",100.0,-117.109278429816,32.67301045017
2007000352,SOUTH BAY MOTORS,CORP,5282 SEAGLEN WAY ,SAN DIEGO,CA,92154-8480,42111,AUTOMOBILE & OTHER MOTOR VEHICLE WHSLE,Wholesale Trade,Core,"5282 SEAGLEN WAY , SAN DIEGO, CA 92154-8480","5282 Seaglen Way, San Diego, California, 92154",100.0,-117.01747102524,32.573961751803
2019020215,SOUTH COAST PROJECTS LLC,LLC,4665 COBB DR ,SAN DIEGO,CA,92117-1227,42111,AUTOMOBILE & OTHER MOTOR VEHICLE WHSLE,Wholesale Trade,Core,"4665 COBB DR , SAN DIEGO, CA 92117-1227","4665 Cobb Dr, San Diego, California, 92117",100.0,-117.190575263086,32.841285286863
2025006961,SOUTHBAY LIFT SYSTEMS,PARTNR,3821 COUNTRY TRL ,BONITA,CA,91902-3021,81131,COMMERCIAL EQUIPMENT (EXC AUTO & ELEC) R&M,Industrial Machinery Repair,Core,"3821 COUNTRY TRL , BONITA, CA 91902-3021","1129 Thalia St, San Diego, California, 92154",100.0,-117.097881639887,32.575879154064
2024008096,SOUTHBAY MARINE SAFETY,LLC,8662 AVENIDA DE LA FUENTE 8 ,SAN DIEGO,CA,92154-6228,493,WAREHOUSING & STORAGE,Transportation and Warehousing,Core,"8662 AVENIDA DE LA FUENTE 8 , SAN DIEGO, CA 92154-6228","3821 Country Trl, Bonita, California, 91902",100.0,-117.001093876083,32.670503632478
2025022491,SOUTHBAY TREADS LLC,LLC,1129 THALIA ST ,SAN DIEGO,CA,92154-1956,32621,TIRE MFG,Manufacturing,Core,"1129 THALIA ST , SAN DIEGO, CA 92154-1956","8662 Avenida de la Fuente, Suite 8, San Diego, California, 92154",100.0,-116.957395997344,32.556281007154
2012008798,SOUTHCOAST WELDING & MANUFACTURING LLC,LLC,2591 FAIVRE ST 1 ,CHULA VISTA,CA,91911-7146,3329,OTHER FABRICATED METAL PRODUCT MFG,Manufacturing,Core,"2591 FAIVRE ST 1 , CHULA VISTA, CA 91911-7146","2591 Faivre St, #1, Chula Vista, California, 91911",100.0,-117.077899098898,32.59227201929
2018020997,SOUTHERN CALI CUSTOM METAL FABRICATION INC,SCORP,3141 FAIRMOUNT AVE ,SAN DIEGO,CA,92105-4603,332,FABRICATED METAL PRODUCT MFG,Manufacturing,Core,"3141 FAIRMOUNT AVE , SAN DIEGO, CA 92105-4603","1321 Distribution Way, Vista, California, 92081",100.0,-117.236693081091,33.150355309784
2020016946,SOUTHERN COUNTIES LUBRICANTS LLC,LLC,1321 DISTRIBUTION WAY ,VISTA,CA,92081-8821,4227,PETROLEUM & PETROLEUM PRODUCTS WHSLE,Wholesale Trade,Core,"1321 DISTRIBUTION WAY , VISTA, CA 92081-8821","3141 Fairmount Ave, San Diego, California, 92105",100.0,-117.100892922422,32.739248523833
1992002265,SOUTHERN GLAZERS WINE AND SPIRITS LLC,LLC,10730 SCRIPPS RANCH BLVD ,SAN DIEGO,CA,92131-1003,4228,BEER/WINE/DISTILLED ALCOHOLIC BEVERAGE WHSLE,Wholesale Trade,Core,"10730 SCRIPPS RANCH BLVD , SAN DIEGO, CA 92131-1003","10730 Scripps Ranch Blvd, San Diego, California, 92131",100.0,-117.110061383392,32.913447815419
1974012722,SOUTHERN MTCY SUPPLY INC,CORP,3670 RUFFIN RD ,SAN DIEGO,CA,92123-1810,4211,MOTOR VEHICLE/MOTOR VEHICLE PT & SUPPLY WHSLE,Wholesale Trade,Core,"3670 RUFFIN RD , SAN DIEGO, CA 92123-1810","3670 Ruffin Rd, San Diego, California, 92123",100.0,-117.119657656699,32.810853907285
2022005379,SOUTHERN TRANSPORT,CORP,370 S VISTA AVE ,SAN YSIDRO,CA,92173-2388,488,TRANSPORTATION SUPPORT ACTIVITIES,Transportation and Warehousing,Core,"370 S VISTA AVE , SAN YSIDRO, CA 92173-2388","370 S Vista Ave, San Ysidro, California, 92173",100.0,-117.051236683992,32.559560049586
1998001732,SOUTHWEST AIRLINES CO,CORP,3665 N HARBOR DR 216 ,SAN DIEGO,CA,92101-1038,481,AIR TRANSPORTATION,Transportation and Warehousing,Core,"3665 N HARBOR DR 216 , SAN DIEGO, CA 92101-1038","3665 N Harbor Dr, Suite 216, San Diego, California, 92101",100.0,-117.19449212644,32.729474554178
1993010747,SOUTHWEST JET FUEL CO,CORP,2702 LOVE FIELD DR ,DALLAS,TX,75235-1908,481,AIR TRANSPORTATION,Transportation and Warehousing,Core,"2702 LOVE FIELD DR , DALLAS, TX 75235-1908","2702 Love Field Dr, Dallas, Texas, 75235",100.0,-96.863537466555,32.845931501522
2018012029,SOUTHWEST LIFT & EQUIPMENT INC,CORP,254 E VALLEY ST ,SAN BERNARDINO,CA,92408-1514,4842,SPECIALIZED FREIGHT TRUCKING,Transportation and Warehousing,Core,"254 E VALLEY ST , SAN BERNARDINO, CA 92408-1514","1852 Pomona Rd, Corona, California, 92878",100.0,-117.601452217252,33.882607717012
2003009919,SOUTHWEST MILLWORKS INC,CORP,7925 DUNBROOK RD A ,SAN DIEGO,CA,92126-6306,32191,MILLWORK,Manufacturing,Core,"7925 DUNBROOK RD A , SAN DIEGO, CA 92126-6306","7925 Dunbrook Rd, Suite A, San Diego, California, 92126",100.0,-117.150640775054,32.892538822672
2024012104,SOUTHWEST SIGN COMPANY,SOLE,1852 POMONA RD ,CORONA,CA,92878-3277,33995,SIGN MFG,Manufacturing,Core,"1852 POMONA RD , CORONA, CA 92878-3277","254 E Valley St, San Bernardino, California, 92408",100.0,-117.280474611223,34.095875310756
2009000317,SOUTHWEST WHOLESALE DISTRIBUTORS INC,CORP,690 ANITA ST B ,CHULA VISTA,CA,91911-4642,42248,FRESH FRUIT & VEGETABLE WHSLE,Wholesale Trade,Core,"690 ANITA ST B , CHULA VISTA, CA 91911-4642","2003 Zolder Ct, El Cajon, California, 92019",100.0,-116.914936041885,32.75250408461
2025007865,SPARK MOTORS,SCORP,2003 ZOLDER CT ,EL CAJON,CA,92019-4183,42111,AUTOMOBILE & OTHER MOTOR VEHICLE WHSLE,Wholesale Trade,Core,"2003 ZOLDER CT , EL CAJON, CA 92019-4183","690 Anita St, Suite B, Chula Vista, California, 91911",100.0,-117.08294240622,32.598526972625
2018021060,SPARKLEPLENTY BY RUTH,SOLE,1410 ROBINSON AVE 7 ,SAN DIEGO,CA,92103-4536,31599,APPAREL ACCESSORIES & OTHER APPAREL MFG,Manufacturing,Core,"1410 ROBINSON AVE 7 , SAN DIEGO, CA 92103-4536","2150 Michael Faraday Dr, San Diego, California, 92154",100.0,-116.932064209568,32.559362152852
2025014333,SPARTAN SOLAR WORKS,LLC,1101 01ST ST 212 ,CORONADO,CA,92118-1474,3351,ELECTRIC LIGHTING EQUIPMENT MFG,Manufacturing,Core,"1101 01ST ST 212 , CORONADO, CA 92118-1474","1410 Robinson Ave, Apartment 7, San Diego, California, 92103",100.0,-117.150803300157,32.746441454043
2005008519,SPEC-BUILT SYSTEMS INC,SCORP,2150 MICHAEL FARADAY DR ,SAN DIEGO,CA,92154-7903,33231,PLATE WORK & FABRICATED STRUCTURAL PROD MFG,Manufacturing,Core,"2150 MICHAEL FARADAY DR , SAN DIEGO, CA 92154-7903","1929 Hancock St, San Diego, California, 92110",100.0,-117.187161062466,32.743776763204
1998012292,SPECIALTY PRODUCE,CORP,1929 HANCOCK ST ,SAN DIEGO,CA,92110-2061,4229,MISCELLANEOUS NONDURABLE GOODS WHSLE,Wholesale Trade,Core,"1929 HANCOCK ST , SAN DIEGO, CA 92110-2061","92118-1474, Coronado, California",86.5,-117.172113031695,32.698692014766
2006010561,SPECIALTY SEALS & ACCESSORIES INC,CORP,724 B ST A&B ,SAN DIEGO,CA,92101,421,"WHOLESALE TRADE, DURABLE GOODS",Wholesale Trade,Core,"724 B ST A&B , SAN DIEGO, CA 92101","2381 E Winston Rd, Anaheim, California, 92806",100.0,-117.883608871085,33.814493396233
1993003712,SPECIALTY STEEL PRODUCTS INC,CORP,1202 PIPER RANCH RD ,SAN DIEGO,CA,92154-7714,42199,OTHER MISCELLANEOUS DURABLE GOODS WHSLE,Wholesale Trade,Core,"1202 PIPER RANCH RD , SAN DIEGO, CA 92154-7714","1202 Piper Ranch Rd, San Diego, California, 92154",100.0,-116.953794125912,32.573199543438
2022008430,"SPECTRUM GAS PRODUCTS, INC",CORP,2381 E WINSTON RD ,ANAHEIM,CA,92806-5542,421,"WHOLESALE TRADE, DURABLE GOODS",Wholesale Trade,Core,"2381 E WINSTON RD , ANAHEIM, CA 92806-5542","7969 Engineer Rd, Suite 101, San Diego, California, 92111",100.0,-117.1522330852,32.825934543659
2017013371,SPECTRUM MOVING AND STORAGE,PARTNR,4574 39TH ST 1 ,SAN DIEGO,CA,92116-4635,48421,USED HOUSEHOLD & OFFICE GOODS MOVING,Transportation and Warehousing,Core,"4574 39TH ST 1 , SAN DIEGO, CA 92116-4635","6354 Riverdale St, San Diego, California, 92120",100.0,-117.09965265221,32.789598113294
2009023137,SPEEDPRO IMAGING MISSION VALLEY,LLC,6354 RIVERDALE ST ,SAN DIEGO,CA,92120,32311,PRINTING,Manufacturing,Core,"6354 RIVERDALE ST , SAN DIEGO, CA 92120","724 B St, San Diego, California, 92101",99.13,-117.158101391093,32.717855257772
2025000456,SPEEDY MAIL & MESSENGER SERVICE,LLC,7969 ENGINEER RD 101 ,SAN DIEGO,CA,92111-1921,49211,COURIERS,Transportation and Warehousing,Core,"7969 ENGINEER RD 101 , SAN DIEGO, CA 92111-1921","4574 39th St, Apartment 1, San Diego, California, 92116",100.0,-117.110820113267,32.760686372761
2017015414,SPK FIRE PROTECTION LLC,LLC,3065 BEYER BLVD B-103 ,SAN DIEGO,CA,92154-3499,42199,OTHER MISCELLANEOUS DURABLE GOODS WHSLE,Wholesale Trade,Core,"3065 BEYER BLVD B-103 , SAN DIEGO, CA 92154-3499","12460 Kirkham Ct, Poway, California, 92064",100.0,-117.052906023829,32.943229765139
2019016980,SPOKE & PISTON,SCORP,3245 UNIVERSITY AVE PMB 198 ,SAN DIEGO,CA,92104-2009,33992,SPORTING & ATHLETIC GOODS MFG,Manufacturing,Core,"3245 UNIVERSITY AVE PMB 198 , SAN DIEGO, CA 92104-2009","3065 Beyer Blvd, Suite 103, San Diego, California, 92154",99.94,-117.065326998506,32.572089737548
1996000463,SPOONERS WOODWORKS INC,CORP,12460 KIRKHAM CT ,POWAY,CA,92064-6819,337,FURNITURE & RELATED PRODUCT MFG,Manufacturing,Core,"12460 KIRKHAM CT , POWAY, CA 92064-6819","10915 Via Brescia, Apartment 904, San Diego, California, 92129",100.0,-117.093972990799,32.974846513465
2023011681,SPOONY'S UNIQUE EATS,SOLE,2245 RIVER RUN DR 4103 ,SAN DIEGO,CA,92108-5843,42242,PACKAGED FROZEN FOOD WHSLE,Wholesale Trade,Core,"2245 RIVER RUN DR 4103 , SAN DIEGO, CA 92108-5843","2245 River Run Dr, Apartment 4103, San Diego, California, 92108",100.0,-117.132881030968,32.778053131317
2001008395,SPORTS CAR COMPANY INC (THE),CORP,7447 LA JOLLA BLVD ,LA JOLLA,CA,92037-5030,4211,MOTOR VEHICLE/MOTOR VEHICLE PT & SUPPLY WHSLE,Wholesale Trade,Core,"7447 LA JOLLA BLVD , LA JOLLA, CA 92037-5030","7447 La Jolla Blvd, La Jolla, California, 92037",100.0,-117.278270422145,32.838498262148
2017000562,SPORTS TOWING INC,SCORP,10915 VIA BRESCIA 904 ,SAN DIEGO,CA,92129-1662,48841,MOTOR VEHICLE TOWING,Transportation and Warehousing,Core,"10915 VIA BRESCIA 904 , SAN DIEGO, CA 92129-1662","3245 University Ave, San Diego, California, 92104",98.0,-117.124273235502,32.748418535454
2025018228,SQUARE CONTRACTING,SCORP,6280 HENDERSON DR ,LA MESA,CA,91942-4018,4922,LOCAL MESSENGERS & LOCAL DELIVERY,Transportation and Warehousing,Core,"6280 HENDERSON DR , LA MESA, CA 91942-4018","6280 Henderson Dr, La Mesa, California, 91942",100.0,-116.99185643205,32.792763078023
2022005257,SR TRANSPORTLINE LLC,LLC,9015 PASEO DE LA FUENTE NORTE ,SAN DIEGO,CA,92154-5713,4841,GENERAL FREIGHT TRUCKING,Transportation and Warehousing,Core,"9015 PASEO DE LA FUENTE NORTE , SAN DIEGO, CA 92154-5713","2260 Otay Center Ct, San Diego, California, 92154",100.0,-116.943989981405,32.557273340671
2004010439,SRI TRUCKING LLC,LLC,2260 OTAY CENTER CT ,SAN DIEGO,CA,92154-7602,48411,"GENERAL FREIGHT TRUCKING, LOCAL",Transportation and Warehousing,Core,"2260 OTAY CENTER CT , SAN DIEGO, CA 92154-7602","633 Ruberta Ave, Glendale, California, 91201",100.0,-118.292770552585,34.163358097041
2013067805,STACEY EAST,SOLE,3450 STERNE ST ,SAN DIEGO,CA,92106-1844,31519,OTHER APPAREL KNITTING MILLS,Manufacturing,Core,"3450 STERNE ST , SAN DIEGO, CA 92106-1844","3450 Sterne St, San Diego, California, 92106",100.0,-117.227110218828,32.735801885247
2007029618,STAFFORD'S LIGHTING CO INC,CORP,633 RUBERTA AVE ,GLENDALE,CA,91201-2334,4219,MISCELLANEOUS DURABLE GOODS WHSLE,Wholesale Trade,Core,"633 RUBERTA AVE , GLENDALE, CA 91201-2334","3085 Beyer Blvd, Suite 105, San Diego, California, 92154",98.94,-117.06500119393,32.571475637411
1997001667,STALLION MEDICAL INC,CORP,3085 BEYER BLVD A105 ,SAN DIEGO,CA,92154-3479,333314,OPTICAL INSTRUMENT & LENS MFG,Manufacturing,Core,"3085 BEYER BLVD A105 , SAN DIEGO, CA 92154-3479","4555 Mission Gorge Pl, San Diego, California, 92120",100.0,-117.096441964198,32.782931985698
1974000267,STANDARD PLUMBING AND INDUSTRIAL SUPPLY CO,CORP,3864 40TH ST ,SAN DIEGO,CA,92105-2424,4217,"HARDWARE, & PLUMB & HEATING EQUIP & SUP WHSLE",Wholesale Trade,Core,"3864 40TH ST , SAN DIEGO, CA 92105-2424","9165 Irvington Ave, San Diego, California, 92123",100.0,-117.129414778729,32.794839023983
2025014648,STANDARD PLUMBING SUPPLY,CORP,4555 MISSION GORGE PL ,SAN DIEGO,CA,92120-4106,4217,"HARDWARE, & PLUMB & HEATING EQUIP & SUP WHSLE",Wholesale Trade,Core,"4555 MISSION GORGE PL , SAN DIEGO, CA 92120-4106","9015 Avenida de la Fuente Norte, San Diego, California, 92154",98.04,-116.951816918772,32.558340734131
2020016117,STAR ISLANDNESIAN,SOLE,9165 IRVINGTON AVE ,SAN DIEGO,CA,92123-3126,4223,"APPAREL, PIECE GOODS & NOTIONS WHSLE",Wholesale Trade,Core,"9165 IRVINGTON AVE , SAN DIEGO, CA 92123-3126","3864 40th St, San Diego, California, 92105",100.0,-117.109502981002,32.74896516127
2026003015,STAR PAPER,SCORP,263 VENTURE ST ,SAN MARCOS,CA,92078-3300,42212,STATIONERY & OFFICE SUPPLIES WHSLE,Wholesale Trade,Core,"263 VENTURE ST , SAN MARCOS, CA 92078-3300","8060 Armour St, San Diego, California, 92111",100.0,-117.150138447597,32.820006736005
2004007345,STAR TOWING/LA JOLLA TOWING/POINT LOMA TOWING,CORP,8060 ARMOUR ST ,SAN DIEGO,CA,92111-3720,48841,MOTOR VEHICLE TOWING,Transportation and Warehousing,Core,"8060 ARMOUR ST , SAN DIEGO, CA 92111-3720","263 Venture St, San Marcos, California, 92078",100.0,-117.152789978847,33.136108840413
2006012397,STARBOARD TRADING COMPANY INC,CORP,2350 MARCONI PL 104 ,SAN DIEGO,CA,92154-7256,42199,OTHER MISCELLANEOUS DURABLE GOODS WHSLE,Wholesale Trade,Core,"2350 MARCONI PL 104 , SAN DIEGO, CA 92154-7256","2350 Marconi Pl, Suite 104, San Diego, California, 92154",100.0,-116.930007290528,32.555416330022
2009038109,STARK AWNING & CANVAS CO,CORP,76 BROADWAY ,CHULA VISTA,CA,91910-1422,314912,CANVAS & RELATED PRODUCT MILLS,Manufacturing,Core,"76 BROADWAY , CHULA VISTA, CA 91910-1422","76 Broadway, Chula Vista, California, 91910",100.0,-117.0952229002,32.645683476071
2004003479,STARNET PRODUCTION INC,CORP,6046 CORNERSTONE CT 118 ,SAN DIEGO,CA,92121-4733,42191,SPORTING & RECREATIONAL GOODS & SUPPLY WHSLE,Wholesale Trade,Core,"6046 CORNERSTONE CT 118 , SAN DIEGO, CA 92121-4733","1891 E Chase Ave, El Cajon, California, 92020",100.0,-116.931262312891,32.768946277335
2020005706,STAY CLASSY SELECTIONS LLC,LLC,1935 31ST ST ,SAN DIEGO,CA,92102-1109,42282,WINE & DISTILLED ALCOHOLIC BEVERAGE WHSLE,Wholesale Trade,Core,"1935 31ST ST , SAN DIEGO, CA 92102-1109","1935 31st St, San Diego, California, 92102",100.0,-117.127473613772,32.726053103211
2020011352,STEEL FOREST DESIGNS,SOLE,1891 E CHASE AVE ,EL CAJON,CA,92020-8405,337,FURNITURE & RELATED PRODUCT MFG,Manufacturing,Core,"1891 E CHASE AVE , EL CAJON, CA 92020-8405","5150 Naranja St, San Diego, California, 92114",100.0,-117.083735837174,32.708657594728
2018021614,STEELER INC,CORP,5150 NARANJA ST ,SAN DIEGO,CA,92114-3515,4229,MISCELLANEOUS NONDURABLE GOODS WHSLE,Wholesale Trade,Core,"5150 NARANJA ST , SAN DIEGO, CA 92114-3515","6046 Cornerstone Ct W, San Diego, California, 92121",96.48,-117.190214170697,32.896954325446
2016009745,STEER DAVIES & GLEAVE INC,CORP,555 W BEECH ST 222 ,SAN DIEGO,CA,92101-2938,48899,OTHER TRANSPORTATION SUPPORT ACTIVITIES,Transportation and Warehousing,Core,"555 W BEECH ST 222 , SAN DIEGO, CA 92101-2938","8445 Camino Santa Fe, Suite 203, San Diego, California, 92121",100.0,-117.171687398651,32.880782574825
1996005827,STEREN ELECTRONICS INTERNATIONAL LLC,CORP,8445 CAMINO SANTA FE 203 ,SAN DIEGO,CA,92121-2650,4216,ELECTRICAL GOODS WHSLE,Wholesale Trade,Core,"8445 CAMINO SANTA FE 203 , SAN DIEGO, CA 92121-2650","555 W Beech St, Suite 222, San Diego, California, 92101",100.0,-117.167833651029,32.720854479224
2006014894,STEVE MORENO,SOLE,2003 BAYVIEW HEIGHTS DR 200 ,SAN DIEGO,CA,92105-5546,49221,LOCAL MESSENGERS & LOCAL DELIVERY,Transportation and Warehousing,Core,"2003 BAYVIEW HEIGHTS DR 200 , SAN DIEGO, CA 92105-5546","2003 Bayview Heights Dr, Space 200, San Diego, California, 92105",100.0,-117.075248322018,32.729318399322
1977027141,STEVE SEEBOLD SURFBOARDS,SOLE,722 HORNBLEND ST ,SAN DIEGO,CA,92109,339999,ALL OTHER MISCELLANEOUS MFG,Manufacturing,Core,"722 HORNBLEND ST , SAN DIEGO, CA 92109","722 Hornblend St, San Diego, California, 92109",100.0,-117.255803987969,32.795556179618
2006006943,STEVE'S AUTO SALES,SOLE,2141 30TH ST ,SAN DIEGO,CA,92104-5509,42111,AUTOMOBILE & OTHER MOTOR VEHICLE WHSLE,Wholesale Trade,Core,"2141 30TH ST , SAN DIEGO, CA 92104-5509","11255 Tierrasanta Boulevard, #101, San Diego, California, 92124",100.0,-117.085788900538,32.814419568896
2025018789,STEVEN ALICEA ,SOLE,11255 TIERRASANTA BLVD 101 ,SAN DIEGO,CA,92124-2806,481,AIR TRANSPORTATION,Transportation and Warehousing,Core,"11255 TIERRASANTA BLVD 101 , SAN DIEGO, CA 92124-2806","2141 30th St, San Diego, California, 92104",100.0,-117.13015481696,32.728264794093
2019012508,STHEFANN TERAN CERRILLO ,SOLE,3058 1/2 K ST ,SAN DIEGO,CA,92102-4134,492,COURIERS & MESSENGERS,Transportation and Warehousing,Core,"3058 1/2 K ST , SAN DIEGO, CA 92102-4134","9255 Customhouse Plz, Suite A, San Diego, California, 92154",100.0,-116.947452545607,32.553003389646
2018003248,STITCH INDUSTRIES INC,CORP,9255 CUSTOMHOUSE PLZ A ,SAN DIEGO,CA,92154-7646,4931,WAREHOUSING & STORAGE,Transportation and Warehousing,Core,"9255 CUSTOMHOUSE PLZ A , SAN DIEGO, CA 92154-7646","7924 Ronson Rd, Suite K, San Diego, California, 92111",100.0,-117.151340915426,32.829098963565
2026003864,STITCHLAB QUILTS,SOLE,7924 RONSON RD K ,SAN DIEGO,CA,92111-1918,3152,CUT & SEW APPAREL MFG,Manufacturing,Core,"7924 RONSON RD K , SAN DIEGO, CA 92111-1918","3058 K St, San Diego, California, 92102",99.63,-117.128473778348,32.70856934688
1998005120,STONE SOURCE,SOLE,1386 LAKE DR ,ENCINITAS,CA,92024,421,"WHOLESALE TRADE, DURABLE GOODS",Wholesale Trade,Core,"1386 LAKE DR , ENCINITAS, CA 92024","1386 Lake Dr, Encinitas, California, 92024",100.0,-117.266363593408,33.032940813821
1989010492,STOODY INDUSTRIAL & WELDING SUPPLY INC,CORP,3316 NATIONAL AVE ,SAN DIEGO,CA,92113-2639,422,"WHOLESALE TRADE, NONDURABLE GOODS",Wholesale Trade,Core,"3316 NATIONAL AVE , SAN DIEGO, CA 92113-2639","3316 National Ave, San Diego, California, 92113",100.0,-117.12274202943,32.696011817407
1997011499,STOR'EM SELF STORAGE,CORP,4800 PACIFIC HWY ,SAN DIEGO,CA,92110-4001,4931,WAREHOUSING & STORAGE,Transportation and Warehousing,Core,"4800 PACIFIC HWY , SAN DIEGO, CA 92110-4001","4800 Pacific Hwy, San Diego, California, 92110",100.0,-117.20355043081,32.762392853352
2023007399,STRATEGIC ROBOTIC SYSTEMS,CORP,6444 NANCY RIDGE DR ,SAN DIEGO,CA,92121-2248,333,MACHINERY MFG,Manufacturing,Core,"6444 NANCY RIDGE DR , SAN DIEGO, CA 92121-2248","1317 Transite Ave, San Diego, California, 92154",100.0,-117.096247755501,32.572233151911
2021015095,STRAWBERRY SANTI,SOLE,1317 TRANSITE AVE ,SAN DIEGO,CA,92154-2836,421,"WHOLESALE TRADE, DURABLE GOODS",Wholesale Trade,Core,"1317 TRANSITE AVE , SAN DIEGO, CA 92154-2836","6444 Nancy Ridge Dr, San Diego, California, 92121",100.0,-117.182397794529,32.887165268365
1991009910,STUDIO FURNITURE,SOLE,4565 ALICE ST ,SAN DIEGO,CA,92115-3723,339999,ALL OTHER MISCELLANEOUS MFG,Manufacturing,Core,"4565 ALICE ST , SAN DIEGO, CA 92115-3723","4565 Alice St, San Diego, California, 92115",100.0,-117.071731443085,32.760419283416
2025015871,STUDIO JULES SILVERSMITH,SOLE,1621 29TH ST ,SAN DIEGO,CA,92102-1419,33991,JEWELRY & SILVERWARE MFG,Manufacturing,Core,"1621 29TH ST , SAN DIEGO, CA 92102-1419","8280 Clairemont Mesa Blvd, Suite 111, San Diego, California, 92111",100.0,-117.146478154299,32.832896552437
2013054583,STUDIO ROCK SHOP,PARTNR,8280 CLAIREMONT MESA BLVD 111 ,SAN DIEGO,CA,92111-1708,4219,MISCELLANEOUS DURABLE GOODS WHSLE,Wholesale Trade,Core,"8280 CLAIREMONT MESA BLVD 111 , SAN DIEGO, CA 92111-1708","2985 National Ave, San Diego, California, 92113",100.0,-117.129816020434,32.695920915667
2026004011,SU PAN BAKERY LOGAN,CORP,2985 NATIONAL AVE ,SAN DIEGO,CA,92113-2419,31181,BREAD & BAKERY PRODUCT MFG,Manufacturing,Core,"2985 NATIONAL AVE , SAN DIEGO, CA 92113-2419","1621 29th St, San Diego, California, 92102",100.0,-117.132005038267,32.722850797103
2007008864,SUMITRONICS USA INC,CORP,9335 AIRWAY RD 212 ,SAN DIEGO,CA,92154-7930,4216,ELECTRICAL GOODS WHSLE,Wholesale Trade,Core,"9335 AIRWAY RD 212 , SAN DIEGO, CA 92154-7930","3007 Clairemont Dr, San Diego, California, 92117",99.46,-117.193752423484,32.794750636813
2014025709,SUMMER SHEEN,SOLE,3007 CLAIREMONT DR S6 ,SAN DIEGO,CA,92117-6861,42299,OTHER MISCELLANEOUS NONDURABLE GOODS WHSLE,Wholesale Trade,Core,"3007 CLAIREMONT DR S6 , SAN DIEGO, CA 92117-6861","6201 Progressive Ave, Suite 400, San Diego, California, 92154",100.0,-117.0024878704,32.571016225298
1994002805,SUN HARVEST FOODS INC,CORP,6201 PROGRESSIVE AVE 400 ,SAN DIEGO,CA,92154-6651,4229,MISCELLANEOUS NONDURABLE GOODS WHSLE,Wholesale Trade,Core,"6201 PROGRESSIVE AVE 400 , SAN DIEGO, CA 92154-6651","4225 Executive Sq, Suite 600, La Jolla, California, 92037",100.0,-117.215663724214,32.874048553814
2022000258,SUN TIME,PARTNR,4225 EXECUTIVE SQ 600 ,LA JOLLA,CA,92037-1484,421,"WHOLESALE TRADE, DURABLE GOODS",Wholesale Trade,Core,"4225 EXECUTIVE SQ 600 , LA JOLLA, CA 92037-1484","13102 Sundance Ave, San Diego, California, 92129",100.0,-117.133125363445,32.957111495993
2010001188,SUNDANCE SAN DIEGO,PARTNR,13102 SUNDANCE AVE ,SAN DIEGO,CA,92129-2411,4922,LOCAL MESSENGERS & LOCAL DELIVERY,Transportation and Warehousing,Core,"13102 SUNDANCE AVE , SAN DIEGO, CA 92129-2411","7951 Othello Ave, San Diego, California, 92111",99.17,-117.152601354504,32.817132474614
2024009805,SUNMERRY BAKERY,SOLE,7951 OTHELLO AVE 102 ,SAN DIEGO,CA,92111-3759,31181,BREAD & BAKERY PRODUCT MFG,Manufacturing,Core,"7951 OTHELLO AVE 102 , SAN DIEGO, CA 92111-3759","9335 Airway Rd, Suite 212, San Diego, California, 92154",100.0,-116.942996222965,32.56021937009
2021006722,SUNNY CNC MACHINING,SOLE,8835 PRODUCTION AVE ,SAN DIEGO,CA,92121-2220,33999,ALL OTHER MISC MFG,Manufacturing,Core,"8835 PRODUCTION AVE , SAN DIEGO, CA 92121-2220","8835 Production Ave, San Diego, California, 92121",100.0,-117.165074831417,32.884835099282
2017010491,SUNNY SKY PRODUCTS LLC,LLC,5310 RILEY ST ,SAN DIEGO,CA,92110-2621,3121,BEVERAGE MFG,Manufacturing,Core,"5310 RILEY ST , SAN DIEGO, CA 92110-2621","5310 Riley St, San Diego, California, 92110",100.0,-117.195028316786,32.765982562101
2011035189,SUNRISE TRADING,PARTNR,10842 WHITEHALL RD ,SAN DIEGO,CA,92126-2524,42249,OTHER GROCERY & RELATED PRODUCTS WHSLE,Wholesale Trade,Core,"10842 WHITEHALL RD , SAN DIEGO, CA 92126-2524","10842 Whitehall Rd, San Diego, California, 92126",100.0,-117.154837593974,32.914576145315
2025007215,SUNSET DISTRIBUTING,LLC,505 S PACIFIC ST ,SAN MARCOS,CA,92078-4049,4931,WAREHOUSING & STORAGE,Transportation and Warehousing,Core,"505 S PACIFIC ST , SAN MARCOS, CA 92078-4049","1629 National Ave, Apartment 207, San Diego, California, 92113",100.0,-117.149586415454,32.703744206905
2022006996,SUNSET SEWING SERVICES,SOLE,1629 NATIONAL AVE 207 ,SAN DIEGO,CA,92113-1061,3152,CUT & SEW APPAREL MFG,Manufacturing,Core,"1629 NATIONAL AVE 207 , SAN DIEGO, CA 92113-1061","505 S Pacific St, San Marcos, California, 92078",100.0,-117.200324506127,33.135766691126
1974010007,SUNSHINE SUPPLY CO INC,CORP,4946 NAPLES ST ,SAN DIEGO,CA,92110-3820,4213,LUMBER & OTHER CONSTRUCTION MATERIALS WHSLE,Wholesale Trade,Core,"4946 NAPLES ST , SAN DIEGO, CA 92110-3820","4946 Naples St, San Diego, California, 92110",100.0,-117.202573119291,32.770307456502
2004005265,SUPER DETAIL INC,SCORP,7880 AIRWAY RD B10 ,SAN DIEGO,CA,92154-8308,42269,OTHER CHEMICAL & ALLIED PRODUCTS WHSLE,Wholesale Trade,Core,"7880 AIRWAY RD B10 , SAN DIEGO, CA 92154-8308","1830 Ellsworth Industrial Blvd NW, Atlanta, Georgia, 30318",99.55,-84.427342677688,33.805646465069
2020011043,SUPERCO SPECIALTY PRODUCTS,CORP,1830 ELLSWORTH INDUSTRIAL BLVD ,ATLANTA,GA,30318-3746,325,CHEMICAL MFG,Manufacturing,Core,"1830 ELLSWORTH INDUSTRIAL BLVD , ATLANTA, GA 30318-3746","1675 Brandywine Ave, Suite C, Chula Vista, California, 91911",100.0,-117.029325047987,32.596751434075
2025006407,SUPERIOR DECKS & RAILINGS,SOLE,1315 5TH S ST ,HOPKINS,MN,55343-7807,3323,ARCHITECTURAL & STRUCTURAL METALS MFG,Manufacturing,Core,"1315 5TH S ST , HOPKINS, MN 55343-7807","5182 Biltmore St, San Diego, California, 92117",100.0,-117.205573505352,32.83983898947
1993003435,SUPERIOR POOL PRODUCTS LLC,CORP,1675 BRANDYWINE AVE C ,CHULA VISTA,CA,91911-6064,4229,MISCELLANEOUS NONDURABLE GOODS WHSLE,Wholesale Trade,Core,"1675 BRANDYWINE AVE C , CHULA VISTA, CA 91911-6064","7880 Airway Rd, Suite B 10, San Diego, California, 92154",100.0,-116.970090389703,32.560655019507
2016008814,SUPERNOVA PRODUCTS LLC,LLC,5182 BILTMORE ST ,SAN DIEGO,CA,92117-1106,42199,OTHER MISCELLANEOUS DURABLE GOODS WHSLE,Wholesale Trade,Core,"5182 BILTMORE ST , SAN DIEGO, CA 92117-1106","904 Pappas Ct, Chula Vista, California, 91911",100.0,-117.016705757481,32.613723991724
2025012930,SUPPLY POINTE SOUTH SAN DIEGO,SOLE,904 PAPPAS CT ,CHULA VISTA,CA,91911-7034,4219,MISCELLANEOUS DURABLE GOODS WHSLE,Wholesale Trade,Core,"904 PAPPAS CT , CHULA VISTA, CA 91911-7034","3040 Brando Dr, San Diego, California, 92154",100.0,-117.068493597707,32.558100257329
1999000430,SUPPLYPRO INC,CORP,9401 WAPLES ST 150 ,SAN DIEGO,CA,92121-3919,334419,OTHER ELECTRONIC COMPONENT MFG,Manufacturing,Core,"9401 WAPLES ST 150 , SAN DIEGO, CA 92121-3919","9401 Waples St, Suite 150, San Diego, California, 92121",100.0,-117.185307656035,32.901101900684
2011015599,SUPREME FRUIT PRODUCE INC,CORP,3040 BRANDO DR ,SAN DIEGO,CA,92154-4237,42248,FRESH FRUIT & VEGETABLE WHSLE,Wholesale Trade,Core,"3040 BRANDO DR , SAN DIEGO, CA 92154-4237","11107 Roselle St, San Diego, California, 92121",99.17,-117.230957931481,32.905907539141
2023008251,SUREAX MEDICAL CORP,CORP,11107 ROSELLE ST 237 ,SAN DIEGO,CA,92121-1206,3391,MEDICAL EQUIPMENT & SUPPLIES MFG,Manufacturing,Core,"11107 ROSELLE ST 237 , SAN DIEGO, CA 92121-1206","8475 Commerce Ave, San Diego, California, 92121",100.0,-117.167884361543,32.880127235726
1992011382,SURFBOARDS BY GLEN HORN,SOLE,1775 GRAND AVE ,SAN DIEGO,CA,92109-4415,421,"WHOLESALE TRADE, DURABLE GOODS",Wholesale Trade,Core,"1775 GRAND AVE , SAN DIEGO, CA 92109-4415","1775 Grand Ave, San Diego, California, 92109",100.0,-117.236753179336,32.798557655326
1991006775,SURREY PRECISION TOOL INC,CORP,8475 COMMERCE AVE ,SAN DIEGO,CA,92121-2608,3335,METALWORKING MACHINERY MFG,Manufacturing,Core,"8475 COMMERCE AVE , SAN DIEGO, CA 92121-2608","5449 Bellevue Ave, La Jolla, California, 92037",100.0,-117.263138069428,32.812873317307
1984001262,SUSAN HART HENEGAR,SOLE,5449 BELLEVUE AVE ,LA JOLLA,CA,92037-7625,421,"WHOLESALE TRADE, DURABLE GOODS",Wholesale Trade,Core,"5449 BELLEVUE AVE , LA JOLLA, CA 92037-7625","5988 Overlake Ave, San Diego, California, 92120",100.0,-117.05304960583,32.788088993536
2007006233,SUSIE THAI ALTERATION,SOLE,7151 EL CAJON BLVD O ,SAN DIEGO,CA,92115-1819,31521,CUT & SEW APPAREL CONTRACTORS,Manufacturing,Core,"7151 EL CAJON BLVD O , SAN DIEGO, CA 92115-1819","1315 5th St S, Hopkins, Minnesota, 55343",95.31,-93.417502126385,44.917129401545
2019002724,SUSIECAKES BAKERY,CORP,3705 CAMINITO  CT 0500 ,SAN DIEGO,CA,92130,3118,BAKERIES & TORTILLA MFG,Manufacturing,Core,"3705 CAMINITO  CT 0500 , SAN DIEGO, CA 92130","7151 El Cajon Blvd, Suite O, San Diego, California, 92115",100.0,-117.043568080777,32.7686792299
2009015792,SUSTAINABLE PRINT AND MAIL,SOLE,5988 OVERLAKE AVE ,SAN DIEGO,CA,92120-3916,32312,PRINTING SUPPORT ACTIVITIES,Manufacturing,Core,"5988 OVERLAKE AVE , SAN DIEGO, CA 92120-3916","2003 Bayview Heights Dr, Space 39, San Diego, California, 92105",100.0,-117.075248322018,32.729318399322
2021010601,SVD LOGISTICS INC,SCORP,2003 BAYVIEW HEIGHTS DR 39 ,SAN DIEGO,CA,92105-5529,4841,GENERAL FREIGHT TRUCKING,Transportation and Warehousing,Core,"2003 BAYVIEW HEIGHTS DR 39 , SAN DIEGO, CA 92105-5529","3705 Caminito Ct, San Diego, California, 92130",98.79,-117.234904969686,32.952351999913
2011016071,SWARCO MCCAIN INC,CORP,2365 OAK RIDGE WAY ,VISTA,CA,92081-8348,339,MISCELLANEOUS MFG,Manufacturing,Core,"2365 OAK RIDGE WAY , VISTA, CA 92081-8348","7823 Paseo de la Fuente, San Diego, California, 92154",99.27,-116.908201266503,32.560468103066
2025010331,SWARCO MCCAIN INC,CORP,7823 PASEO DE LA FUENTE 110 ,SAN DIEGO,CA,92154-5750,33699,OTHER TRANSPORTATION EQUIPMENT MFG,Manufacturing,Core,"7823 PASEO DE LA FUENTE 110 , SAN DIEGO, CA 92154-5750","2365 Oak Ridge Way, Vista, California, 92081",100.0,-117.24153404927,33.136392316379
2026003556,SWEET HEAT JERKY,SOLE,5927 BARK ST ,SAN DIEGO,CA,92105-3903,311,FOOD MFG,Manufacturing,Core,"5927 BARK ST , SAN DIEGO, CA 92105-3903","1410 Piper Ranch Rd, San Diego, California, 92154",99.72,-116.953790270236,32.570958725443
2004013685,SWEET WORLD CORPORATION,CORP,1410 PIPER RANCH RD 7 ,SAN DIEGO,CA,92154-7711,42245,CONFECTIONERY WHSLE,Wholesale Trade,Core,"1410 PIPER RANCH RD 7 , SAN DIEGO, CA 92154-7711","5927 Bark St, San Diego, California, 92105",100.0,-117.067692036306,32.741348861131
2023007019,SWEETBEE DESSERTS,SOLE,10108 CALLE MARINERO 42 ,SPRING VALLEY,CA,91977-7110,31181,BREAD & BAKERY PRODUCT MFG,Manufacturing,Core,"10108 CALLE MARINERO 42 , SPRING VALLEY, CA 91977-7110","10108 Calle Marinero, Apartment 42, Spring Valley, California, 91977",100.0,-116.972646115801,32.728028424423
2011034953,SWEIS PBS INC,CORP,1400 CAMINO DE LA REINA 104 ,SAN DIEGO,CA,92108-1512,42221,DRUGS & DRUGGISTS' SUNDRIES WHSLE,Wholesale Trade,Core,"1400 CAMINO DE LA REINA 104 , SAN DIEGO, CA 92108-1512","1400 Camino de la Reina, Suite 104, San Diego, California, 92108",100.0,-117.152328974173,32.768679229901
2026004312,SWIF SUNDRIES,SOLE,3225 DEL MAR HEIGHTS RD 151 ,SAN DIEGO,CA,92130,4229,MISCELLANEOUS NONDURABLE GOODS WHSLE,Wholesale Trade,Core,"3225 DEL MAR HEIGHTS RD 151 , SAN DIEGO, CA 92130","8514 Mast Blvd, Santee, California, 92071",100.0,-117.029685721281,32.857490607005
2005012588,SWIFT TRANSPORTATION CO OF ARIZONA LLC,CORP,6933 CALLE DE LINEA ,SAN DIEGO,CA,92154-8014,488,TRANSPORTATION SUPPORT ACTIVITIES,Transportation and Warehousing,Core,"6933 CALLE DE LINEA , SAN DIEGO, CA 92154-8014","6933 Calle de Linea, San Diego, California, 92154",100.0,-116.990559919267,32.548185723158
2021003209,SYCAMORE ENERGY LLC,LLC,8514 MAST BLVD ,SANTEE,CA,92071-2300,31,MANUFACTURING,Manufacturing,Core,"8514 MAST BLVD , SANTEE, CA 92071-2300","1647 Palm Ave, San Diego, California, 92154",100.0,-117.098163774748,32.583726627093
2025007759,SYMBOLIC AUTO GROUP INC,SCORP,1647 PALM AVE ,SAN DIEGO,CA,92154-1028,42111,AUTOMOBILE & OTHER MOTOR VEHICLE WHSLE,Wholesale Trade,Core,"1647 PALM AVE , SAN DIEGO, CA 92154-1028","3225 Del Mar Heights Rd, San Diego, California, 92130",99.19,-117.236862605705,32.952559476265
1995002948,SYNOPSYS INC,CORP,3580 CARMEL MOUNTAIN RD ,SAN DIEGO,CA,92130-6766,3344,SEMICONDUCTOR & OTH ELECTRONIC COMPONENT MFG,Manufacturing,Core,"3580 CARMEL MOUNTAIN RD , SAN DIEGO, CA 92130-6766","15750 Meridian Pkwy, March Air Reserve Base, California, 92518",99.9,-117.279992232695,33.892039327832
2025023751,SYRISA SOY CANDLES,SOLE,2444 FRONT ST ,SAN DIEGO,CA,92101-1416,4229,MISCELLANEOUS NONDURABLE GOODS WHSLE,Wholesale Trade,Core,"2444 FRONT ST , SAN DIEGO, CA 92101-1416","3580 Carmel Mountain Rd, San Diego, California, 92130",100.0,-117.233899225124,32.918460738342
2013045678,SYSCO RIVERSIDE INC,CORP,15750 MERIDIAN PKWY ,RIVERSIDE,CA,92518-3001,48412,"GENERAL FREIGHT TRUCKING, LONG-DISTANCE",Transportation and Warehousing,Core,"15750 MERIDIAN PKWY , RIVERSIDE, CA 92518-3001","2444 Front St, San Diego, California, 92101",100.0,-117.164898513236,32.730863634961
2014027530,SYSTEMS SOURCE INC,CORP,101 W BROADWAY 1350 ,SAN DIEGO,CA,92101-8232,42121,FURNITURE WHSLE,Wholesale Trade,Core,"101 W BROADWAY 1350 , SAN DIEGO, CA 92101-8232","101 W Broadway, Suite 1350, San Diego, California, 92101",100.0,-117.164189953899,32.715606402008
2006013776,SYSTEMS WEST,LLC,16870 W BERNARDO DR 400 ,SAN DIEGO,CA,92127-1678,42169,OTHER ELECTRONIC PARTS & EQUIPMENT WHSLE,Wholesale Trade,Core,"16870 W BERNARDO DR 400 , SAN DIEGO, CA 92127-1678","16870 W Bernardo Dr, Suite 400, San Diego, California, 92127",100.0,-117.080909291786,33.019577587498
2015029718,T  T INTERNATIONAL  LLC,LLC,10145 VIA DE LA AMISTAD 23C ,SAN DIEGO,CA,92154-5216,422,"WHOLESALE TRADE, NONDURABLE GOODS",Wholesale Trade,Core,"10145 VIA DE LA AMISTAD 23C , SAN DIEGO, CA 92154-5216","7373 Engineer Rd, Suite A, San Diego, California, 92111",100.0,-117.159167936612,32.827166767245
1994009951,T & L FOOD INC,CORP,7373 ENGINEER RD A ,SAN DIEGO,CA,92111-1425,4224,GROCERY & RELATED PRODUCT WHSLE,Wholesale Trade,Core,"7373 ENGINEER RD A , SAN DIEGO, CA 92111-1425","10145 Via de la Amistad, San Diego, California, 92154",99.27,-116.928276343703,32.552719704133
2025015993,T AND T SHEET METAL,SOLE,3309 60TH ST ,SAN DIEGO,CA,92105-3902,3329,OTHER FABRICATED METAL PRODUCT MFG,Manufacturing,Core,"3309 60TH ST , SAN DIEGO, CA 92105-3902","995 Bay Blvd, Suite 106, Chula Vista, California, 91911",100.0,-117.091998801144,32.611887265282
2025021830,T AND T SHEET METAL LLC,LLC,995 BAY BLVD 106 ,CHULA VISTA,CA,91911-1682,332,FABRICATED METAL PRODUCT MFG,Manufacturing,Core,"995 BAY BLVD 106 , CHULA VISTA, CA 91911-1682","524 W Calle Primera, Suite 1000, San Ysidro, California, 92173",100.0,-117.054665552943,32.554807426666
1992011612,T M T WAREHOUSE,SOLE,524 W CALLE PRIMERA 1000 ,SAN YSIDRO,CA,92173-2836,421,"WHOLESALE TRADE, DURABLE GOODS",Wholesale Trade,Core,"524 W CALLE PRIMERA 1000 , SAN YSIDRO, CA 92173-2836","3309 60th St, San Diego, California, 92105",100.0,-117.067112511521,32.741273424002
2012056541,T MAN TRAFFIC SUPPLY,CORP,500 FRONT ST ,EL CAJON,CA,92020-4233,42149,OTH PROFESSIONAL EQUIPMENT & SUPPLIES WHSLE,Wholesale Trade,Core,"500 FRONT ST , EL CAJON, CA 92020-4233","2426 El Cajon Blvd, San Diego, California, 92104",100.0,-117.138328765118,32.755402588637
2000013169,T P AUTO REPAIR,SOLE,2426 EL CAJON BLVD ,SAN DIEGO,CA,92104-1108,48849,OTHER ROAD TRANSPORTATION SUPPORT ACTIVITIES,Transportation and Warehousing,Core,"2426 EL CAJON BLVD , SAN DIEGO, CA 92104-1108","500 Front St, El Cajon, California, 92020",100.0,-116.976733383246,32.790551345232
2021005812,T VO SERVICE COMPANY,SOLE,4875 COLE ST 57 ,SAN DIEGO,CA,92117-1829,49221,LOCAL MESSENGERS & LOCAL DELIVERY,Transportation and Warehousing,Core,"4875 COLE ST 57 , SAN DIEGO, CA 92117-1829","4875 Cole Street, #57, San Diego, California, 92117",100.0,-117.201338381134,32.834577082114
2025009689,T&A SIGNS,SOLE,739 S ATLANTIC S BLVD ,LOS ANGELES,CA,90022-3213,33995,SIGN MFG,Manufacturing,Core,"739 S ATLANTIC S BLVD , LOS ANGELES, CA 90022-3213","739 S Atlantic Blvd, Los Angeles, California, 90022",96.9,-118.156978189087,34.021523848186
